Name,Office,DistrictType,District,Party,Incumbent,Status,PhotoURL,Bio,Website,OfficialURL,Email,Phone,Facebook,Instagram,X,VolunteerURL,DonateURL,TopIssues,Active,Order
Scott D. Sandall,Utah Senate District 1,senate,1,Republican,TRUE,GENERAL,https://le.utah.gov/images/legislator/SANDASD.jpg,,,https://senate.utah.gov/sen/SANDASD/,ssandall@le.utah.gov,435-279-7551,,,,,,,TRUE,1
Claudia Bigler,Utah Senate District 1,senate,1,Democratic,FALSE,GENERAL,,,,,cbigler111@msn.com,,https://www.facebook.com/cbigler111/,https://www.instagram.com/cbigler111/,,,,,TRUE,2
Julie Quinlan,Utah Senate District 1,senate,1,Forward,FALSE,GENERAL,,,,,julieq4utah@proton.me,,,,,,,,TRUE,2
Chris H. Wilson,Utah Senate District 2,senate,2,Republican,TRUE,INCUMBENT — not on 2026 ballot,https://le.utah.gov/images/legislator/WILSOCH.jpg,,,https://senate.utah.gov/sen/WILSOCH/,cwilson@le.utah.gov,435-770-2861,,,,,,,TRUE,1
John D. Johnson,Utah Senate District 3,senate,3,Republican,TRUE,INCUMBENT — not on 2026 ballot,https://le.utah.gov/images/legislator/JOHNSJD.jpg,,,https://senate.utah.gov/sen/JOHNSJD/,jjohnson@le.utah.gov,385-272-7428,,,,,,,TRUE,1
Calvin R. Musselman,Utah Senate District 4,senate,4,Republican,TRUE,INCUMBENT — not on 2026 ballot,https://le.utah.gov/images/legislator/MUSSECR.jpg,,,https://senate.utah.gov/sen/MUSSECR/,cmusselman@le.utah.gov,801-941-6188,,,,,,,TRUE,1
Ann Millner,Utah Senate District 5,senate,5,Republican,TRUE,INCUMBENT — not on 2026 ballot,https://le.utah.gov/images/legislator/MILLNA.jpg,,,https://senate.utah.gov/sen/MILLNA/,amillner@le.utah.gov,8019003897,,,,,,,TRUE,1
Jill F. Koford,Utah Senate District 5,senate,5,Republican,FALSE,GENERAL,,,,,jill@votekoford.com,,,,,,,,TRUE,2
"""Cj"" Christina Hernandez",Utah Senate District 5,senate,5,Democratic,FALSE,GENERAL,,,https://www.cjforsenate.com/,,Info@cjforsenate.com,,https://www.facebook.com/profile.php?id=61585113681133,,,,,,TRUE,2
Jerry W Stevenson,Utah Senate District 6,senate,6,Republican,TRUE,INCUMBENT — not on 2026 ballot,https://le.utah.gov/images/legislator/STEVEJW.jpg,,,https://senate.utah.gov/sen/STEVEJW/,jwstevenson@le.utah.gov,801-678-3147,,,,,,,TRUE,1
Josh Smith,Utah Senate District 6,senate,6,Forward,FALSE,GENERAL,,,https://electjoshsmith.com,,josh4utah@gmail.com,,,,,,,,TRUE,2
Tami Tran,Utah Senate District 6,senate,6,Republican,FALSE,GENERAL,,,https://vote4tami.com,,vote4tami@gmail.com,,,,,,,,TRUE,2
Jared Neal,Utah Senate District 6,senate,6,Democratic,FALSE,GENERAL,,,https://www.nealforutah.com/,,Jaredneal24@gmail.com,,https://www.facebook.com/profile.php?id=61587273723865,https://www.instagram.com/nealforutah/,,,,,TRUE,2
J. Stuart Adams,Utah Senate District 7,senate,7,Republican,TRUE,INCUMBENT — not on 2026 ballot,https://le.utah.gov/images/legislator/ADAMSJS.jpg,,,https://senate.utah.gov/sen/ADAMSJS/,jsadams@le.utah.gov,,,,,,,,TRUE,1
Stephanie Hollist,Utah Senate District 7,senate,7,Republican,FALSE,GENERAL,,,,,voteforstephaniehollist@gmail.com,,,,,,,,TRUE,2
Jeffrey Ostler,Utah Senate District 7,senate,7,Constitution,FALSE,GENERAL,,,,,,,,,,,,,TRUE,2
Garret Rushforth,Utah Senate District 7,senate,7,Democratic,FALSE,GENERAL,,,https://voterushforth.com/,,garretrush47@gmail.com,,https://www.facebook.com/people/Rushforth-for-Utah-Senate/61589025790787/,https://www.instagram.com/rushforth4utah,,,,,TRUE,2
Todd Weiler,Utah Senate District 8,senate,8,Republican,TRUE,INCUMBENT — not on 2026 ballot,https://le.utah.gov/images/legislator/WEILET.jpg,,,https://senate.utah.gov/sen/WEILET/,tweiler@le.utah.gov,801-599-9823,,,,,,,TRUE,1
Jen Plumb,Utah Senate District 9,senate,9,Democratic,TRUE,GENERAL,https://le.utah.gov/images/legislator/PLUMBJ.jpg,,https://www.jenplumb.com/,https://senate.utah.gov/sen/PLUMBJ/,jplumb@le.utah.gov,801-870-0228,http://www.facebook.com/votejenplumb,https://www.instagram.com/vote_jen_plumb/,https://twitter.com/jennifer_plumb,,,,TRUE,1
Thaddeus A Evans,Utah Senate District 9,senate,9,Republican,FALSE,GENERAL,,,,,thaddeus.evans12@gmail.com,,,,,,,,TRUE,2
J. Lowry Snow,Utah Senate District 9,senate,9,Forward,FALSE,GENERAL,,,,,jlowry@jlowrysnow-forward.com,,,,,,,,TRUE,2
Luz Escamilla,Utah Senate District 10,senate,10,Democratic,TRUE,INCUMBENT — not on 2026 ballot,https://le.utah.gov/images/legislator/ESCAML.jpg,,,https://senate.utah.gov/sen/ESCAML/,lescamilla@le.utah.gov,801-550-6434,,,,,,,TRUE,1
Emily Buss,Utah Senate District 11,senate,11,F,TRUE,GENERAL,https://le.utah.gov/images/legislator/BUSSEM.jpg,,,https://senate.utah.gov/sen/BUSSEM/,ebuss@le.utah.gov,801-598-4734,,,,,,,TRUE,1
Brooks Benson,Utah Senate District 11,senate,11,Republican,FALSE,GENERAL,,,,,brooksbenson@brooksbenson4utah.com,,,,,,,,TRUE,2
Karen Kwan,Utah Senate District 12,senate,12,Democratic,TRUE,GENERAL,https://le.utah.gov/images/legislator/KWANK.jpg,,https://kwanforsenate.com/,https://senate.utah.gov/sen/KWANK/,kkwan@le.utah.gov,385-249-0683,https://www.facebook.com/RepKarenKwan,https://www.instagram.com/senkarenkwan12/,,,,,TRUE,1
Deidre Tyler,Utah Senate District 12,senate,12,Republican,FALSE,GENERAL,,,,,datyler979@gmail.com,,,,,,,,TRUE,2
Nate Blouin,Utah Senate District 13,senate,13,Democratic,TRUE,INCUMBENT — not on 2026 ballot,https://le.utah.gov/images/legislator/BLOUIN.jpg,,,https://senate.utah.gov/sen/BLOUIN/,nblouin@le.utah.gov,801-597-2409,,,,,,,TRUE,1
Colin Smith,Utah Senate District 13,senate,13,Forward,FALSE,GENERAL,,,,,colin.5329@gmail.com,,,,,,,,TRUE,2
Ryan L. Mahoney,Utah Senate District 13,senate,13,Republican,FALSE,GENERAL,,,,,ryan.mahoney4utah@gmail.com,,,,,,,,TRUE,2
Silvia Catten,Utah Senate District 13,senate,13,Democratic,FALSE,GENERAL,,,https://www.silviacatten.com/,,silviacatten@gmail.com,,http://facebook.com/silviaforutah,http://instagram.com/utahsilvia,,,,,TRUE,2
Stephanie Pitcher,Utah Senate District 14,senate,14,Democratic,TRUE,GENERAL,https://le.utah.gov/images/legislator/PITCHS.jpg,,https://www.electstephanie.com/,https://senate.utah.gov/sen/PITCHS/,spitcher@le.utah.gov,385-272-8032,,,,,,,TRUE,1
Kathleen A. Riebe,Utah Senate District 15,senate,15,Democratic,TRUE,INCUMBENT — not on 2026 ballot,https://le.utah.gov/images/legislator/RIEBEK.jpg,,,https://senate.utah.gov/sen/RIEBEK/,kriebe@le.utah.gov,801-599-5753,,,,,,,TRUE,1
Wayne A. Harper,Utah Senate District 16,senate,16,Republican,TRUE,INCUMBENT — not on 2026 ballot,https://le.utah.gov/images/legislator/HARPEWA.jpg,,,https://senate.utah.gov/sen/HARPEWA/,wharper@le.utah.gov,,,,,,,,TRUE,1
Lincoln Fillmore,Utah Senate District 17,senate,17,Republican,TRUE,INCUMBENT — not on 2026 ballot,https://le.utah.gov/images/legislator/FILLML.jpg,,,https://senate.utah.gov/sen/FILLML/,lfillmore@le.utah.gov,801-548-0144,,,,,,,TRUE,1
Daniel McCay,Utah Senate District 18,senate,18,Republican,TRUE,INCUMBENT — not on 2026 ballot,https://le.utah.gov/images/legislator/MCCAYD.jpg,,,https://senate.utah.gov/sen/MCCAYD/,dmccay@le.utah.gov,801-810-4110,,,,,,,TRUE,1
A Dane Anderson,Utah Senate District 18,senate,18,Democratic,FALSE,GENERAL,,,https://www.dane4utah.win/,,anthony.dane.anderson@gmail.com,,,,,,,,TRUE,2
Doug Fiefia,Utah Senate District 18,senate,18,Republican,FALSE,GENERAL,,,,,dougfiefia@gmail.com,,,,,,,,TRUE,2
Kirk A. Cullimore,Utah Senate District 19,senate,19,Republican,TRUE,GENERAL,https://le.utah.gov/images/legislator/CULLIKA.jpg,,,https://senate.utah.gov/sen/CULLIKA/,kcullimore@le.utah.gov,385-867-9474,,,,,,,TRUE,1
Shana Anderson,Utah Senate District 19,senate,19,Democratic,FALSE,GENERAL,,,https://www.andersonforutah.com/,,andersonforsenate19@gmail.com,,,,,,,,TRUE,2
Ronald M. Winterton,Utah Senate District 20,senate,20,Republican,TRUE,GENERAL,https://le.utah.gov/images/legislator/WINTER.jpg,,,https://senate.utah.gov/sen/WINTER/,rwinterton@le.utah.gov,435-299-8531,,,,,,,TRUE,1
Annette McRae,Utah Senate District 20,senate,20,Forward,FALSE,GENERAL,,,,,annettemcrae4utsenate@gmail.com,,,,,,,,TRUE,2
Brady Brammer,Utah Senate District 21,senate,21,Republican,TRUE,GENERAL,https://le.utah.gov/images/legislator/BRAMMB.jpg,,,https://senate.utah.gov/sen/BRAMMB/,bbrammer@le.utah.gov,801-709-1790,,,,,,,TRUE,1
Kandee Myers,Utah Senate District 21,senate,21,Democratic,FALSE,GENERAL,,,https://kandee4utah.com,,lulabellmoser@gmail.com,,,,,,,,TRUE,2
Wayne Woodfield,Utah Senate District 21,senate,21,Forward,FALSE,GENERAL,,,,,wayne@woodfieldfamily.org,,,,,,,,TRUE,2
Heidi Balderree,Utah Senate District 22,senate,22,Republican,TRUE,INCUMBENT — not on 2026 ballot,https://le.utah.gov/images/legislator/BALDEH.jpg,,,https://senate.utah.gov/sen/BALDEH/,hbalderree@le.utah.gov,385-910-3237,,,,,,,TRUE,1
Keith Grover,Utah Senate District 23,senate,23,Republican,TRUE,GENERAL,https://le.utah.gov/images/legislator/GROVEK.jpg,,,https://senate.utah.gov/sen/GROVEK/,keithgrover@le.utah.gov,801-319-0170,,,,,,,TRUE,1
Tucker Smith,Utah Senate District 23,senate,23,Democratic,FALSE,GENERAL,,,https://www.tuckersmithforutah.com/,,smith.tucker1@gmail.com,,,,,,,,TRUE,2
Keven J. Stratton,Utah Senate District 24,senate,24,Republican,TRUE,INCUMBENT — not on 2026 ballot,https://le.utah.gov/images/legislator/STRATKJ.jpg,,,https://senate.utah.gov/sen/STRATKJ/,kstratton@le.utah.gov,801-836-6010,https://www.facebook.com/KevenJStratton/,,https://twitter.com/KevenStratton,,,,TRUE,1
Michael K. McKell,Utah Senate District 25,senate,25,Republican,TRUE,INCUMBENT — not on 2026 ballot,https://le.utah.gov/images/legislator/MCKELMK.jpg,,,https://senate.utah.gov/sen/MCKELMK/,mmckell@le.utah.gov,801-210-1495,,,,,,,TRUE,1
David P. Hinkins,Utah Senate District 26,senate,26,Republican,TRUE,INCUMBENT — not on 2026 ballot,https://le.utah.gov/images/legislator/HINKIDP.jpg,,,https://senate.utah.gov/sen/HINKIDP/,dhinkins@le.utah.gov,4357492828,,,,,,,TRUE,1
Derrin R. Owens,Utah Senate District 27,senate,27,Republican,TRUE,INCUMBENT — not on 2026 ballot,https://le.utah.gov/images/legislator/OWENSD.jpg,,,https://senate.utah.gov/sen/OWENSD/,derrinowens@le.utah.gov,435-851-1284,,,,,,,TRUE,1
Evan J. Vickers,Utah Senate District 28,senate,28,Republican,TRUE,GENERAL,https://le.utah.gov/images/legislator/VICKEEJ.jpg,,,https://senate.utah.gov/sen/VICKEEJ/,evickers@le.utah.gov,435-817-5565,,,,,,,TRUE,1
Richard S Robillard,Utah Senate District 28,senate,28,Democratic,FALSE,GENERAL,,,https://www.robillard4senate.com/,,robillard4senate@gmail.com,,,,,,,,TRUE,2
Don L. Ipson,Utah Senate District 29,senate,29,Republican,TRUE,INCUMBENT — not on 2026 ballot,https://le.utah.gov/images/legislator/IPSONDL.jpg,,,https://senate.utah.gov/sen/IPSONDL/,dipson@le.utah.gov,435-817-5281,,,,,,,TRUE,1
Thomas W. Peterson,Utah House District 1,house,1,Republican,TRUE,GENERAL,https://le.utah.gov/images/legislator/PETERT.jpg,,,https://house.utleg.gov/rep/PETERT/,tpeterson@le.utah.gov,435-720-3516,,,,,,,TRUE,1
Jason O'Dell,Utah House District 1,house,1,Constitution,FALSE,GENERAL,,,,,,,,,,,,,TRUE,2
Chris Reid,Utah House District 1,house,1,Democratic,FALSE,GENERAL,,,,,chrisreid4hd1@gmail.com,,,,,,,,TRUE,2
Michael J. Petersen,Utah House District 2,house,2,Republican,TRUE,GENERAL,https://le.utah.gov/images/legislator/PETERM.jpg,,,https://house.utleg.gov/rep/PETERM/,mpetersen@le.utah.gov,435-770-6925,,,,,,,TRUE,1
Barbara J. Haggerty,Utah House District 2,house,2,Democratic,FALSE,GENERAL,,,https://www.haggertyforutah.com/,,barbiehaggerty@icloud.com,,https://www.facebook.com/share/1Neujautoh/,https://www.instagram.com/haggertyforutah,,,,,TRUE,2
Jason E. Thompson,Utah House District 3,house,3,Republican,TRUE,GENERAL,https://le.utah.gov/images/legislator/THOMJA.jpg,,,https://house.utleg.gov/rep/THOMJA/,jthompson@le.utah.gov,801-505-8787,,,,,,,TRUE,1
Patrick Belmont,Utah House District 3,house,3,Unaffiliated,FALSE,GENERAL,,,,,belmont4utah@gmail.com,,,,,,,,TRUE,2
Tiara Auxier,Utah House District 4,house,4,Republican,TRUE,GENERAL,https://le.utah.gov/images/legislator/AUXIET.jpg,,,https://house.utleg.gov/rep/AUXIET/,tauxier@le.utah.gov,(801) 450-3701,,,,,,,TRUE,1
Zane Woolstenhulme,Utah House District 4,house,4,Democratic,FALSE,GENERAL,,,https://www.zane4district4.com/,,zeke1152@gmail.com,,https://www.facebook.com/profile.php?id=61591922281019,https://www.instagram.com/zane4district4/,,,,,TRUE,2
Casey Snider,Utah House District 5,house,5,Republican,TRUE,GENERAL,https://le.utah.gov/images/legislator/SNIDEC.jpg,,,https://house.utleg.gov/rep/SNIDEC/,csnider@le.utah.gov,435-770-4081,,,,,,,TRUE,1
Kendra Penry,Utah House District 5,house,5,Democratic,FALSE,GENERAL,,,https://www.kendraforutah.com/,,Kendra.penry@gmail.com,,https://www.facebook.com/share/1KjeZeNMCt/,https://www.instagram.com/electkendrapenry,,,,,TRUE,2
Rob Bishop,Utah House District 6,house,6,Republican,TRUE,GENERAL,https://le.utah.gov/images/legislator/BISHORW.jpg,,,https://house.utleg.gov/rep/BISHORW/,rbishop@le.utah.gov,801-538-1029,,,,,,,TRUE,1
James Rich,Utah House District 6,house,6,Forward,FALSE,GENERAL,,,,,district6@chowhouse.com,,,,,,,,TRUE,2
Ryan D. Wilcox,Utah House District 7,house,7,Republican,TRUE,GENERAL,https://le.utah.gov/images/legislator/WILCORD.jpg,,,https://house.utleg.gov/rep/WILCORD/,ryanwilcox@le.utah.gov,385-600-3306,,,,,,,TRUE,1
Bianca Mittendorf,Utah House District 7,house,7,Democratic,FALSE,GENERAL,,,https://www.electbianca.com/,,info@electbianca.com,,https://www.facebook.com/electbiancahd7/,https://www.instagram.com/elect_bianca_hd7,,,,,TRUE,2
Jason B. Kyle,Utah House District 8,house,8,Republican,TRUE,GENERAL,https://le.utah.gov/images/legislator/KYLEJB.jpg,,,https://house.utleg.gov/rep/KYLEJB/,jkyle@le.utah.gov,385-394-2424,,,,,,,TRUE,1
Kim James,Utah House District 8,house,8,Democratic,FALSE,GENERAL,,,https://www.kimjamesforutah.org/,,kimjamesforutah@gmail.com,,https://www.facebook.com/kimjamesforutah,https://www.instagram.com/kimjamesforutah,,,,,TRUE,2
Libby Shelton,Utah House District 8,house,8,Forward,FALSE,GENERAL,,,,,libbyasheltonutah@gmail.com,,,,,,,,TRUE,2
Jake Sawyer,Utah House District 9,house,9,Republican,TRUE,GENERAL,https://le.utah.gov/images/legislator/SAWYEJ.jpg,,,https://house.utleg.gov/rep/SAWYEJ/,jsawyer@le.utah.gov,801-641-5928,Facebook - https://www.facebook.com/profile.php?id=61558024838137,,,,,,TRUE,1
Angela Choberka,Utah House District 9,house,9,Democratic,FALSE,GENERAL,,,https://www.angelachoberka.com/,,angela.choberka@gmail.com,,https://www.facebook.com/choberkaogdencity1/,https://www.instagram.com/angelachoberkaforutah,,,,,TRUE,2
Jill Koford,Utah House District 10,house,10,Republican,TRUE,INCUMBENT — not on 2026 ballot,https://le.utah.gov/images/legislator/KOFORJ.jpg,,,https://house.utleg.gov/rep/KOFORJ/,jkoford@le.utah.gov,801-300-2532,@JillKoford,@JILL_KOFORD,@JILLKOFORD,,,,TRUE,1
Rosemary T Lesser,Utah House District 10,house,10,Democratic,FALSE,GENERAL,,,https://www.rosemarylesser.com/,,rtlesser@gmail.com,,https://www.facebook.com/RosemaryLesserMD,https://www.instagram.com/replesserhd10/,https://x.com/replesser,,,,TRUE,2
Jim Alvey,Utah House District 10,house,10,Republican,FALSE,GENERAL,,,,,jim@alveymedia.com,,,,,,,,TRUE,2
Katy Hall,Utah House District 11,house,11,Republican,TRUE,GENERAL,https://le.utah.gov/images/legislator/HALLK.jpg,,,https://house.utleg.gov/rep/HALLK/,khall@le.utah.gov,801-834-3059,,,,,,,TRUE,1
Dave Calder,Utah House District 11,house,11,Democratic,FALSE,GENERAL,,,https://www.votedavecalder.com/,,votecalder@gmail.com,,https://www.facebook.com/dkcalder,,,,,,TRUE,2
Mike Schultz,Utah House District 12,house,12,Republican,TRUE,GENERAL,https://le.utah.gov/images/legislator/SCHULM.jpg,,,https://house.utleg.gov/rep/SCHULM/,mikeschultz@le.utah.gov,,,,,,,,TRUE,1
Anna Graff,Utah House District 12,house,12,Democratic,FALSE,GENERAL,,,https://www.electannagraff.com,,annagraff801@gmail.com,,https://www.facebook.com/ElectAnnaGraff/,https://www.instagram.com/electannagraff,,,,,TRUE,2
Karen M. Peterson,Utah House District 13,house,13,Republican,TRUE,INCUMBENT — not on 2026 ballot,https://le.utah.gov/images/legislator/PETERK.jpg,,,https://house.utleg.gov/rep/PETERK/,kpeterson@le.utah.gov,385-285-6790,,,,,,,TRUE,1
Erik R. Craythorne,Utah House District 13,house,13,Republican,FALSE,GENERAL,,,,,erik@erik4utah.com,,,,,,,,TRUE,2
Jeffrey Anderson,Utah House District 13,house,13,Democratic,FALSE,GENERAL,,,https://jeffandersonforutahhouse.com,,Jeffrey.Anderson4HD13@gmail.com,,,,,,,,TRUE,2
Tony De Mille,Utah House District 13,house,13,Forward,FALSE,GENERAL,,,,,vote4bigtony@gmail.com,,,,,,,,TRUE,2
Karianne Lisonbee,Utah House District 14,house,14,Republican,TRUE,INCUMBENT — not on 2026 ballot,https://le.utah.gov/images/legislator/LISONK.jpg,,,https://house.utleg.gov/rep/LISONK/,karilisonbee@le.utah.gov,801-589-2934,,,,,,,TRUE,1
John Taylor,Utah House District 14,house,14,Republican,FALSE,GENERAL,,,https://johntaylor4utah.com,,johntaylor4utah@gmail.com,,,,,,,,TRUE,2
Brandon Young,Utah House District 14,house,14,Democratic,FALSE,GENERAL,,,https://www.youngforhouse.com/,,Bydirectorssp@mac.com,,https://www.facebook.com/people/Brandon-Young-for-Utah-House-District-14/61577546979131/,,,,,,TRUE,2
Ariel Defay,Utah House District 15,house,15,Republican,TRUE,GENERAL,https://le.utah.gov/images/legislator/DEFAYA.jpg,,,https://house.utleg.gov/rep/DEFAYA/,adefay@le.utah.gov,801-793-8944,,,,,,,TRUE,1
Anne Berbert,Utah House District 15,house,15,Democratic,FALSE,GENERAL,,,https://www.voteanneberbert.com/,,voteanneberbert@gmail.com,,https://www.facebook.com/people/Vote-Anne-Berbert/61588326052667/,https://www.instagram.com/voteanneberbert,,,,,TRUE,2
Abigail Treasure,Utah House District 16,house,16,Democratic,FALSE,GENERAL,,,https://www.atreasure4ut.com/,,atreasure4ut@gmail.com,,https://www.facebook.com/people/A-Treasure-4-UT/61583975604479/,https://www.instagram.com/atreasure4ut/,,,,,TRUE,2
Bob J Stevenson,Utah House District 16,house,16,Republican,FALSE,GENERAL,,,,,,,,,,,,,TRUE,2
Stewart E. Barlow,Utah House District 17,house,17,Republican,TRUE,INCUMBENT — not on 2026 ballot,https://le.utah.gov/images/legislator/BARLOSE.jpg,,,https://house.utleg.gov/rep/BARLOSE/,sbarlow@le.utah.gov,,https://www.facebook.com/stewart.barlow.92?fref=pb&hc_location=profile_browser,,,,,,TRUE,1
Lili Bitner,Utah House District 17,house,17,Republican,FALSE,GENERAL,,,https://votebitner.com,,lili@votebitner.com,,,,,,,,TRUE,2
Eric Last,Utah House District 17,house,17,Democratic,FALSE,GENERAL,,,https://ericlast.com/,,ericlast1@gmail.com,,https://www.facebook.com/people/Eric-Last-for-Utah-HD17/61587108901980/,https://www.instagram.com/ericlast4utah/,,,,,TRUE,2
Paul A. Cutler,Utah House District 18,house,18,Republican,TRUE,GENERAL,https://le.utah.gov/images/legislator/CUTLEP.jpg,,,https://house.utleg.gov/rep/CUTLEP/,pcutler@le.utah.gov,801-923-4618,,,,,,,TRUE,1
Scott Troxel,Utah House District 18,house,18,Democratic,FALSE,GENERAL,,,https://troxelforutah.com/,,scotrox@gmail.com,,https://www.facebook.com/share/1E2QndzE3H/,,,,,,TRUE,2
Raymond P. Ward,Utah House District 19,house,19,Republican,TRUE,GENERAL,https://le.utah.gov/images/legislator/WARDR.jpg,,,https://house.utleg.gov/rep/WARDR/,rayward@le.utah.gov,,https://www.facebook.com/raymond.ward.121?fref=ts,,,,,,TRUE,1
Melissa G. Ballard,Utah House District 20,house,20,Republican,TRUE,GENERAL,https://le.utah.gov/images/legislator/BALLAMG.jpg,,,https://house.utleg.gov/rep/BALLAMG/,mballard@le.utah.gov,801-633-6561,,,,,,,TRUE,1
Phil Graves,Utah House District 20,house,20,Democratic,FALSE,GENERAL,,,https://electphilgraves.com/,,phillyg801@yahoo.com,,,,,,,,TRUE,2
Sandra Hollins,Utah House District 21,house,21,Democratic,TRUE,INCUMBENT — not on 2026 ballot,https://le.utah.gov/images/legislator/HOLLIS.jpg,,,https://house.utleg.gov/rep/HOLLIS/,shollins@le.utah.gov,,,,,,,,TRUE,1
Stephen Otterstrom,Utah House District 21,house,21,Democratic,FALSE,GENERAL,,,https://www.stephenforslc.com/,,stephen.otterstrom@gmail.com,,https://www.facebook.com/stephenforslc,https://www.instagram.com/stephenforslc,,,,,TRUE,2
Jennifer Dailey-Provost,Utah House District 22,house,22,Democratic,TRUE,GENERAL,https://le.utah.gov/images/legislator/DAILEJ.jpg,,https://jenforutah.com/,https://house.utleg.gov/rep/DAILEJ/,jdprovost@le.utah.gov,385-321-7827,https://www.facebook.com/jenforutah/about,https://www.instagram.com/jenforutah/,https://x.com/jenforutah,,,,TRUE,1
Char Varga,Utah House District 22,house,22,Republican,FALSE,GENERAL,,,,,,,,,,,,,TRUE,2
Hoang Nguyen,Utah House District 23,house,23,Democratic,TRUE,GENERAL,https://le.utah.gov/images/legislator/NGUYEH.jpg,,https://hoangforhouse.com/,https://house.utleg.gov/rep/NGUYEH/,hnguyen@le.utah.gov,801-538-1029,https://www.facebook.com/hoang.nguyen.616613/,https://www.instagram.com/rephoang_ut23/,,,,,TRUE,1
Cabot W Nelson,Utah House District 23,house,23,Forward,FALSE,GENERAL,,,,,cabot.nelson@yahoo.com,,,,,,,,TRUE,2
Franklin D. Robinson,Utah House District 23,house,23,Republican,FALSE,GENERAL,,,,,,,,,,,,,TRUE,2
Grant Amjad Miller,Utah House District 24,house,24,Democratic,TRUE,GENERAL,https://le.utah.gov/images/legislator/MILLGR.jpg,,https://www.grantmillerforhouse24.com/,https://house.utleg.gov/rep/MILLGR/,gmiller@le.utah.gov,801-520-0099,,https://www.instagram.com/grantistheguy,grantistheguy_,,,,TRUE,1
Braeden J. Oswald,Utah House District 24,house,24,Republican,FALSE,GENERAL,,,,,ozwicky@hotmail.com,,,,,,,,TRUE,2
Angela Romero,Utah House District 25,house,25,Democratic,TRUE,GENERAL,https://le.utah.gov/images/legislator/ROMERAY.jpg,,https://www.angelaromero.com/,https://house.utleg.gov/rep/ROMERAY/,angelaromero@le.utah.gov,801-538-1408,https://www.facebook.com/RepAngelaRomero,https://www.instagram.com/repangelaromero/,https://x.com/RepAngelaRomero,,,,TRUE,1
Richard T Nowak,Utah House District 25,house,25,Republican,FALSE,GENERAL,,,,,asapbirds@live.com,,,,,,,,TRUE,2
Matt MacPherson,Utah House District 26,house,26,Republican,TRUE,GENERAL,https://le.utah.gov/images/legislator/MACPHM.jpg,,,https://house.utleg.gov/rep/MACPHM/,mmacpherson@le.utah.gov,,,,,,,,TRUE,1
Michael E Finch,Utah House District 26,house,26,Democratic,FALSE,GENERAL,,,https://www.votefinch.com/,,mfinch7@gmail.com,,https://www.facebook.com/michael.e.finch,https://www.instagram.com/votefinch/,,,,,TRUE,2
Anthony E. Loubet,Utah House District 27,house,27,Republican,TRUE,GENERAL,https://le.utah.gov/images/legislator/LOUBEA.jpg,,,https://house.utleg.gov/rep/LOUBEA/,aloubet@le.utah.gov,801-657-0466,,,,,,,TRUE,1
Liz Oates,Utah House District 27,house,27,Democratic,FALSE,GENERAL,,,https://www.lizforutah.com/,,liz@lizforutah.com,,https://www.facebook.com/lizforutah,https://www.instagram.com/lizforutah,,,,,TRUE,2
Nicholeen P. Peck,Utah House District 28,house,28,Republican,TRUE,GENERAL,https://le.utah.gov/images/legislator/PECKNI.jpg,,,https://house.utleg.gov/rep/PECKNI/,npeck@le.utah.gov,801-834-5495,,,,,,,TRUE,1
Wales Nematollahi,Utah House District 28,house,28,Forward,FALSE,GENERAL,,,,,,,,,,,,,TRUE,2
Anita Dalrymple,Utah House District 28,house,28,Democratic,FALSE,GENERAL,,,https://anitadalrymple4utah.vote/,,anitad4utahhouse@rocks4u.com,,https://www.facebook.com/anita.dalrymple.2025/,,,,,,TRUE,2
Bridger Bolinder,Utah House District 29,house,29,Republican,TRUE,INCUMBENT — not on 2026 ballot,https://le.utah.gov/images/legislator/BOLINB.jpg,,,https://house.utleg.gov/rep/BOLINB/,bbolinder@le.utah.gov,435-255-3093,,,,,,,TRUE,1
Sheldon Birch,Utah House District 29,house,29,Republican,FALSE,GENERAL,,,,,sheldon4house29@gmail.com,,,,,,,,TRUE,2
Sara Snow,Utah House District 29,house,29,Democratic,FALSE,GENERAL,,,https://saraforutah.com,,sara@saraforutah.com,,https://www.facebook.com/SaraForUtah,https://www.instagram.com/saraforutah/,https://x.com/saraforutah,,,,TRUE,2
Tynley Bean,Utah House District 29,house,29,Forward,FALSE,GENERAL,,,,,tynleybean@gmail.com,,,,,,,,TRUE,2
Jonathan Garrard,Utah House District 29,house,29,Constitution,FALSE,GENERAL,,,,,vote4garrard@yahoo.com,,,,,,,,TRUE,2
Jake Fitisemanu,Utah House District 30,house,30,Democratic,TRUE,GENERAL,https://le.utah.gov/images/legislator/FITISJ.jpg,,https://www.jakeforutah.com/,https://house.utleg.gov/rep/FITISJ/,jfitisemanu@le.utah.gov,801-633-4546,https://www.facebook.com/JakeForUT/,https://www.instagram.com/jake_fitisemanu_for_utah,,,,,TRUE,1
Dave Parke,Utah House District 30,house,30,Republican,FALSE,GENERAL,,,,,daveparke@hotmail.com,,,,,,,,TRUE,2
Verona Mauga,Utah House District 31,house,31,Democratic,TRUE,GENERAL,https://le.utah.gov/images/legislator/MAUGAV.jpg,,https://www.voteverona.com/,https://house.utleg.gov/rep/MAUGAV/,vmauga@le.utah.gov,801-573-8279,https://www.facebook.com/profile.php?id=100089455034679,https://www.instagram.com/veronamauga/,,,,,TRUE,1
Melody Jones,Utah House District 31,house,31,Republican,FALSE,GENERAL,,,,,,,,,,,,,TRUE,2
Sahara Hayes,Utah House District 32,house,32,Democratic,TRUE,GENERAL,https://le.utah.gov/images/legislator/HAYESS.jpg,,https://www.votesahara.com/,https://house.utleg.gov/rep/HAYESS/,shayes@le.utah.gov,801-657-0395,https://www.facebook.com/votesahara,https://www.instagram.com/votesahara/,,,,,TRUE,1
Aileen Hampton,Utah House District 32,house,32,Republican,FALSE,GENERAL,,,,,aileen@voteforaileen.org,,,,,,,,TRUE,2
Doug Owens,Utah House District 33,house,33,Democratic,TRUE,GENERAL,https://le.utah.gov/images/legislator/OWENSDO.jpg,,https://www.dougowens.com/,https://house.utleg.gov/rep/OWENSDO/,dougowens@le.utah.gov,385-499-3761,https://www.facebook.com/DougOwensUtah,https://www.instagram.com/dougowensutah/,https://x.com/DougOwensUtah,,,,TRUE,1
Anna Reeves,Utah House District 33,house,33,Republican,FALSE,GENERAL,,,,,district33annareeves@outlook.com,,,,,,,,TRUE,2
Carol S. Moss,Utah House District 34,house,34,Democratic,TRUE,INCUMBENT — not on 2026 ballot,https://le.utah.gov/images/legislator/MOSSCS.jpg,,,https://house.utleg.gov/rep/MOSSCS/,csmoss@le.utah.gov,801-647-8764,https://www.facebook.com/RepCarolMoss,,https://twitter.com/repcarolmoss?lang=en,,,,TRUE,1
Julie Jackson,Utah House District 34,house,34,Democratic,FALSE,GENERAL,,,https://www.juliejacksonforutah.com/,,julejack@gmail.com,,,,,,,,TRUE,2
Rosalba Dominguez,Utah House District 35,house,35,Democratic,TRUE,GENERAL,https://le.utah.gov/images/legislator/DOMINR.jpg,,https://www.voterosalba.com/,https://house.utleg.gov/rep/DOMINR/,rdominguez@le.utah.gov,801-419-3283,https://www.facebook.com/VoteRosalbaDominguez/?ref=NONE_xav_ig_profile_page_web,https://www.instagram.com/rosalbadominguez_/,,,,,TRUE,1
Monique I. Ketcham,Utah House District 35,house,35,Republican,FALSE,GENERAL,,,,,monique4office@gmail.com,,,,,,,,TRUE,2
James A. Dunnigan,Utah House District 36,house,36,Republican,TRUE,GENERAL,https://le.utah.gov/images/legislator/DUNNIJA.jpg,,,https://house.utleg.gov/rep/DUNNIJA/,jdunnigan@le.utah.gov,801-840-1800,https://www.facebook.com/JimDunniganPage/,,https://twitter.com/RepJimDunnigan,,,,TRUE,1
Blake Townsend,Utah House District 36,house,36,Democratic,FALSE,GENERAL,,,https://www.blakeforhouse36.com/,,blaketownsendforoffice@gmail.com,,,,,,,,TRUE,2
Ashlee Matthews,Utah House District 37,house,37,Democratic,TRUE,GENERAL,https://le.utah.gov/images/legislator/MATTHA.jpg,,http://www.ashleeforutah.com/,https://house.utleg.gov/rep/MATTHA/,amatthews@le.utah.gov,801-538-1029,https://www.facebook.com/AshleeforUtah/,https://www.instagram.com/ashleeforutah/,,,,,TRUE,1
Casey Saxton,Utah House District 37,house,37,Republican,FALSE,GENERAL,,,,,caseysaxtonut@gmail.com,,,,,,,,TRUE,2
Cheryl K. Acton,Utah House District 38,house,38,Republican,TRUE,INCUMBENT — not on 2026 ballot,https://le.utah.gov/images/legislator/ACTONCK.jpg,,,https://house.utleg.gov/rep/ACTONCK/,cacton@le.utah.gov,801-809-3571,,,,,,,TRUE,1
Sergio Sotelo,Utah House District 38,house,38,Unaffiliated,FALSE,GENERAL,,,,,,,,,,,,,TRUE,2
Chris McConnehey,Utah House District 38,house,38,Republican,FALSE,GENERAL,,,,,westjordanchris@gmail.com,,,,,,,,TRUE,2
Ken Ivory,Utah House District 39,house,39,Republican,TRUE,GENERAL,https://le.utah.gov/images/legislator/IVORYK.jpg,,,https://house.utleg.gov/rep/IVORYK/,kivory@le.utah.gov,801-694-8380,https://www.facebook.com/ken.ivory.3?fref=nf,,https://twitter.com/KenIvoryUT,,,,TRUE,1
Drew Howells,Utah House District 39,house,39,Democratic,FALSE,GENERAL,,,https://www.howells4utah.com/,,Drew@howells4utah.com,,https://www.facebook.com/profile.php?id=61586146647506,https://www.instagram.com/howells4utah,,,,,TRUE,2
Andrew Stoddard,Utah House District 40,house,40,Democratic,TRUE,GENERAL,https://le.utah.gov/images/legislator/STODDA.jpg,,https://www.voteandrewstoddard.com/,https://house.utleg.gov/rep/STODDA/,astoddard@le.utah.gov,385-256-3281,,,,,,,TRUE,1
John Arthur,Utah House District 41,house,41,Democratic,TRUE,GENERAL,https://le.utah.gov/images/legislator/ARTHUJ.jpg,,https://www.votejohnarthur.com/,https://house.utleg.gov/rep/ARTHUJ/,jarthur@le.utah.gov,801-518-3407,https://www.facebook.com/VoteJohnArthur/,https://www.instagram.com/votejohnarthur,https://x.com/9thEvermore,,,,TRUE,1
Darren Croft,Utah House District 41,house,41,Republican,FALSE,GENERAL,,,,,dvcroft@gmail.com,,,,,,,,TRUE,2
Clinton Okerlund,Utah House District 42,house,42,Republican,TRUE,GENERAL,https://le.utah.gov/images/legislator/OKERLC.jpg,,,https://house.utleg.gov/rep/OKERLC/,cokerlund@le.utah.gov,801-999-8605,,,,,,,TRUE,1
Iva Williams,Utah House District 42,house,42,Democratic,FALSE,GENERAL,,,https://electivawilliams.com,,electivawilliams@gmail.com,,https://www.facebook.com/profile.php?id=61576659737119,,,,,,TRUE,2
Steve Eliason,Utah House District 43,house,43,Republican,TRUE,GENERAL,https://le.utah.gov/images/legislator/ELIASS.jpg,,,https://house.utleg.gov/rep/ELIASS/,seliason@le.utah.gov,801-673-4748,https://www.facebook.com/VoteSteveEliason/,,https://twitter.com/steveeliason,,,,TRUE,1
Ofa Matagi,Utah House District 43,house,43,Democratic,FALSE,GENERAL,,,,,ofaforsandyhd43@gmail.com,,,,,,https://secure.actblue.com/donate/ofa-matagi-1,,TRUE,2
Jordan D. Teuscher,Utah House District 44,house,44,Republican,TRUE,GENERAL,https://le.utah.gov/images/legislator/TEUSCJ.jpg,,,https://house.utleg.gov/rep/TEUSCJ/,jteuscher@le.utah.gov,801-810-6170,https://www.facebook.com/jordanforutah,,https://twitter.com/jordanteuscher,,,,TRUE,1
Jess Birtcher,Utah House District 44,house,44,Democratic,FALSE,GENERAL,,,https://www.yes2jesshd44.com/,,jbirtcher@comcast.net,,https://www.facebook.com/yes2jesshd44/,https://www.instagram.com/yes2jesshd44/,,,,,TRUE,2
Tracy Miller,Utah House District 45,house,45,Republican,TRUE,GENERAL,https://le.utah.gov/images/legislator/MILLET.jpg,,,https://house.utleg.gov/rep/MILLET/,tmiller@le.utah.gov,(801) 707-5768,Tracy Miller for Utah House District 45,tracyforutah,@tjmiller2004,,,,TRUE,1
Rod Moser,Utah House District 45,house,45,Democratic,FALSE,GENERAL,,,https://www.utahgrit.com,,rod@utahgrit.com,,https://www.facebook.com/RodMoser.UtahGrit/,https://www.instagram.com/utah.grit/,,,,,TRUE,2
Calvin Roberts,Utah House District 46,house,46,Republican,TRUE,GENERAL,https://le.utah.gov/images/legislator/ROBERC.jpg,,,https://house.utleg.gov/rep/ROBERC/,croberts@le.utah.gov,,https://www.facebook.com/calroberts4draper/,,,,,,TRUE,1
Braxten Rutherford,Utah House District 46,house,46,Democratic,FALSE,GENERAL,,,,,braxten@me.com,,,,,,,,TRUE,2
Mark A. Strong,Utah House District 47,house,47,Republican,TRUE,GENERAL,https://le.utah.gov/images/legislator/STRONMA.jpg,,,https://house.utleg.gov/rep/STRONMA/,mstrong@le.utah.gov,385-275-5682,,,,,,,TRUE,1
Doug Fiefia,Utah House District 48,house,48,Republican,TRUE,INCUMBENT — not on 2026 ballot,https://le.utah.gov/images/legislator/FIEFID.jpg,,,https://house.utleg.gov/rep/FIEFID/,dfiefia@le.utah.gov,,,@doug_fiefia,@DougFiefia,,,,TRUE,1
Benyde Walker,Utah House District 48,house,48,Democratic,FALSE,GENERAL,,,https://www.benydewalker.com/,,benyde.airam@gmail.com,,,https://www.instagram.com/benydewalker/,,,,,TRUE,2
Jake Hunsaker,Utah House District 48,house,48,Republican,FALSE,GENERAL,,,,,jakehunsaker1@gmail.com,,,,,,,,TRUE,2
Candice B. Pierucci,Utah House District 49,house,49,Republican,TRUE,GENERAL,https://le.utah.gov/images/legislator/PIERUC.jpg,,,https://house.utleg.gov/rep/PIERUC/,cpierucci@le.utah.gov,385-414-1488,,,,,,,TRUE,1
Lillian Bowles,Utah House District 49,house,49,Democratic,FALSE,GENERAL,,,https://www.lillianbowles.com/,,lillianbowles@gmail.com,,https://www.facebook.com/lillian.bowles,https://www.instagram.com/electlillianbowles/,,,,,TRUE,2
Stephanie Gricius,Utah House District 50,house,50,Republican,TRUE,GENERAL,https://le.utah.gov/images/legislator/GRICIS.jpg,,,https://house.utleg.gov/rep/GRICIS/,sgricius@le.utah.gov,801-901-8251,,,,,,,TRUE,1
Kristin Meyer,Utah House District 50,house,50,Democratic,FALSE,GENERAL,,,https://meyerforhd50.com/,,kristin@meyerforhd50.com,,https://www.facebook.com/meyerforhd50/,https://www.instagram.com/meyerforhd50,,,,,TRUE,2
Leah Hansen,Utah House District 51,house,51,Republican,TRUE,GENERAL,https://le.utah.gov/images/legislator/LHANSEN.jpg,,,https://house.utleg.gov/rep/LHANSEN/,lhansen@le.utah.gov,385-418-9942,Leah Tonga Hansen,@Leah.Hansen,,,,,TRUE,1
Brett Nielsen,Utah House District 51,house,51,Democratic,FALSE,GENERAL,,,https://www.brettforutah.com/,,brett@brettforutah.com,,https://www.facebook.com/brettforutah,https://www.instagram.com/brettforutah,,,,,TRUE,2
A. Cory Maloy,Utah House District 52,house,52,Republican,TRUE,GENERAL,https://le.utah.gov/images/legislator/MALOYC.jpg,,,https://house.utleg.gov/rep/MALOYC/,corymaloy@le.utah.gov,801-477-0019,https://www.facebook.com/RepCoryMaloy/,,https://twitter.com/corymaloy1,,,,TRUE,1
Nicole Melling,Utah House District 52,house,52,Democratic,FALSE,GENERAL,,,https://standup-utah.com/,,nicolemelling@gmail.com,,https://www.facebook.com/profile.php?id=61587439847541,https://www.instagram.com/standuputah/,,,,,TRUE,2
Kay J. Christofferson,Utah House District 53,house,53,Republican,TRUE,GENERAL,https://le.utah.gov/images/legislator/CHRISKJ.jpg,,,https://house.utleg.gov/rep/CHRISKJ/,kchristofferson@le.utah.gov,801-592-5709,https://www.facebook.com/kaychristofferson.fiftysix/,,,,,,TRUE,1
Kevin R Slater,Utah House District 53,house,53,Democratic,FALSE,GENERAL,,,https://www.kevinslaterutahhouse53.org/,,retals_nivek@msn.com,,,,,,,,TRUE,2
John Boyd,Utah House District 53,house,53,Forward,FALSE,GENERAL,,,,,john@jbforutah.com,,,,,,,,TRUE,2
Kristen Chevrier,Utah House District 54,house,54,Republican,TRUE,GENERAL,https://le.utah.gov/images/legislator/CHEVRK.jpg,,,https://house.utleg.gov/rep/CHEVRK/,kchevrier@le.utah.gov,801-520-6773,,,,,,,TRUE,1
Kristina Robinson,Utah House District 54,house,54,Democratic,FALSE,GENERAL,,,https://campaignkristina.com/,,kristina@campaignkristina.com,,,,,,,,TRUE,2
Jon Hawkins,Utah House District 55,house,55,Republican,TRUE,GENERAL,https://le.utah.gov/images/legislator/HAWKIJ.jpg,,,https://house.utleg.gov/rep/HAWKIJ/,jhawkins@le.utah.gov,801-368-2534,,,,,,,TRUE,1
Travis Hysell,Utah House District 55,house,55,Democratic,FALSE,GENERAL,,,https://www.votehysell.com/,,travis.hysell@gmail.com,,,,,,,,TRUE,2
Val L. Peterson,Utah House District 56,house,56,Republican,TRUE,GENERAL,https://le.utah.gov/images/legislator/PETERVL.jpg,,,https://house.utleg.gov/rep/PETERVL/,vpeterson@le.utah.gov,,https://www.facebook.com/Val-Peterson-122130654480343/,,,,,,TRUE,1
Natassja Grossman,Utah House District 56,house,56,Democratic,FALSE,GENERAL,,,https://natassjagrossman.com/,,natassjamgrossman@gmail.com,,,https://www.instagram.com/natassja.grossman.4utah/,,,,,TRUE,2
Nelson T. Abbott,Utah House District 57,house,57,Republican,TRUE,GENERAL,https://le.utah.gov/images/legislator/ABBOTN.jpg,,,https://house.utleg.gov/rep/ABBOTN/,nabbott@le.utah.gov,385-358-3269,,,,,,,TRUE,1
David Shallenberger,Utah House District 58,house,58,Republican,TRUE,GENERAL,https://le.utah.gov/images/legislator/SHALLD.jpg,,,https://house.utleg.gov/rep/SHALLD/,dshallenberger@le.utah.gov,801-214-5989,,,,,,,TRUE,1
Karli Black,Utah House District 58,house,58,Democratic,FALSE,GENERAL,,,https://www.votekarliblack.com/,,karli@votekarliblack.com,,,https://www.instagram.com/votekarliblack/,,,,,TRUE,2
Mike L. Kohler,Utah House District 59,house,59,Republican,TRUE,INCUMBENT — not on 2026 ballot,https://le.utah.gov/images/legislator/KOHLEM.jpg,,,https://house.utleg.gov/rep/KOHLEM/,mkohler@le.utah.gov,801-420-6158,,,,,,,TRUE,1
Celeste T. Johnson,Utah House District 59,house,59,Democratic,FALSE,GENERAL,,,https://www.celestejohnsonforutah.com/,,celesteisinthehouse@gmail.com,,,https://www.instagram.com/celestejohnson2017/,,,,,TRUE,2
Luke Searle,Utah House District 59,house,59,Republican,FALSE,GENERAL,,,,,lukejsearle@gmail.com,,,,,,,,TRUE,2
Grant Pace,Utah House District 60,house,60,Republican,TRUE,GENERAL,https://le.utah.gov/images/legislator/PACEG.jpg,,,https://house.utleg.gov/rep/PACEG/,gpace@le.utah.gov,801-835-8860,,,,,,,TRUE,1
Lisa Shepherd,Utah House District 61,house,61,Republican,TRUE,GENERAL,https://le.utah.gov/images/legislator/SHEPHL.jpg,,,https://house.utleg.gov/rep/SHEPHL/,lshepherd@le.utah.gov,801-903-8998,LisaMShepherd,shepherdlisa,@lisamshepherd,,,,TRUE,1
Alan Jimenez,Utah House District 61,house,61,Democratic,FALSE,GENERAL,,,https://alanforutah.com/,,alanforutah@outlook.com,,https://facebook.com/alanforutah,https://instagram.com/alanforutah,https://x.com/alanforutah,,,,TRUE,2
Jennifer K Doud,Utah House District 61,house,61,Constitution,FALSE,GENERAL,,,,,jendoud@hotmail.com,,,,,,,,TRUE,2
Norman K Thurston,Utah House District 62,house,62,Republican,TRUE,GENERAL,https://le.utah.gov/images/legislator/THURSNK.jpg,,,https://house.utleg.gov/rep/THURSNK/,normthurston@le.utah.gov,801-477-5348,https://www.facebook.com/norm464/,https://www.instagram.com/normthurston64/,https://twitter.com/NormThurston?ref_src=twsrc%5Egoogle%7Ctwcamp%5Eserp%7Ctwgr%5Eauthor,,,,TRUE,1
David Chappell,Utah House District 62,house,62,Democratic,FALSE,GENERAL,,,https://www.davidforutah.com/,,info@davidforutah.com,,,https://www.instagram.com/davidforutah/,https://x.com/davidforutah,,,,TRUE,2
Stephen L. Whyte,Utah House District 63,house,63,Republican,TRUE,GENERAL,https://le.utah.gov/images/legislator/WHYTESL.jpg,,,https://house.utleg.gov/rep/WHYTESL/,swhyte@le.utah.gov,385-271-8435,,,,,,,TRUE,1
Mark Youngquist,Utah House District 63,house,63,Democratic,FALSE,GENERAL,,,,,mark4house63@gmail.com,,,,,,,,TRUE,2
Julie Smith,Utah House District 63,house,63,Forward,FALSE,GENERAL,,,,,juliestansfieldsmith@gmail.com,,,,,,,,TRUE,2
Jackie Larson,Utah House District 64,house,64,Republican,TRUE,GENERAL,https://le.utah.gov/images/legislator/LARSOJ.jpg,,,https://house.utleg.gov/rep/LARSOJ/,jlarson@le.utah.gov,801-573-7204,,,,,,,TRUE,1
Alan Wessman,Utah House District 64,house,64,Unaffiliated,FALSE,GENERAL,,,,,alan@electawessman.com,,,,,,,,TRUE,2
Doug Welton,Utah House District 65,house,65,Republican,TRUE,GENERAL,https://le.utah.gov/images/legislator/WELTOD.jpg,,,https://house.utleg.gov/rep/WELTOD/,dwelton@le.utah.gov,385-977-3870,,,,,,,TRUE,1
Troy Shelley,Utah House District 66,house,66,Republican,TRUE,GENERAL,https://le.utah.gov/images/legislator/SHELLT.jpg,,,https://house.utleg.gov/rep/SHELLT/,tshelley@le.utah.gov,801-641-0207,,,,,,,TRUE,1
Russ Hatch,Utah House District 66,house,66,Constitution,FALSE,GENERAL,,,,,rghatch@yahoo.com,,,,,,,,TRUE,2
Breanne Mashek,Utah House District 66,house,66,Democratic,FALSE,GENERAL,,,https://breannemashek.com/,,breannemashek@gmail.com,,https://www.facebook.com/breanne.mashek/,https://www.instagram.com/breanne303/,,,,,TRUE,2
Christine F. Watkins,Utah House District 67,house,67,Republican,TRUE,INCUMBENT — not on 2026 ballot,https://le.utah.gov/images/legislator/WATKICF.jpg,,,https://house.utleg.gov/rep/WATKICF/,christinewatkins@le.utah.gov,435-650-1969,https://www.facebook.com/christine.f.watkins,,https://twitter.com/RepWatkins,,,,TRUE,1
Carl Ingwell,Utah House District 67,house,67,Democratic,FALSE,GENERAL,,,https://carlforhd67.com/,,carlingwell@gmail.com,,https://www.facebook.com/CarlforHD67/,https://www.instagram.com/carl.ingwell/,https://x.com/VoteCarl,,,,TRUE,2
Jr Bird,Utah House District 67,house,67,Republican,FALSE,GENERAL,,,,,jr@jrbird.org,,,,,,,,TRUE,2
Scott H. Chew,Utah House District 68,house,68,Republican,TRUE,GENERAL,https://le.utah.gov/images/legislator/CHEWSH.jpg,,,https://house.utleg.gov/rep/CHEWSH/,scottchew@le.utah.gov,435-630-0221,,,,,,,TRUE,1
Sonya Ray,Utah House District 68,house,68,Constitution,FALSE,GENERAL,,,,,sonyaray20@yahoo.com,,,,,,,,TRUE,2
Logan Monson,Utah House District 69,house,69,Republican,TRUE,GENERAL,https://le.utah.gov/images/legislator/MONSOL.jpg,,,https://house.utleg.gov/rep/MONSOL/,lmonson@le.utah.gov,801-834-5270,Logan Monson for Utah House District 69,,,,,,TRUE,1
Tracie Yellowman Tso,Utah House District 69,house,69,Democratic,FALSE,GENERAL,,,https://www.tracieforutah.com/,,tracieforutah@gmail.com,,https://www.facebook.com/profile.php?id=61587145917680,https://www.instagram.com/tracieforutah/,https://x.com/Tracie4Utah,,,,TRUE,2
Carl R. Albrecht,Utah House District 70,house,70,Republican,TRUE,GENERAL,https://le.utah.gov/images/legislator/ALBRECR.jpg,,,https://house.utleg.gov/rep/ALBRECR/,carlalbrecht@le.utah.gov,435-979-6578,,https://www.instagram.com/hooky52/,,,,,TRUE,1
Zeno B. Parry,Utah House District 70,house,70,Forward,FALSE,GENERAL,,,,,zenoparry@gmail.com,,,,,,,,TRUE,2
Stacey D. Pendergraft,Utah House District 70,house,70,Democratic,FALSE,GENERAL,,,https://www.sdpforhd70.com,,Maleko32017@outlook.com,,,,,,,,TRUE,2
Rex P. Shipp,Utah House District 71,house,71,Republican,TRUE,GENERAL,https://le.utah.gov/images/legislator/SHIPPRP.jpg,,,https://house.utleg.gov/rep/SHIPPRP/,rshipp@le.utah.gov,435-590-1073,,,,,,,TRUE,1
Thomas Loveheart,Utah House District 71,house,71,Democratic,FALSE,GENERAL,,,https://www.voteloveheart.com/,,tomleemonroe@gmail.com,,,,,,,,TRUE,2
Joseph Elison,Utah House District 72,house,72,Republican,TRUE,GENERAL,https://le.utah.gov/images/legislator/ELISOJ.jpg,,,https://house.utleg.gov/rep/ELISOJ/,jelison@le.utah.gov,801-657-1006,,,,,,,TRUE,1
Eva M Weldon,Utah House District 72,house,72,Democratic,FALSE,GENERAL,,,,,ms.eweldon@gmail.com,,,https://www.instagram.com/weldon4utah72/,,,,,TRUE,2
April A Pinkston,Utah House District 72,house,72,Constitution,FALSE,GENERAL,,,,,flowers.books.friends@gmail.com,,,,,,,,TRUE,2
Colin W. Jack,Utah House District 73,house,73,Republican,TRUE,GENERAL,https://le.utah.gov/images/legislator/JACKC.jpg,,,https://house.utleg.gov/rep/JACKC/,cjack@le.utah.gov,435-301-4878,,,,,,,TRUE,1
Glenn D Webb,Utah House District 73,house,73,Democratic,FALSE,GENERAL,,,https://www.webb4utah.com/,,1glennwebb@gmail.com,,,,,,,,TRUE,2
R. Neil Walter,Utah House District 74,house,74,Republican,TRUE,GENERAL,https://le.utah.gov/images/legislator/WALTER.jpg,,,https://house.utleg.gov/rep/WALTER/,nwalter@le.utah.gov,435-627-5720,,,,,,,TRUE,1
Jeffrey N Lipe,Utah House District 74,house,74,Democratic,FALSE,GENERAL,,,https://www.vote4jefflipe.com/,,jeff4hd74@gmail.com,,,,,,,,TRUE,2
Walt Brooks,Utah House District 75,house,75,Republican,TRUE,GENERAL,https://le.utah.gov/images/legislator/BROOKW.jpg,,,https://house.utleg.gov/rep/BROOKW/,wbrooks@le.utah.gov,801-520-3898,https://www.facebook.com/WaltBrooksStateRep/,https://www.instagram.com/walt.brooks/,https://twitter.com/waltbrooks435,,,,TRUE,1
Rebecca Winsor,Utah House District 75,house,75,Democratic,FALSE,GENERAL,,,,,msbecwinsor@gmail.com,,,,,,,,TRUE,2
Mike Bleak,County Commissioner A,county,Iron,Republican,TRUE,GENERAL,,,,https://ironcountyut.gov/commission,,(435) 590-9666,,,,,,,TRUE,1
Paul Cozzens,County Commissioner B,county,Iron,,TRUE,INCUMBENT — not on 2026 ballot,,,,https://ironcountyut.gov/commission,,(435) 590-7618,,,,,,,TRUE,2
Wesley B. Curtis,County Commissioner B,county,Iron,Unaffiliated,FALSE,GENERAL,,,,https://ironcountyut.gov/commission,,,,,,,,,TRUE,2
K. Rand Bettridge,County Commissioner B,county,Iron,Republican,FALSE,GENERAL,,,,https://ironcountyut.gov/commission,,,,,,,,,TRUE,2
Ken Robinson,County Commissioner C,county,Iron,,TRUE,INCUMBENT — not on 2026 ballot,,,,https://ironcountyut.gov/commission,,(435) 691-5014,,,,,,,TRUE,3
Clinton Painter,County Commissioner Seat A,county,Juab,,TRUE,INCUMBENT — not on 2026 ballot,,,,https://juabcounty.gov/government/commission/,,(435) 623-3410,,,,,,,TRUE,1
J. David Fletcher,County Commissioner Seat A,county,Juab,Republican,FALSE,GENERAL,,,,https://juabcounty.gov/government/commission/,,,,,,,,,TRUE,1
Dennis K. Timm,County Commissioner Seat A,county,Juab,Constitution,FALSE,GENERAL,,,,https://juabcounty.gov/government/commission/,,,,,,,,,TRUE,1
Marty L. Palmer,County Commissioner Seat B,county,Juab,Republican,TRUE,GENERAL,,,,https://juabcounty.gov/government/commission/,,(435) 623-3410,,,,,,,TRUE,2
Marvin Kenison,County Commissioner Seat C,county,Juab,Republican,TRUE,INCUMBENT — not on 2026 ballot,,,,https://juabcounty.gov/government/commission/,,(435) 623-3410,,,,,,,TRUE,3
Vicki Lyman,Commission Seat A,county,Millard,,TRUE,INCUMBENT — not on 2026 ballot,,,,https://millardcounty.gov/your-government/elected-officials/commission/,vlyman@millardcounty.gov,435-743-6223,,,,,,,TRUE,1
Kevin Don Morris,Commission Seat A,county,Millard,Republican,FALSE,GENERAL,,,,https://millardcounty.gov/your-government/elected-officials/commission/,,,,,,,,,TRUE,1
Trevor Johnson,Commission Seat B,county,Millard,,TRUE,INCUMBENT — not on 2026 ballot,,,,https://millardcounty.gov/your-government/elected-officials/commission/,tjohnson@millardcounty.gov,435-743-6223,,,,,,,TRUE,2
Louis Howard Quackenbush II,Commission Seat B,county,Millard,Republican,FALSE,GENERAL,,,,https://millardcounty.gov/your-government/elected-officials/commission/,,,,,,,,,TRUE,2
Bill Wright,Commission Seat C,county,Millard,,TRUE,INCUMBENT — not on 2026 ballot,,,,https://millardcounty.gov/your-government/elected-officials/commission/,bwright@millardcounty.gov,435-743-6223,,,,,,,TRUE,3
Scott Wardle,County Council District 1,county,Tooele,,TRUE,INCUMBENT — not on 2026 ballot,,,,https://www.tooeleco.gov/council/council_members.php,scott.wardle@tooeleco.gov,(435) 843-3100,,,,,,,TRUE,1
Kendal Thomas,County Council District 2,county,Tooele,,TRUE,INCUMBENT — not on 2026 ballot,,,,https://www.tooeleco.gov/council/council_members.php,kendall.thomas@tooeleco.gov,(435) 843-3100,,,,,,,TRUE,2
Michael Rapich,County Council District 2,county,Tooele,Republican,FALSE,GENERAL,,,,https://www.tooeleco.gov/council/council_members.php,,,,,,,,,TRUE,2
Tye Hoffmann,County Council District 3,county,Tooele,,TRUE,INCUMBENT — not on 2026 ballot,,,,https://www.tooeleco.gov/council/council_members.php,tye.hoffmann@tooeleco.gov,(435) 843-3100,,,,,,,TRUE,3
Jared Hamner,County Council District 4,county,Tooele,,TRUE,INCUMBENT — not on 2026 ballot,,,,https://www.tooeleco.gov/council/council_members.php,jared.hamner@tooeleco.gov,(435) 843-3100,,,,,,,TRUE,4
Erik A. Stromberg,County Council District 5,county,Tooele,Republican,TRUE,GENERAL,,,,https://www.tooeleco.gov/council/council_members.php,erik.stromberg@tooeleco.gov,(435) 843-3100,,,,,,,TRUE,5
Luke Searle,County Council Seat A (At-Large),county,Wasatch,,TRUE,INCUMBENT — not on 2026 ballot,,,,https://www.wasatchcounty.gov/Directory.aspx?DID=8,LSearle@wasatch.utah.gov,(435) 657-3180,,,,,,,TRUE,1
Rachel Kahler,County Council Seat A (At-Large),county,Wasatch,Republican,FALSE,GENERAL,,,,https://www.wasatchcounty.gov/Directory.aspx?DID=8,,,,,,,,,TRUE,1
Robert Duncan McNeill,County Council Seat A (At-Large),county,Wasatch,Democratic,FALSE,GENERAL,,,,https://www.wasatchcounty.gov/Directory.aspx?DID=8,,,,,,,,,TRUE,1
Colleen Bonner,County Council Seat B (At-Large),county,Wasatch,,TRUE,INCUMBENT — not on 2026 ballot,,,,https://www.wasatchcounty.gov/Directory.aspx?DID=8,ColleenBonner@wasatch.utah.gov,(435) 657-3180,,,,,,,TRUE,2
Erik K. Rowland,County Council Seat C,county,Wasatch,Republican,TRUE,GENERAL,,,,https://www.wasatchcounty.gov/Directory.aspx?DID=8,ERowland@wasatch.utah.gov,(435) 657-3180,,,,,,,TRUE,3
Kendall Crittenden,County Council Seat D,county,Wasatch,,TRUE,INCUMBENT — not on 2026 ballot,,,,https://www.wasatchcounty.gov/Directory.aspx?DID=8,kcrittenden@wasatch.utah.gov,(435) 657-3180,,,,,,,TRUE,4
Mark Nelson,County Council Seat E,county,Wasatch,,TRUE,INCUMBENT — not on 2026 ballot,,,,https://www.wasatchcounty.gov/Directory.aspx?DID=8,MNelson@wasatch.utah.gov,(435) 657-3180,,,,,,,TRUE,5
Michael Murphy,County Council Seat F,county,Wasatch,Republican,TRUE,GENERAL,,,,https://www.wasatchcounty.gov/Directory.aspx?DID=8,mmurphy@wasatchcounty.gov,(435) 657-3180,,,,,,,TRUE,6
Joseph A. Tugaw,County Council Seat F,county,Wasatch,Democratic,FALSE,GENERAL,,,,https://www.wasatchcounty.gov/Directory.aspx?DID=8,jatugaw@gmail.com,,,,,,,,TRUE,6
Spencer Park,County Council Seat G,county,Wasatch,,TRUE,INCUMBENT — not on 2026 ballot,,,,https://www.wasatchcounty.gov/Directory.aspx?DID=8,SPark@wasatch.utah.gov,(435) 657-3180,,,,,,,TRUE,7
Jenny Wilson,County Mayor,county,Salt Lake,Democratic,TRUE,INCUMBENT — not on 2026 ballot,,,,https://www.saltlakecounty.gov/mayor/,mayor@saltlakecounty.gov,385-468-7000,,,,,,,TRUE,1
Laurie Stringham,County Council At-Large A,county,Salt Lake,Republican,TRUE,INCUMBENT — not on 2026 ballot,,,,https://www.saltlakecounty.gov/council/contact/laurie-stringham-chair/,LLStringham@saltlakecounty.gov,385-468-7451,,,,,,,TRUE,2
Kathleen Anderson,County Council At-Large A,county,Salt Lake,Republican,FALSE,GENERAL,,,,,kate8anderson@icloud.com,,,,,,,,TRUE,2
Zach Robinson,County Council At-Large A,county,Salt Lake,Democratic,FALSE,GENERAL,,,https://zachforcouncil.com,,votezachrobinson@gmail.com,,http://facebook.com/zachforslco,http://instagram.com/zachforslcoatlarge,,,https://secure.actblue.com/donate/ws-zach,,TRUE,2
Maleah Bliss Caulford,County Council At-Large A,county,Salt Lake,Forward,FALSE,GENERAL,,,https://maleahbliss.com,,maleahbliss@gmail.com,,,,,,https://maleahbliss.com/donate/,,TRUE,2
Gregory Beglarian,County Council At-Large A,county,Salt Lake,Constitution,FALSE,GENERAL,,,,,nbeglarian@hotmail.com,,,,,,,,TRUE,2
Suzanne Harrison,County Council At-Large B,county,Salt Lake,,TRUE,INCUMBENT — not on 2026 ballot,,,,https://www.saltlakecounty.gov/council/contact/suzanne-harrison/,SuHarrison@saltlakecounty.gov,801-999-8047,,,,,,,TRUE,3
Natalie Pinkney,County Council At-Large C,county,Salt Lake,,TRUE,INCUMBENT — not on 2026 ballot,,,,https://www.saltlakecounty.gov/council/contact/natalie-pinkney/,NPinkney@saltlakecounty.gov,385-468-7455,,,,,,,TRUE,4
Jiro Johnson,County Council District 1,county,Salt Lake,Democratic,TRUE,GENERAL,,,https://jiroforsaltlake.com,https://www.saltlakecounty.gov/council/contact/jiro-johnson/,JiJohnson@saltlakecounty.gov,385-468-7454,,https://instagram.com/jiroforslco/,,,https://jiroforsaltlake.com/donate,,TRUE,5
Casey Poe,County Council District 1,county,Salt Lake,Libertarian,FALSE,GENERAL,,,,,,,,,,,,,TRUE,5
Carlos A. Moreno,County Council District 2,county,Salt Lake,,TRUE,INCUMBENT — not on 2026 ballot,,,,https://www.saltlakecounty.gov/council/contact/carlos-moreno/,CarlosMoreno@saltlakecounty.gov,385-468-7457,,,,,,,TRUE,6
Aimee Winder Newton,County Council District 3,county,Salt Lake,,TRUE,INCUMBENT — not on 2026 ballot,,,,https://www.saltlakecounty.gov/council/contact/aimee-winder-newton/,ANewton@saltlakecounty.gov,385-468-7456,,,,,,,TRUE,7
Mike Bird,County Council District 3,county,Salt Lake,Republican,FALSE,GENERAL,,,http://www.electmikebird.com,,mike@electmikebird.com,,https://www.facebook.com/ElectMikeBird/,https://www.instagram.com/mike.bird/,https://x.com/Mikee_Bird,,http://www.electmikebird.com/donate,,TRUE,7
Luke Maynes,County Council District 3,county,Salt Lake,Democratic,FALSE,GENERAL,,,https://lukeforcountycouncil.com,,luke@lukeforcountycouncil.com,,https://www.facebook.com/lukemaynesforslco3/,https://www.instagram.com/lukemaynesforslco3,,,https://secure.actblue.com/donate/luke-maynes-1,,TRUE,7
Ross Romero,County Council District 4,county,Salt Lake,,TRUE,INCUMBENT — not on 2026 ballot,,,,https://www.saltlakecounty.gov/council/contact/ross-romero/,RRomero@saltlakecounty.gov,385-468-7459,,,,,,,TRUE,8
Sheldon Stewart,County Council District 5,county,Salt Lake,,TRUE,INCUMBENT — not on 2026 ballot,,,,https://www.saltlakecounty.gov/council/contact/sheldon-stewart/,SStewart@saltlakecounty.gov,385-468-7458,,,,,,,TRUE,9
Traci Crockett,County Council District 5,county,Salt Lake,Republican,FALSE,GENERAL,,,,,tracicrockett@gmail.com,,,,,,,,TRUE,9
Sara Cimmers,County Council District 5,county,Salt Lake,Democratic,FALSE,GENERAL,,,,,utahvotesforsara@gmail.com,,,,,,,,TRUE,9
Dea Theodore,County Council District 6,county,Salt Lake,,TRUE,INCUMBENT — not on 2026 ballot,,,,https://www.saltlakecounty.gov/council/contact/dea-theodore/,DHTheodore@saltlakecounty.gov,385-468-7453,,,,,,,TRUE,10
Amelia Powers Gardner,County Commission Seat A,county,Utah,,TRUE,INCUMBENT — not on 2026 ballot,,,,https://www.utahcounty.gov/portfolio/amelia-powers-gardner,AmeliaP@utahcounty.gov,801-851-8136,,,,,,,TRUE,1
Michelle Kaufusi,County Commission Seat A,county,Utah,Republican,FALSE,GENERAL,,,,,,,,,,,,,TRUE,1
Jeanne Marie Bowen,County Commission Seat A,county,Utah,Democratic,FALSE,GENERAL,,,,,bowenjeanne@yahoo.com,,,,,,,,TRUE,1
Jacob D. Oaks,County Commission Seat A,county,Utah,Independent American,FALSE,GENERAL,,,,,,,,,,,,,TRUE,1
Brandon Gordon,County Commission Seat B,county,Utah,,TRUE,INCUMBENT — not on 2026 ballot,,,,https://www.utahcounty.gov/portfolio/brandon-gordon,BrandonG@utahcounty.gov,801-851-8135,,,,,,,TRUE,2
David M. Spencer,County Commission Seat B,county,Utah,Republican,FALSE,GENERAL,,,https://www.davidspencerforutah.com/,,davidspencerforutah@gmail.com,,https://www.facebook.com/DavidSpencerForUtah/,,,,https://www.davidspencerforutah.com/donate,,TRUE,2
J. Allen,County Commission Seat B,county,Utah,Democratic,FALSE,GENERAL,,,https://allenforutahcounty.com/,,canyonjallen@gmail.com,,https://www.facebook.com/profile.php?id=61588048033430,https://www.instagram.com/allenforutahcounty/,,,https://allenforutahcounty.com/donate/,,TRUE,2
David Hinckley,County Commission Seat B,county,Utah,Forward,FALSE,GENERAL,,,https://www.davidhinckley.com/,,,,https://www.facebook.com/davidhinckleyforutah,https://www.instagram.com/davidhinckley/,,,https://www.davidhinckley.com/donate,,TRUE,2
Skyler Beltran,County Commission Seat C,county,Utah,Republican,TRUE,INCUMBENT — not on 2026 ballot,,,,https://www.utahcounty.gov/portfolio/skyler-beltran,skylerb@utahcounty.gov,801-851-8133,,,,,,,TRUE,3
Bob J. Stevenson,County Commissioner Seat A,county,Davis,,TRUE,INCUMBENT — not on 2026 ballot,,,,https://www.daviscountyutah.gov/commission/portfolio,commissioners@daviscountyutah.gov,801-451-3200,,,,,,,TRUE,1
Kendalyn Harris,County Commissioner Seat A,county,Davis,Republican,FALSE,GENERAL,,,https://votekendalyn.com,,,,,,,,,,TRUE,1
Lorene M. Kamalu,County Commissioner Seat B,county,Davis,,TRUE,INCUMBENT — not on 2026 ballot,,,,https://www.daviscountyutah.gov/commission/portfolio,commissioners@daviscountyutah.gov,801-451-3200,,,,,,,TRUE,2
Susan Lee,County Commissioner Seat B,county,Davis,Republican,FALSE,GENERAL,,,https://www.votesusanlee.com,,slee737@me.com,,,,,,https://www.votesusanlee.com/donate,,TRUE,2
Bret Millburn,County Commissioner Seat B,county,Davis,Unaffiliated,FALSE,GENERAL,,,https://www.bretmillburn.com,,,,https://www.facebook.com/p/Bret-Millburn-for-Davis-County-Commissioner-100063706731852/,,,,https://www.bretmillburn.com/donate,,TRUE,2
John Crofts,County Commissioner Seat C,county,Davis,,TRUE,INCUMBENT — not on 2026 ballot,,,,https://www.daviscountyutah.gov/commission/portfolio,commissioners@daviscountyutah.gov,801-451-3200,,,,,,,TRUE,3
Gage Froerer,County Commissioner A,county,Weber,,TRUE,INCUMBENT — not on 2026 ballot,,,,https://www.webercountyutah.gov/County_Commission/froerer.php,gfroerer@webercountyutah.gov,801-399-8590,,,,,,,TRUE,1
Duane D. Kearsley,County Commissioner A,county,Weber,Republican,FALSE,GENERAL,,,https://votekearsley.com/,,,,https://www.facebook.com/duane.kearsley/,,,,https://votekearsley.com/donate/,,TRUE,1
Alvin Thurgood,County Commissioner A,county,Weber,Democratic,FALSE,GENERAL,,,,,ajgravedigger13@gmail.com,,,,,,,,TRUE,1
Gary C. New,County Commissioner A,county,Weber,Forward,FALSE,GENERAL,,,,,,,,,,,,,TRUE,1
Sharon Arrington Bolos,County Commissioner B,county,Weber,,TRUE,INCUMBENT — not on 2026 ballot,,,,https://www.webercountyutah.gov/County_Commission/bolos.php,sbolos@webercountyutah.gov,801-399-8589,,,,,,,TRUE,2
Jon D. Beesley,County Commissioner B,county,Weber,Republican,FALSE,GENERAL,,,https://www.jonforweber.com/,,,,https://facebook.com/jon.beesley.2025,,,,,,TRUE,2
Jim Harvey,County Commissioner C,county,Weber,,TRUE,INCUMBENT — not on 2026 ballot,,,,https://www.webercountyutah.gov/County_Commission/harvey.php,jharvey@webercountyutah.gov,801-399-8588,,,,,,,TRUE,3
Gil Almquist,County Commission Seat A,county,Washington,Republican,TRUE,GENERAL,,,,https://www.washco.utah.gov/departments/commission/,gil.almquist@washco.utah.gov,435-301-7000,,,,,,,TRUE,1
Gail Koske,County Commission Seat A,county,Washington,Democratic,FALSE,GENERAL,,,,,koskegail@gmail.com,,,,,,,,TRUE,1
Victor Iverson,County Commission Seat B,county,Washington,,TRUE,INCUMBENT — not on 2026 ballot,,,,https://www.washco.utah.gov/departments/commission/,victor.iverson@washco.utah.gov,435-301-7000,,,,,,,TRUE,2
Troy G. Belliston,County Commission Seat B,county,Washington,Republican,FALSE,GENERAL,,,,,troygbelliston@gmail.com,,,,,,,,TRUE,2
Sarah N. Anderson,County Commission Seat B,county,Washington,Democratic,FALSE,GENERAL,,,,,sarahandersoncommissioner@gmail.com,,,,,,,,TRUE,2
Kristin N. Isham,County Commission Seat B,county,Washington,Constitution,FALSE,GENERAL,,,,,kristinisham1@gmail.com,,,,,,,,TRUE,2
Adam Snow,County Commission Seat C,county,Washington,,TRUE,INCUMBENT — not on 2026 ballot,,,,https://www.washco.utah.gov/departments/commission/,adam.snow@washco.utah.gov,435-301-7000,,,,,,,TRUE,3
N. George Daines,County Executive,county,Cache,Republican,TRUE,GENERAL,,,,https://www.cachecounty.gov/executive/,george.daines@cachecounty.gov,435-755-1852,,,,,,,TRUE,1
Keegan Garrity,County Council Logan Seat 1,county,Cache,Republican,TRUE,INCUMBENT — not on 2026 ballot,,,,https://www.cachecounty.gov/countycouncil/contact/contact-keegan-garrity.html,keegan.garrity@cachecounty.gov,435-512-7905,,,,,,,TRUE,2
JoAnn Bennett,County Council Logan Seat 2,county,Cache,Republican,TRUE,GENERAL,,,,https://www.cachecounty.gov/countycouncil/contact/contact-joann-bennett.html,joann.bennett@cachecounty.gov,801-825-9866,,,,,,,TRUE,3
Allison E. Goulais,County Council Logan Seat 2,county,Cache,Democratic,FALSE,GENERAL,,,,,agoulais@gmail.com,,,,,,,,TRUE,3
Sandi R. Goodlander,County Council Logan Seat 3,county,Cache,Republican,TRUE,GENERAL,,,,https://www.cachecounty.gov/countycouncil/contact/contact-sandi-goodlander.html,sandi.goodlander@cachecounty.gov,435-994-2305,,,,,,,TRUE,4
Mark A. Nafziger,County Council Logan Seat 3,county,Cache,Democratic,FALSE,GENERAL,,,,,nafziger808@msn.com,,,,,,,,TRUE,4
David Erickson,County Council North 4,county,Cache,Republican,TRUE,INCUMBENT — not on 2026 ballot,,,,https://www.cachecounty.gov/countycouncil/contact/contact-david-erickson.html,david.erickson@cachecounty.gov,435-770-0283,,,,,,,TRUE,5
Mark R. Hurd,County Council Northeast 5,county,Cache,Republican,TRUE,GENERAL,,,,https://www.cachecounty.gov/countycouncil/contact/contact-mark-hurd.html,mark.hurd@cachecounty.gov,435-890-9956,,,,,,,TRUE,6
Lizette Villegas,County Council Northeast 5,county,Cache,Democratic,FALSE,GENERAL,,,,,lizettesmile247@gmail.com,,,,,,,,TRUE,6
Nolan P. Gunnell,County Council South 6,county,Cache,Republican,TRUE,INCUMBENT — not on 2026 ballot,,,,https://www.cachecounty.gov/countycouncil/contact/contact-nolan-gunnell.html,nolan.gunnell@cachecounty.gov,435-760-2902,,,,,,,TRUE,7
Kathryn A. Beus,County Council Southeast 7,county,Cache,Republican,TRUE,GENERAL,,,https://www.kathrynbeus.com,https://www.cachecounty.gov/countycouncil/contact/contact-kathryn-beus.html,kathryn.beus@cachecounty.gov,435-512-5680,https://www.facebook.com/Kathryn-Anhder-Beus-for-Cache-County-Council-495173594191744/,,,,,,TRUE,8
Peter Thatcher,County Council Southeast 7,county,Cache,Constitution,FALSE,GENERAL,,,,,pthatcher@gmail.com,,,,,,,,TRUE,8
Boyd Bingham,County Commissioner Seat A,county,Box Elder,,TRUE,INCUMBENT — not on 2026 ballot,,,,https://www.boxeldercountyut.gov/334/County-Commission,bbingham@boxeldercountyut.gov,435-734-3347,,,,,,,TRUE,1
Vance Smith,County Commissioner Seat A,county,Box Elder,Republican,FALSE,GENERAL,,,,,vancesmithforcommissionera@gmail.com,,,,,,,,TRUE,1
Alan Williams,County Commissioner Seat A,county,Box Elder,Unaffiliated,FALSE,GENERAL,,,,,alan_g_williams@hotmail.com,,,,,,,,TRUE,1
Lee Perry,County Commissioner Seat B,county,Box Elder,,TRUE,INCUMBENT — not on 2026 ballot,,,,https://www.boxeldercountyut.gov/334/County-Commission,lbperry@boxeldercountyut.gov,435-734-3347,,,,,,,TRUE,2
Nathan Tueller,County Commissioner Seat B,county,Box Elder,Republican,FALSE,GENERAL,,,,,nathantueller@hotmail.com,,,,,,,,TRUE,2
Tyler Vincent,County Commissioner Seat C,county,Box Elder,Republican,TRUE,INCUMBENT — not on 2026 ballot,,,,https://www.boxeldercountyut.gov/334/County-Commission,tvincent@boxeldercountyut.gov,435-734-3347,,,,,,,TRUE,3
Matt Wilson,County Commission At-Large A,county,Morgan,Republican,TRUE,INCUMBENT — not on 2026 ballot,,,,https://www.morgancountyutah.gov/county-council94ad6c50,mwilson@morgancountyutah.gov,801-725-4457,,,,,,,TRUE,1
Roland Haslam,County Commission At-Large A,county,Morgan,Republican,FALSE,GENERAL,,,,,,,,,,,,,TRUE,1
Blaine Fackrell,County Commission At-Large B,county,Morgan,Republican,TRUE,INCUMBENT — not on 2026 ballot,,,,https://www.morgancountyutah.gov/county-council94ad6c50,bfackrell@morgancountyutah.gov,801-668-0101,,,,,,,TRUE,2
Jeff R. Mathews,County Commission At-Large B,county,Morgan,Republican,FALSE,GENERAL,,,,,,,,,,,,,TRUE,2
Shelley Marie Hill-Worthen,County Commission At-Large B,county,Morgan,Democratic,FALSE,GENERAL,,,http://shelley4morgan.com,,shelley.worthen@yahoo.com,,https://facebook.com/shelley.hill.worthen,,,,https://secure.actblue.com/donate/shellley-hill-worthen-2,,TRUE,2
Raelene Blocker,County Commission District 1,county,Morgan,,TRUE,INCUMBENT — not on 2026 ballot,,,,https://www.morgancountyutah.gov/county-council94ad6c50,rblocker@morgancountyutah.gov,801-865-6062,,,,,,,TRUE,3
Mike Newton,County Commission District 2,county,Morgan,,TRUE,INCUMBENT — not on 2026 ballot,,,,https://www.morgancountyutah.gov/county-council94ad6c50,mnewton@morgancountyutah.gov,801-317-6275,,,,,,,TRUE,4
Vaughn Nickerson,County Commission District 3,county,Morgan,,TRUE,INCUMBENT — not on 2026 ballot,,,,https://www.morgancountyutah.gov/county-council94ad6c50,vnickerson@morgancountyutah.gov,385-350-1718,,,,,,,TRUE,5
Bill Cox,County Commissioner Seat A,county,Rich,Republican,TRUE,GENERAL,,,,https://www.richcounty.gov/commissioners/,bcox@richcounty.gov,435-757-8248,,,,,,,TRUE,1
Sim Weston,County Commissioner Seat B,county,Rich,Republican,TRUE,GENERAL,,,,https://www.richcounty.gov/commissioners/,sweston@richcounty.gov,435-757-0921,,,,,,,TRUE,2
Jon Lee,County Commissioner Seat C,county,Rich,,TRUE,INCUMBENT — not on 2026 ballot,,,,https://www.richcounty.gov/commissioners/,jlee@richcounty.gov,385-355-5555,,,,,,,TRUE,3
Tonja Hanson,County Council District 1,county,Summit,,TRUE,INCUMBENT — not on 2026 ballot,,,,https://summitcountyutah.gov/314/Meet-the-Council,tbhanson@summitcountyutah.gov,435-901-7663,,,,,,,TRUE,1
Megan McKenna,County Council District 2,county,Summit,,TRUE,INCUMBENT — not on 2026 ballot,,,,https://summitcountyutah.gov/314/Meet-the-Council,mmckenna@summitcountyutah.gov,,,,,,,,TRUE,2
Roger Armstrong,County Council District 3,county,Summit,,TRUE,INCUMBENT — not on 2026 ballot,,,,https://summitcountyutah.gov/314/Meet-the-Council,rarmstrong@summitcountyutah.gov,818-207-1417,,,,,,,TRUE,3
Chris Robinson,County Council District 4,county,Summit,,TRUE,INCUMBENT — not on 2026 ballot,,,,https://summitcountyutah.gov/314/Meet-the-Council,cfrobinson@summitcountyutah.gov,801-599-4397,,,,,,,TRUE,4
Christie Babalis,County Council District 4,county,Summit,Democratic,FALSE,GENERAL,,,,,,,,,,,,,TRUE,4
Canice Harte,County Council District 5,county,Summit,Democratic,TRUE,GENERAL,,,,https://summitcountyutah.gov/314/Meet-the-Council,charte@summitcountyutah.gov,435-647-6151,,,,,,,TRUE,5
Scott Bartholomew,County Commissioner Seat A,county,Sanpete,,TRUE,INCUMBENT — not on 2026 ballot,,,,https://www.sanpetecountyutah.gov/commissioners.html,,435-813-2729,,,,,,,TRUE,1
AJ Mower,County Commissioner Seat A,county,Sanpete,Republican,FALSE,GENERAL,,,,,,,,,,,,,TRUE,1
Jim Cheney,County Commissioner Seat B,county,Sanpete,Republican,TRUE,GENERAL,,,,https://www.sanpetecountyutah.gov/commissioners.html,,435-469-0342,,,,,,,TRUE,2
Mike Bennett,County Commissioner Seat C,county,Sanpete,,TRUE,INCUMBENT — not on 2026 ballot,,,,https://www.sanpetecountyutah.gov/commissioners.html,,435-851-7107,,,,,,,TRUE,3
Scott Johnson,Commissioner A,county,Sevier,,TRUE,INCUMBENT — not on 2026 ballot,,,,https://www.sevier.utah.gov/departments/county_commissioners/index.php,,435-893-0400,,,,,,,TRUE,1
Jed J Maxwell,Commissioner A,county,Sevier,Republican,FALSE,GENERAL,,,,,,,,,,,,,TRUE,1
Greg L Jensen,Commissioner B,county,Sevier,Republican,TRUE,GENERAL,,,,https://www.sevier.utah.gov/departments/county_commissioners/index.php,gregljensen@sevier.utah.gov,435-893-0400,,,,,,,TRUE,2
Ralph Brown,Commissioner C,county,Sevier,,TRUE,INCUMBENT — not on 2026 ballot,,,,https://www.sevier.utah.gov/departments/county_commissioners/index.php,ralphbrown@sevier.utah.gov,435-893-0400,,,,,,,TRUE,3
Tammy Pearson,Commissioner A,county,Beaver,,TRUE,INCUMBENT — not on 2026 ballot,,,,https://www.beaver.utah.gov/108/Commissioners,,435-691-2409,,,,,,,TRUE,1
Jonathan L. Caldwell,Commissioner A,county,Beaver,,FALSE,GENERAL,,,,,,,,,,,,,TRUE,1
Brandon Yardley,Commissioner B,county,Beaver,,TRUE,GENERAL,,,,https://www.beaver.utah.gov/108/Commissioners,,435-691-4438,,,,,,,TRUE,2
Wade Hollingshead,Commissioner C,county,Beaver,,TRUE,INCUMBENT — not on 2026 ballot,,,,https://www.beaver.utah.gov/108/Commissioners,,435-421-1949,,,,,,,TRUE,3
Scott Dalton,County Commissioner A,county,Piute,,TRUE,GENERAL,,,,https://piute.gov/your-government/elected-officials/commissioners/,sdalton@piute.utah.gov,,,,,,,,TRUE,1
Will Talbot,County Commissioner B,county,Piute,,TRUE,GENERAL,,,,https://piute.gov/your-government/elected-officials/commissioners/,williet@piute.utah.gov,,,,,,,,TRUE,2
Sam Steed,County Commissioner C,county,Piute,,TRUE,INCUMBENT — not on 2026 ballot,,,,https://piute.gov/your-government/elected-officials/commissioners/,sam.steed@piute.utah.gov,,,,,,,,TRUE,3
Dennis Blackburn,County Commissioner Seat A,county,Wayne,Republican,TRUE,INCUMBENT — not on 2026 ballot,,,,https://waynecountyutah.gov/pages/wayne-county-commission,dennis@wayne.utah.gov,435-836-1300,,,,,,,TRUE,1
Noreen Johnson,County Commissioner Seat A,county,Wayne,Republican,FALSE,GENERAL,,,,,,,,,,,,,TRUE,1
Kerry Cook,County Commissioner Seat B,county,Wayne,Republican,TRUE,INCUMBENT — not on 2026 ballot,,,,https://waynecountyutah.gov/pages/wayne-county-commission,kerry@wayne.utah.gov,435-836-1300,,,,,,,TRUE,2
Milly Edwards,County Commissioner Seat B,county,Wayne,Republican,FALSE,GENERAL,,,,,,,,,,,,,TRUE,2
Roger Brian,County Commissioner Seat C,county,Wayne,,TRUE,INCUMBENT — not on 2026 ballot,,,,https://waynecountyutah.gov/pages/wayne-county-commission,roger@wayne.utah.gov,435-836-1300,,,,,,,TRUE,3
Leland F. Pollock,County Commission Seat A,county,Garfield,Republican,TRUE,INCUMBENT — not on 2026 ballot,,,,https://www.garfield.utah.gov/Departments/Commission,leland.pollock@garfield.utah.gov,435-616-2718,,,,,,,TRUE,1
Richard G Birch,County Commission Seat A,county,Garfield,Republican,FALSE,GENERAL,,,,,,,,,,,,,TRUE,1
David B. Tebbs,County Commission Seat B,county,Garfield,Republican,TRUE,GENERAL,,,,https://www.garfield.utah.gov/Departments/Commission,david.tebbs@garfield.utah.gov,435-231-1272,,,,,,,TRUE,2
Jerry A. Taylor,County Commission Seat C,county,Garfield,,TRUE,INCUMBENT — not on 2026 ballot,,,,https://www.garfield.utah.gov/Departments/Commission,jerry.taylor@garfield.utah.gov,801-856-5566,,,,,,,TRUE,3
Patty Kubeja,County Commissioner Seat A,county,Kane,Republican,TRUE,GENERAL,,,,https://www.kane.utah.gov/217/County-Commission,pkubeja@kane.utah.gov,253-315-1518,,,,,,,TRUE,1
Matthew Fisher,County Commissioner Seat A,county,Kane,Unaffiliated,FALSE,GENERAL,,,,,,,,,,,,,TRUE,1
Celeste Meyeres,County Commissioner Seat B,county,Kane,Republican,TRUE,GENERAL,,,,https://www.kane.utah.gov/217/County-Commission,cmeyeres@kane.utah.gov,435-689-0907,,,,,,,TRUE,2
Bo Folsom,County Commissioner Seat B,county,Kane,Democratic,FALSE,GENERAL,,,https://bo4kane.com,,bo4kane@gmail.com,,,,,,,,TRUE,2
Gwen Brown,County Commissioner Seat C,county,Kane,,TRUE,INCUMBENT — not on 2026 ballot,,,,https://www.kane.utah.gov/217/County-Commission,gbrown@kane.utah.gov,435-899-1424,,,,,,,TRUE,3
Larry Jensen,Commissioner,county,Carbon,Republican,TRUE,INCUMBENT — not on 2026 ballot,,,,https://www.carbon.utah.gov/department/commission/,larry.jensen@carbon.utah.gov,435-636-3273,,,,,,,TRUE,1
Daniel Campbell,Commissioner,county,Carbon,Republican,FALSE,GENERAL,,,,,campbell4carboncommissioner@gmail.com,,,,,,,,TRUE,1
Tony Martines,Commissioner/Surveyor,county,Carbon,,TRUE,INCUMBENT — not on 2026 ballot,,,,https://www.carbon.utah.gov/department/commission/,tony.martines@carbon.utah.gov,435-636-3271,,,,,,,TRUE,2
Kourtney Cox,Commissioner/Surveyor,county,Carbon,Republican,FALSE,GENERAL,,,,,kourtney@kourtneycox.com,,,,,,,,TRUE,2
Cheryl Lupo,Commissioner/Surveyor,county,Carbon,Unaffiliated,FALSE,GENERAL,,,,,cheryllupo@gmail.com,,,,,,,,TRUE,2
Jared Haddock,Commissioner (term 2025-2028),county,Carbon,,TRUE,INCUMBENT — not on 2026 ballot,,,,https://www.carbon.utah.gov/department/commission/,jared.haddock@carbon.utah.gov,435-636-3272,,,,,,,TRUE,3
Jordan Leonard,Commissioner A,county,Emery,Republican,TRUE,GENERAL,,,,https://emery.utah.gov/home/offices/commission/,jordanl@emery.utah.gov,435-381-3573,,,,,,,TRUE,1
Keven A. Jensen,Commissioner B,county,Emery,Republican,TRUE,GENERAL,,,,https://emery.utah.gov/home/offices/commission/,kevenj@emery.utah.gov,435-381-3571,,,,,,,TRUE,2
Dennis Worwood,Commissioner C,county,Emery,,TRUE,INCUMBENT — not on 2026 ballot,,,,https://emery.utah.gov/home/offices/commission/,dennisw@emery.utah.gov,435-381-3572,,,,,,,TRUE,3
Mary McGann,County Commission District 4,county,Grand,,TRUE,INCUMBENT — not on 2026 ballot,,,,https://www.grandcountyutah.net/134/County-Commission,mmcgann@grandcountyutah.gov,435-259-1342,,,,,,,TRUE,1
Diego Velasquez,County Commission District 4,county,Grand,Unaffiliated,FALSE,GENERAL,,,,,,,,,,,,,TRUE,1
Shalee Holland,County Commission District 4,county,Grand,Unaffiliated,FALSE,GENERAL,,,,,,,,,,,,,TRUE,1
Mike McCurdy,County Commission District 5,county,Grand,Republican,TRUE,GENERAL,,,,https://www.grandcountyutah.net/134/County-Commission,mmccurdy@grandcountyutah.gov,435-259-1342,,,,,,,TRUE,2
Everett Hildenbrandt,County Commission District 5,county,Grand,Unaffiliated,FALSE,GENERAL,,,,,,,,,,,,,TRUE,2
Bill Winfield,County Commission At-Large,county,Grand,Unaffiliated,TRUE,INCUMBENT — not on 2026 ballot,,,,https://www.grandcountyutah.net/134/County-Commission,bwinfield@grandcountyutah.gov,435-259-1342,,,,,,,TRUE,3
Rory Paxman,County Commission At-Large,county,Grand,Unaffiliated,FALSE,GENERAL,,,,,,,,,,,,,TRUE,3
Neal D. Herbert,County Commission At-Large,county,Grand,Unaffiliated,FALSE,GENERAL,,,,,,,,,,,,,TRUE,3
Trisha Hedin,County Commission District 1,county,Grand,,TRUE,INCUMBENT — not on 2026 ballot,,,,https://www.grandcountyutah.net/134/County-Commission,thedin@grandcountyutah.gov,435-259-1342,,,,,,,TRUE,4
Melodie McCandless,County Commission District 2,county,Grand,,TRUE,INCUMBENT — not on 2026 ballot,,,,https://www.grandcountyutah.net/134/County-Commission,mmccandless@grandcountyutah.gov,435-259-1342,,,,,,,TRUE,5
Jacques Hadler,County Commission District 3,county,Grand,,TRUE,INCUMBENT — not on 2026 ballot,,,,https://www.grandcountyutah.net/134/County-Commission,jhadler@grandcountyutah.gov,435-259-1342,,,,,,,TRUE,6
Brian Martinez,County Commission At-Large (term to 2028),county,Grand,,TRUE,INCUMBENT — not on 2026 ballot,,,,https://www.grandcountyutah.net/134/County-Commission,bmartinez@grandcountyutah.gov,435-259-1342,,,,,,,TRUE,7
Silvia Stubbs,County Commissioner District 2,county,San Juan,Republican,TRUE,GENERAL,,,,https://sanjuancountyut.gov/203/Commission,sstubbs@sanjuancountyut.gov,435-587-3223,,,,,,,TRUE,1
Terry Whitehat,County Commissioner District 2,county,San Juan,Democratic,FALSE,GENERAL,,,,,twhitehat@gmail.com,,,,,,,,TRUE,1
Talia Hansen,County Commissioner District 2,county,San Juan,Unaffiliated,FALSE,GENERAL,,,,,,,,,,,,,TRUE,1
Jamie Harvey,County Commissioner District 3,county,San Juan,Republican,TRUE,GENERAL,,,,https://sanjuancountyut.gov/203/Commission,jharvey@sanjuancountyut.gov,435-587-3223,,,,,,,TRUE,2
Norman Lameman,County Commissioner District 3,county,San Juan,Democratic,FALSE,GENERAL,,,,,Nlameman1022@gmail.com,,,,,,,,TRUE,2
Jayne J. Smith,County Commissioner District 3,county,San Juan,Unaffiliated,FALSE,GENERAL,,,,,,,,,,,,,TRUE,2
Lori Maughan,County Commissioner (term to 2028),county,San Juan,,TRUE,INCUMBENT — not on 2026 ballot,,,,https://sanjuancountyut.gov/203/Commission,lmaughan@sanjuancountyut.gov,435-587-3223,,,,,,,TRUE,3
Tracy Killian,County Commissioner Seat A,county,Duchesne,Republican,TRUE,GENERAL,,,,https://duchesne.utah.gov/gov/elected-officials/commissioners,,435-738-1139,,,,,,,TRUE,1
Gregory Miles,County Commissioner Seat B,county,Duchesne,Republican,TRUE,GENERAL,,,,https://duchesne.utah.gov/gov/elected-officials/commissioners,,435-738-1139,,,,,,,TRUE,2
Jeff Chugg,County Commissioner Seat C,county,Duchesne,,TRUE,INCUMBENT — not on 2026 ballot,,,,https://duchesne.utah.gov/gov/elected-officials/commissioners,,435-738-1139,,,,,,,TRUE,3
John Laursen,County Commission Seat A,county,Uintah,Republican,TRUE,INCUMBENT — not on 2026 ballot,,,,https://www.uintah.utah.gov/departments/a_-_e_departments/commissioners/index.php,uccommission@uintah.utah.gov,435-781-5382,,,,,,,TRUE,1
Keith G. Campbell,County Commission Seat A,county,Uintah,Republican,FALSE,GENERAL,,,,,,,,,,,,,TRUE,1
Sonja Norton,County Commission Seat B,county,Uintah,Republican,TRUE,INCUMBENT — not on 2026 ballot,,,,https://www.uintah.utah.gov/departments/a_-_e_departments/commissioners/index.php,uccommission@uintah.utah.gov,435-781-5384,,,,,,,TRUE,2
Joe McKea,County Commission Seat B,county,Uintah,Republican,FALSE,GENERAL,,,,,,,,,,,,,TRUE,2
Ronald K Richards,County Commission Seat B,county,Uintah,Constitution,FALSE,GENERAL,,,,,,,,,,,,,TRUE,2
Willis LeFevre,County Commission Seat C,county,Uintah,,TRUE,INCUMBENT — not on 2026 ballot,,,,https://www.uintah.utah.gov/departments/a_-_e_departments/commissioners/index.php,uccommission@uintah.utah.gov,435-781-5381,,,,,,,TRUE,3
Jack Lytle,Commissioner B,county,Daggett,,TRUE,INCUMBENT — not on 2026 ballot,,,,https://www.daggettcounty.gov/26/Commission,jlytle@daggettcounty.gov,435-784-3218,,,,,,,TRUE,2
Matt Tippets,Commissioner A,county,Daggett,,TRUE,GENERAL,,,,https://www.daggettcounty.gov/26/Commission,mtippets@daggettcounty.gov,435-784-3218,,,,,,,TRUE,1
Randy Asay,Commissioner C,county,Daggett,,TRUE,INCUMBENT — not on 2026 ballot,,,,https://www.daggettcounty.gov/26/Commission,rasay@daggettcounty.gov,435-784-3218,,,,,,,TRUE,3
Erin Mendenhall,Mayor,city,Salt Lake City,,TRUE,INCUMBENT — not on 2026 ballot,,,,https://www.slc.gov/council/contact-us/,,801-535-7704,,,,,,,TRUE,1
Victoria Petro,City Council District 1,city,Salt Lake City,,TRUE,INCUMBENT — not on 2026 ballot,,,,https://www.slc.gov/council/contact-us/,victoria.petro@slc.gov,801-535-7723,,,,,,,TRUE,2
Alejandro Puy,City Council District 2,city,Salt Lake City,,TRUE,INCUMBENT — not on 2026 ballot,,,,https://www.slc.gov/council/contact-us/,alejandro.puy@slc.gov,801-535-7781,,,,,,,TRUE,3
Chris Wharton,City Council District 3,city,Salt Lake City,,TRUE,INCUMBENT — not on 2026 ballot,,,,https://www.slc.gov/council/contact-us/,chris.wharton@slc.gov,801-535-7726,,,,,,,TRUE,4
Jennifer Napier-Pearce,City Council District 4,city,Salt Lake City,,TRUE,INCUMBENT — not on 2026 ballot,,,,https://www.slc.gov/council/contact-us/,JNP@slc.gov,801-535-7782,,,,,,,TRUE,5
Erika Carlsen,City Council District 5,city,Salt Lake City,,TRUE,INCUMBENT — not on 2026 ballot,,,,https://www.slc.gov/council/contact-us/,erika.carlsen@slc.gov,801-535-7786,,,,,,,TRUE,6
Dan Dugan,City Council District 6,city,Salt Lake City,,TRUE,INCUMBENT — not on 2026 ballot,,,,https://www.slc.gov/council/contact-us/,dan.dugan@slc.gov,801-535-7784,,,,,,,TRUE,7
Sarah Young,City Council District 7,city,Salt Lake City,,TRUE,INCUMBENT — not on 2026 ballot,,,,https://www.slc.gov/council/contact-us/,sarah.young@slc.gov,801-535-7715,,,,,,,TRUE,8
Karen Lang,Mayor,city,West Valley City,,TRUE,INCUMBENT — not on 2026 ballot,,,,https://www.wvc-ut.gov/government/city_council/city_council_members/index.php,,801-963-3380,,,,,,,TRUE,1
Tom Huynh,City Council District 1,city,West Valley City,,TRUE,INCUMBENT — not on 2026 ballot,,,,https://www.wvc-ut.gov/government/city_council/city_council_members/index.php,,801-963-3374,,,,,,,TRUE,2
Scott Harmon,City Council District 2,city,West Valley City,,TRUE,INCUMBENT — not on 2026 ballot,,,,https://www.wvc-ut.gov/government/city_council/city_council_members/index.php,,801-963-3373,,,,,,,TRUE,3
William Whetstone,City Council District 3,city,West Valley City,,TRUE,INCUMBENT — not on 2026 ballot,,,,https://www.wvc-ut.gov/government/city_council/city_council_members/index.php,,801-955-3603,,,,,,,TRUE,4
Cindy Wood,City Council District 4,city,West Valley City,,TRUE,INCUMBENT — not on 2026 ballot,,,,https://www.wvc-ut.gov/government/city_council/city_council_members/index.php,,801-232-0870,,,,,,,TRUE,5
Don Christensen,City Council At-Large,city,West Valley City,,TRUE,INCUMBENT — not on 2026 ballot,,,,https://www.wvc-ut.gov/government/city_council/city_council_members/index.php,,801-963-3371,,,,,,,TRUE,6
Lars Nordfelt,City Council At-Large,city,West Valley City,,TRUE,INCUMBENT — not on 2026 ballot,,,,https://www.wvc-ut.gov/government/city_council/city_council_members/index.php,,801-955-3696,,,,,,,TRUE,6
Dirk Burton,Mayor,city,West Jordan,,TRUE,INCUMBENT — not on 2026 ballot,,,,https://www.westjordan.utah.gov/citycouncil/councilmembers/,mayor@westjordan.utah.gov,,,,,,,,TRUE,1
Chad Lamb,City Council District 1,city,West Jordan,,TRUE,INCUMBENT — not on 2026 ballot,,,,https://www.westjordan.utah.gov/citycouncil/councilmembers/,councilcomments@westjordan.utah.gov,,,,,,,,TRUE,2
Bob Bedore,City Council District 2,city,West Jordan,,TRUE,INCUMBENT — not on 2026 ballot,,,,https://www.westjordan.utah.gov/citycouncil/councilmembers/,councilcomments@westjordan.utah.gov,,,,,,,,TRUE,3
Zach Jacob,City Council District 3,city,West Jordan,,TRUE,INCUMBENT — not on 2026 ballot,,,,https://www.westjordan.utah.gov/citycouncil/councilmembers/,councilcomments@westjordan.utah.gov,,,,,,,,TRUE,4
Kent Shelton,City Council District 4,city,West Jordan,,TRUE,INCUMBENT — not on 2026 ballot,,,,https://www.westjordan.utah.gov/citycouncil/councilmembers/,councilcomments@westjordan.utah.gov,,,,,,,,TRUE,5
Annette Harris,City Council At-Large,city,West Jordan,,TRUE,INCUMBENT — not on 2026 ballot,,,,https://www.westjordan.utah.gov/citycouncil/councilmembers/,councilcomments@westjordan.utah.gov,,,,,,,,TRUE,6
Kayleen Whitelock,City Council At-Large,city,West Jordan,,TRUE,INCUMBENT — not on 2026 ballot,,,,https://www.westjordan.utah.gov/citycouncil/councilmembers/,councilcomments@westjordan.utah.gov,,,,,,,,TRUE,6
Jessica Wignall,City Council At-Large,city,West Jordan,,TRUE,INCUMBENT — not on 2026 ballot,,,,https://www.westjordan.utah.gov/citycouncil/councilmembers/,councilcomments@westjordan.utah.gov,,,,,,,,TRUE,6
Dawn R. Ramsey,Mayor,city,South Jordan,,TRUE,INCUMBENT — not on 2026 ballot,,,,https://www.sjc.utah.gov/241/City-Council,dramsey@sjc.utah.gov,801-446-4357,,,,,,,TRUE,1
Patrick Harris,City Council District 1,city,South Jordan,,TRUE,INCUMBENT — not on 2026 ballot,,,,https://www.sjc.utah.gov/241/City-Council,pharris@sjc.utah.gov,801-446-4357,,,,,,,TRUE,2
Kathie L. Johnson,City Council District 2,city,South Jordan,,TRUE,INCUMBENT — not on 2026 ballot,,,,https://www.sjc.utah.gov/241/City-Council,kjohnson@sjc.utah.gov,801-446-4357,,,,,,,TRUE,3
Donald J. Shelton,City Council District 3,city,South Jordan,,TRUE,INCUMBENT — not on 2026 ballot,,,,https://www.sjc.utah.gov/241/City-Council,dshelton@sjc.utah.gov,801-446-4357,,,,,,,TRUE,4
Tamara Zander,City Council District 4,city,South Jordan,,TRUE,INCUMBENT — not on 2026 ballot,,,,https://www.sjc.utah.gov/241/City-Council,tzander@sjc.utah.gov,801-446-4357,,,,,,,TRUE,5
Jason T. McGuire,City Council District 5,city,South Jordan,,TRUE,INCUMBENT — not on 2026 ballot,,,,https://www.sjc.utah.gov/241/City-Council,jmcguire@sjc.utah.gov,801-446-4357,,,,,,,TRUE,6
Cheri Jackson,Mayor,city,Millcreek,,TRUE,INCUMBENT — not on 2026 ballot,,,,https://www.millcreekut.gov/180/City-Council,cjackson@millcreekut.gov,801-214-2705,,,,,,,TRUE,1
Silvia Catten,City Council District 1,city,Millcreek,,TRUE,INCUMBENT — not on 2026 ballot,,,,https://www.millcreekut.gov/180/City-Council,scatten@millcreekut.gov,801-214-2701,,,,,,,TRUE,2
Thom DeSirant,City Council District 2,city,Millcreek,,TRUE,INCUMBENT — not on 2026 ballot,,,,https://www.millcreekut.gov/180/City-Council,tdesirant@millcreekut.gov,801-214-2702,,,,,,,TRUE,3
Nicole Handy,City Council District 3,city,Millcreek,,TRUE,INCUMBENT — not on 2026 ballot,,,,https://www.millcreekut.gov/180/City-Council,nhandy@millcreekut.gov,801-214-2703,,,,,,,TRUE,4
Bev Uipi,City Council District 4,city,Millcreek,,TRUE,INCUMBENT — not on 2026 ballot,,,,https://www.millcreekut.gov/180/City-Council,buipi@millcreekut.gov,801-214-2704,,,,,,,TRUE,5
Lorin Palmer,Mayor,city,Herriman,,TRUE,INCUMBENT — not on 2026 ballot,,,,https://www.herriman.gov/city-council,mayorpalmer@herriman.gov,,,,,,,,TRUE,1
Jared Henderson,City Council District 1,city,Herriman,,TRUE,INCUMBENT — not on 2026 ballot,,,,https://www.herriman.gov/city-council,jhenderson@herriman.gov,,,,,,,,TRUE,2
Teddy Hodges,City Council District 2,city,Herriman,,TRUE,INCUMBENT — not on 2026 ballot,,,,https://www.herriman.gov/city-council,thodges@herriman.gov,,,,,,,,TRUE,3
Matt Basham,City Council District 3,city,Herriman,,TRUE,INCUMBENT — not on 2026 ballot,,,,https://www.herriman.gov/city-council,mbasham@herriman.gov,,,,,,,,TRUE,4
Terrah Anderson,City Council District 4,city,Herriman,,TRUE,INCUMBENT — not on 2026 ballot,,,,https://www.herriman.gov/city-council,tanderson@herriman.gov,,,,,,,,TRUE,5
Troy Walker,Mayor,city,Draper,,TRUE,INCUMBENT — not on 2026 ballot,,,,https://www.draperutah.gov/city-government/mayor-and-council/,troy.walker@draperutah.gov,801-576-6513,,,,,,,TRUE,1
Kathryn Dahlin,City Council Member,city,Draper,,TRUE,INCUMBENT — not on 2026 ballot,,,,https://www.draperutah.gov/city-government/mayor-and-council/,kathryn.dahlin@draperutah.gov,801-576-6500,,,,,,,TRUE,2
Mike Green,City Council Member,city,Draper,,TRUE,INCUMBENT — not on 2026 ballot,,,,https://www.draperutah.gov/city-government/mayor-and-council/,mike.green@draperutah.gov,801-576-6500,,,,,,,TRUE,2
Bryn Heather Johnson,City Council Member,city,Draper,,TRUE,INCUMBENT — not on 2026 ballot,,,,https://www.draperutah.gov/city-government/mayor-and-council/,bryn.johnson@draperutah.gov,801-576-6500,,,,,,,TRUE,2
Tasha Lowery,City Council Member,city,Draper,,TRUE,INCUMBENT — not on 2026 ballot,,,,https://www.draperutah.gov/city-government/mayor-and-council/,tasha.lowery@draperutah.gov,801-576-6500,,,,,,,TRUE,2
Fred Lowry,City Council Member,city,Draper,,TRUE,INCUMBENT — not on 2026 ballot,,,,https://www.draperutah.gov/city-government/mayor-and-council/,fred.lowry@draperutah.gov,801-576-6500,,,,,,,TRUE,2
Tish Buroker,Mayor,city,Riverton,,TRUE,INCUMBENT — not on 2026 ballot,,,,https://www.rivertonutah.gov/government/city-council/index.php,tburoker@rivertonutah.gov,801-208-3129,,,,,,,TRUE,1
Andy Pierucci,City Council District 1,city,Riverton,,TRUE,INCUMBENT — not on 2026 ballot,,,,https://www.rivertonutah.gov/government/city-council/index.php,apierucci@rivertonutah.gov,801-999-0195,,,,,,,TRUE,2
Troy McDougal,City Council District 2,city,Riverton,,TRUE,INCUMBENT — not on 2026 ballot,,,,https://www.rivertonutah.gov/government/city-council/index.php,tmcdougal@rivertonutah.gov,801-931-9933,,,,,,,TRUE,3
Alexander Johnson,City Council District 3,city,Riverton,,TRUE,INCUMBENT — not on 2026 ballot,,,,https://www.rivertonutah.gov/government/city-council/index.php,ajohnson@rivertonutah.gov,801-810-0612,,,,,,,TRUE,4
Shannon Smith,City Council District 4,city,Riverton,,TRUE,INCUMBENT — not on 2026 ballot,,,,https://www.rivertonutah.gov/government/city-council/index.php,ssmith@rivertonutah.gov,801-520-4136,,,,,,,TRUE,5
Spencer Haymond,City Council District 5,city,Riverton,,TRUE,INCUMBENT — not on 2026 ballot,,,,https://www.rivertonutah.gov/government/city-council/index.php,shaymond@rivertonutah.gov,801-381-5757,,,,,,,TRUE,6
Brett A. Hales,Mayor,city,Murray,,TRUE,INCUMBENT — not on 2026 ballot,,,,https://www.murray.utah.gov/683/Council-Members,,801-264-2600,,,,,,,TRUE,1
Paul Pickett,City Council District 1,city,Murray,,TRUE,INCUMBENT — not on 2026 ballot,,,,https://www.murray.utah.gov/683/Council-Members,ppickett@murray.utah.gov,801-743-0911,,,,,,,TRUE,2
Pam Cotter,City Council District 2,city,Murray,,TRUE,INCUMBENT — not on 2026 ballot,,,,https://www.murray.utah.gov/683/Council-Members,pcotter@murray.utah.gov,801-541-8364,,,,,,,TRUE,3
Clark Bullen,City Council District 3,city,Murray,,TRUE,INCUMBENT — not on 2026 ballot,,,,https://www.murray.utah.gov/683/Council-Members,cbullen@murray.utah.gov,801-718-2017,,,,,,,TRUE,4
Diane Turner,City Council District 4,city,Murray,,TRUE,INCUMBENT — not on 2026 ballot,,,,https://www.murray.utah.gov/683/Council-Members,dturner@murray.utah.gov,801-635-6382,,,,,,,TRUE,5
Adam Hock,City Council District 5,city,Murray,,TRUE,INCUMBENT — not on 2026 ballot,,,,https://www.murray.utah.gov/683/Council-Members,ahock@murray.utah.gov,801-557-1346,,,,,,,TRUE,6
Marsha Judkins,Mayor,city,Provo,,TRUE,INCUMBENT — not on 2026 ballot,,,,https://www.provo.gov/Directory.aspx?did=22,,,,,,,,,TRUE,1
Craig Christensen,City Council District 1,city,Provo,,TRUE,INCUMBENT — not on 2026 ballot,,,,https://www.provo.gov/Directory.aspx?did=22,,,,,,,,,TRUE,2
Jeff Whitlock,City Council District 2,city,Provo,,TRUE,INCUMBENT — not on 2026 ballot,,,,https://www.provo.gov/Directory.aspx?did=22,,,,,,,,,TRUE,3
Becky Bogdin,City Council District 3,city,Provo,,TRUE,INCUMBENT — not on 2026 ballot,,,,https://www.provo.gov/Directory.aspx?did=22,,,,,,,,,TRUE,4
Travis Hoban,City Council District 4,city,Provo,,TRUE,INCUMBENT — not on 2026 ballot,,,,https://www.provo.gov/Directory.aspx?did=22,,,,,,,,,TRUE,5
Rachel Whipple,City Council District 5,city,Provo,,TRUE,INCUMBENT — not on 2026 ballot,,,,https://www.provo.gov/Directory.aspx?did=22,,,,,,,,,TRUE,6
Katrice MacKay,City Council Citywide Seat I,city,Provo,,TRUE,INCUMBENT — not on 2026 ballot,,,,https://www.provo.gov/Directory.aspx?did=22,,,,,,,,,TRUE,7
Gary Garrett,City Council Citywide Seat II,city,Provo,,TRUE,INCUMBENT — not on 2026 ballot,,,,https://www.provo.gov/Directory.aspx?did=22,,,,,,,,,TRUE,8
Karen McCandless,Mayor,city,Orem,,TRUE,INCUMBENT — not on 2026 ballot,,,,https://orem.gov/citycouncil/,,801-724-3803,,,,,,,TRUE,1
Jeff Lambson,City Council Member,city,Orem,,TRUE,INCUMBENT — not on 2026 ballot,,,,https://orem.gov/citycouncil/,,(801) 787-4306,,,,,,,TRUE,2
Jenn Gale,City Council Member,city,Orem,,TRUE,INCUMBENT — not on 2026 ballot,,,,https://orem.gov/citycouncil/,,801-368-3852,,,,,,,TRUE,2
Chris Killpack,City Council Member,city,Orem,,TRUE,INCUMBENT — not on 2026 ballot,,,,https://orem.gov/citycouncil/,,(801) 420-1505,,,,,,,TRUE,2
Quinn Mecham,City Council Member,city,Orem,,TRUE,INCUMBENT — not on 2026 ballot,,,,https://orem.gov/citycouncil/,,,,,,,,,TRUE,2
LaNae Millett,City Council Member,city,Orem,,TRUE,INCUMBENT — not on 2026 ballot,,,,https://orem.gov/citycouncil/,,(801) 836-8733,,,,,,,TRUE,2
Crystal Muhlestein,City Council Member,city,Orem,,TRUE,INCUMBENT — not on 2026 ballot,,,,https://orem.gov/citycouncil/,,,,,,,,,TRUE,2
Paul Binns,Mayor,city,Lehi,,TRUE,INCUMBENT — not on 2026 ballot,,,,https://www.lehi-ut.gov/government/mayor-and-council/,sbenson@lehi-ut.gov,385.201.2274,,,,,,,TRUE,1
Rachel Freeman,City Council At-Large,city,Lehi,,TRUE,INCUMBENT — not on 2026 ballot,,,,https://www.lehi-ut.gov/government/mayor-and-council/,rfreeman@lehi-ut.gov,801.341.9133,,,,,,,TRUE,2
James Harrison,City Council At-Large,city,Lehi,,TRUE,INCUMBENT — not on 2026 ballot,,,,https://www.lehi-ut.gov/government/mayor-and-council/,jharrison@lehi-ut.gov,385.549.6567,,,,,,,TRUE,2
Emily Lockhart,City Council At-Large,city,Lehi,,TRUE,INCUMBENT — not on 2026 ballot,,,,https://www.lehi-ut.gov/government/mayor-and-council/,elockhart@lehi-ut.gov,801.310.0803,,,,,,,TRUE,2
Heather Newall,City Council At-Large,city,Lehi,,TRUE,INCUMBENT — not on 2026 ballot,,,,https://www.lehi-ut.gov/government/mayor-and-council/,hnewall@lehi-ut.gov,801.901.3710,,,,,,,TRUE,2
Michelle Stallings,City Council At-Large,city,Lehi,,TRUE,INCUMBENT — not on 2026 ballot,,,,https://www.lehi-ut.gov/government/mayor-and-council/,mstallings@lehi-ut.gov,801.636.4846,,,,,,,TRUE,2
Jared Gray,Mayor,city,Eagle Mountain,,TRUE,INCUMBENT — not on 2026 ballot,,,,https://eaglemountain.gov/government/mayor-city-council/,mayor@eaglemountain.gov,(801) 789-6603,,,,,,,TRUE,1
Melissa Clark,City Council Member,city,Eagle Mountain,,TRUE,INCUMBENT — not on 2026 ballot,,,,https://eaglemountain.gov/government/mayor-city-council/,mclark@eaglemountain.gov,(801) 357-9156,,,,,,,TRUE,2
Zachory Huish,City Council Member,city,Eagle Mountain,,TRUE,INCUMBENT — not on 2026 ballot,,,,https://eaglemountain.gov/government/mayor-city-council/,zhuish@eaglemountain.gov,(801) 643-9728,,,,,,,TRUE,2
Craig Whiting,City Council Member,city,Eagle Mountain,,TRUE,INCUMBENT — not on 2026 ballot,,,,https://eaglemountain.gov/government/mayor-city-council/,cwhiting@eaglemountain.gov,(801) 879-4642,,,,,,,TRUE,2
Rich Wood,City Council Member,city,Eagle Mountain,,TRUE,INCUMBENT — not on 2026 ballot,,,,https://eaglemountain.gov/government/mayor-city-council/,rwood@eaglemountain.gov,(801) 634-8855,,,,,,,TRUE,2
Brett Wright,City Council Member,city,Eagle Mountain,,TRUE,INCUMBENT — not on 2026 ballot,,,,https://eaglemountain.gov/government/mayor-city-council/,bwright@eaglemountain.gov,(801) 722-9644,,,,,,,TRUE,2
Christopher Carn,Mayor,city,Saratoga Springs,,TRUE,INCUMBENT — not on 2026 ballot,,,,https://www.saratogasprings-ut.gov/27/Government,,801-766-9793,,,,,,,TRUE,1
Audrey Barton,City Council Member,city,Saratoga Springs,,TRUE,INCUMBENT — not on 2026 ballot,,,,https://www.saratogasprings-ut.gov/27/Government,,801-766-9793,,,,,,,TRUE,2
Edon Davenport,City Council Member,city,Saratoga Springs,,TRUE,INCUMBENT — not on 2026 ballot,,,,https://www.saratogasprings-ut.gov/27/Government,,801-766-9793,,,,,,,TRUE,2
Robert Taylor,City Council Member,city,Saratoga Springs,,TRUE,INCUMBENT — not on 2026 ballot,,,,https://www.saratogasprings-ut.gov/27/Government,,801-766-9793,,,,,,,TRUE,2
Lance Wadman,City Council Member,city,Saratoga Springs,,TRUE,INCUMBENT — not on 2026 ballot,,,,https://www.saratogasprings-ut.gov/27/Government,,801-766-9793,,,,,,,TRUE,2
Emma Wilson,City Council Member,city,Saratoga Springs,,TRUE,INCUMBENT — not on 2026 ballot,,,,https://www.saratogasprings-ut.gov/27/Government,,801-766-9793,,,,,,,TRUE,2
Mike Mendenhall,Mayor,city,Spanish Fork,,TRUE,INCUMBENT — not on 2026 ballot,,,,https://www.spanishfork.gov/government/mayor_and_city_council/index.php,mmendenhall@spanishfork.gov,(801) 804-4500,,,,,,,TRUE,1
Stacy Beck,City Council Member,city,Spanish Fork,,TRUE,INCUMBENT — not on 2026 ballot,,,,https://www.spanishfork.gov/government/mayor_and_city_council/index.php,sbeck@spanishfork.gov,,,,,,,,TRUE,2
Jesse Cardon,City Council Member,city,Spanish Fork,,TRUE,INCUMBENT — not on 2026 ballot,,,,https://www.spanishfork.gov/government/mayor_and_city_council/index.php,jcardon@spanishfork.gov,,,,,,,,TRUE,2
Shane Marshall,City Council Member,city,Spanish Fork,,TRUE,INCUMBENT — not on 2026 ballot,,,,https://www.spanishfork.gov/government/mayor_and_city_council/index.php,smarshall@spanishfork.gov,,,,,,,,TRUE,2
Kevin Oyler,City Council Member,city,Spanish Fork,,TRUE,INCUMBENT — not on 2026 ballot,,,,https://www.spanishfork.gov/government/mayor_and_city_council/index.php,koyler@spanishfork.gov,,,,,,,,TRUE,2
Landon Tooke,City Council Member,city,Spanish Fork,,TRUE,INCUMBENT — not on 2026 ballot,,,,https://www.spanishfork.gov/government/mayor_and_city_council/index.php,ltooke@spanishfork.gov,,,,,,,,TRUE,2
Eric Jensen,Mayor,city,Pleasant Grove,,TRUE,INCUMBENT — not on 2026 ballot,,,,https://www.pgcityutah.gov/government/mayor_council.php,mayor@pgcityutah.gov,(801) 785-5045,,,,,,,TRUE,1
Dianna Andersen,City Council Member,city,Pleasant Grove,,TRUE,INCUMBENT — not on 2026 ballot,,,,https://www.pgcityutah.gov/government/mayor_council.php,dandersen@pgcityutah.gov,(801) 785-5045,,,,,,,TRUE,2
Cyd LeMone,City Council Member,city,Pleasant Grove,,TRUE,INCUMBENT — not on 2026 ballot,,,,https://www.pgcityutah.gov/government/mayor_council.php,clemone@pgcityutah.gov,(801) 785-5045,,,,,,,TRUE,2
Steve Rogers,City Council Member,city,Pleasant Grove,,TRUE,INCUMBENT — not on 2026 ballot,,,,https://www.pgcityutah.gov/government/mayor_council.php,srogers@pgcityutah.gov,(801) 785-5045,,,,,,,TRUE,2
Todd Williams,City Council Member,city,Pleasant Grove,,TRUE,INCUMBENT — not on 2026 ballot,,,,https://www.pgcityutah.gov/government/mayor_council.php,twilliams@pgcityutah.gov,(801) 785-5045,,,,,,,TRUE,2
Dustin Phillips,City Council Member,city,Pleasant Grove,,TRUE,INCUMBENT — not on 2026 ballot,,,,https://www.pgcityutah.gov/government/mayor_council.php,dphillips@pgcityutah.gov,(801) 785-5045,,,,,,,TRUE,2
Brad Frost,Mayor,city,American Fork,,TRUE,INCUMBENT — not on 2026 ballot,,,,https://www.americanfork.gov/678/Mayor-City-Council,mayor@americanfork.gov,801-763-3000,,,,,,,TRUE,1
Staci Carroll,City Council Member,city,American Fork,,TRUE,INCUMBENT — not on 2026 ballot,,,,https://www.americanfork.gov/678/Mayor-City-Council,scarroll@americanfork.gov,801-763-3000,,,,,,,TRUE,2
Ryan Hunter,City Council Member,city,American Fork,,TRUE,INCUMBENT — not on 2026 ballot,,,,https://www.americanfork.gov/678/Mayor-City-Council,rhunter@americanfork.gov,801-763-3000,,,,,,,TRUE,2
Clark Taylor,City Council Member,city,American Fork,,TRUE,INCUMBENT — not on 2026 ballot,,,,https://www.americanfork.gov/678/Mayor-City-Council,ctaylor@americanfork.gov,801-763-3000,,,,,,,TRUE,2
Tim Holley,City Council Member,city,American Fork,,TRUE,INCUMBENT — not on 2026 ballot,,,,https://www.americanfork.gov/678/Mayor-City-Council,tholley@americanfork.gov,801-763-3000,,,,,,,TRUE,2
Ernie John,City Council Member,city,American Fork,,TRUE,INCUMBENT — not on 2026 ballot,,,,https://www.americanfork.gov/678/Mayor-City-Council,ejohn@americanfork.gov,801-763-3000,,,,,,,TRUE,2
Matt Packard,Mayor,city,Springville,,TRUE,INCUMBENT — not on 2026 ballot,,,,https://www.springvilleutah.gov/government/,,(801) 489-2700,,,,,,,TRUE,1
Logan Millsap,City Council Member,city,Springville,,TRUE,INCUMBENT — not on 2026 ballot,,,,https://www.springvilleutah.gov/government/,,(801) 489-2700,,,,,,,TRUE,2
Karen Ellingson,City Council Member,city,Springville,,TRUE,INCUMBENT — not on 2026 ballot,,,,https://www.springvilleutah.gov/government/,,(801) 489-2700,,,,,,,TRUE,2
Mike Snelson,City Council Member,city,Springville,,TRUE,INCUMBENT — not on 2026 ballot,,,,https://www.springvilleutah.gov/government/,,(801) 489-2700,,,,,,,TRUE,2
Jake Smith,City Council Member,city,Springville,,TRUE,INCUMBENT — not on 2026 ballot,,,,https://www.springvilleutah.gov/government/,,(801) 489-2700,,,,,,,TRUE,2
Mindi Wright,City Council Member,city,Springville,,TRUE,INCUMBENT — not on 2026 ballot,,,,https://www.springvilleutah.gov/government/,,(801) 489-2700,,,,,,,TRUE,2
William R. Wright,Mayor,city,Payson,,TRUE,INCUMBENT — not on 2026 ballot,,,,https://www.payson.org/,,,,,,,,,TRUE,1
Brian Hulet,City Council Member,city,Payson,,TRUE,INCUMBENT — not on 2026 ballot,,,,https://www.payson.org/,,,,,,,,,TRUE,2
Anne Moss,City Council Member,city,Payson,,TRUE,INCUMBENT — not on 2026 ballot,,,,https://www.payson.org/,,,,,,,,,TRUE,2
Bob Provstgaard,City Council Member,city,Payson,,TRUE,INCUMBENT — not on 2026 ballot,,,,https://www.payson.org/,,,,,,,,,TRUE,2
Ryan Rowley,City Council Member,city,Payson,,TRUE,INCUMBENT — not on 2026 ballot,,,,https://www.payson.org/,,,,,,,,,TRUE,2
Lacee Smith,City Council Member,city,Payson,,TRUE,INCUMBENT — not on 2026 ballot,,,,https://www.payson.org/,,,,,,,,,TRUE,2
Brittney P. Bills,Mayor,city,Highland,,TRUE,INCUMBENT — not on 2026 ballot,,,,https://www.highlandut.gov/Directory.aspx,mayor@highlandut.gov,801-756-5751,,,,,,,TRUE,1
Ron Campbell,City Council Member,city,Highland,,TRUE,INCUMBENT — not on 2026 ballot,,,,https://www.highlandut.gov/Directory.aspx,,,,,,,,,TRUE,2
Doug Cortney,City Council Member,city,Highland,,TRUE,INCUMBENT — not on 2026 ballot,,,,https://www.highlandut.gov/Directory.aspx,,,,,,,,,TRUE,2
Liz Rice,City Council Member,city,Highland,,TRUE,INCUMBENT — not on 2026 ballot,,,,https://www.highlandut.gov/Directory.aspx,,,,,,,,,TRUE,2
Kim Rodela,City Council Member,city,Highland,,TRUE,INCUMBENT — not on 2026 ballot,,,,https://www.highlandut.gov/Directory.aspx,,,,,,,,,TRUE,2
Scott L. Smith,City Council Member,city,Highland,,TRUE,INCUMBENT — not on 2026 ballot,,,,https://www.highlandut.gov/Directory.aspx,,,,,,,,,TRUE,2
Zack Stratton,Mayor,city,Vineyard,,TRUE,INCUMBENT — not on 2026 ballot,,,,https://www.vineyardutah.gov/government/city_council2.php,mayor@vineyardutah.gov,801.226.1929,,,,,,,TRUE,1
Chip Price,City Council Member,city,Vineyard,,TRUE,INCUMBENT — not on 2026 ballot,,,,https://www.vineyardutah.gov/government/city_council2.php,chipp@vineyardutah.gov,801.226.1929,,,,,,,TRUE,2
David Lauret,City Council Member,city,Vineyard,,TRUE,INCUMBENT — not on 2026 ballot,,,,https://www.vineyardutah.gov/government/city_council2.php,davidl@vineyardutah.gov,801.226.1929,,,,,,,TRUE,2
Jacob Holdaway,City Council Member,city,Vineyard,,TRUE,INCUMBENT — not on 2026 ballot,,,,https://www.vineyardutah.gov/government/city_council2.php,jacobh@vineyardutah.gov,801.226.1929,,,,,,,TRUE,2
Jacob Wood,City Council Member,city,Vineyard,,TRUE,INCUMBENT — not on 2026 ballot,,,,https://www.vineyardutah.gov/government/city_council2.php,jacobw@vineyardutah.gov,801.226.1929,,,,,,,TRUE,2
Parker McCumber,City Council Member,city,Vineyard,,TRUE,INCUMBENT — not on 2026 ballot,,,,https://www.vineyardutah.gov/government/city_council2.php,parkerm@vineyardutah.gov,801.226.1929,,,,,,,TRUE,2
Therin Garrett,Mayor,city,Mapleton,,TRUE,INCUMBENT — not on 2026 ballot,,,,https://www.mapleton.org/_government/mayor___city_council/index.php,,801-489-5655,,,,,,,TRUE,1
Kasey Beck,City Council Member,city,Mapleton,,TRUE,INCUMBENT — not on 2026 ballot,,,,https://www.mapleton.org/_government/mayor___city_council/index.php,,801-489-5655,,,,,,,TRUE,2
Melanie Bott,City Council Member,city,Mapleton,,TRUE,INCUMBENT — not on 2026 ballot,,,,https://www.mapleton.org/_government/mayor___city_council/index.php,,801-489-5655,,,,,,,TRUE,2
Jessica Egbert,City Council Member,city,Mapleton,,TRUE,INCUMBENT — not on 2026 ballot,,,,https://www.mapleton.org/_government/mayor___city_council/index.php,,801-489-5655,,,,,,,TRUE,2
Leslie Jones,City Council Member,city,Mapleton,,TRUE,INCUMBENT — not on 2026 ballot,,,,https://www.mapleton.org/_government/mayor___city_council/index.php,,801-489-5655,,,,,,,TRUE,2
Jake Lake,City Council Member,city,Mapleton,,TRUE,INCUMBENT — not on 2026 ballot,,,,https://www.mapleton.org/_government/mayor___city_council/index.php,,801-489-5655,,,,,,,TRUE,2
Carolyn Lundberg,Mayor,city,Lindon,,TRUE,INCUMBENT — not on 2026 ballot,,,,https://lindon.gov/171/City-Council,,801-785-5043,,,,,,,TRUE,1
Van Broderick,City Council Member,city,Lindon,,TRUE,INCUMBENT — not on 2026 ballot,,,,https://lindon.gov/171/City-Council,,801-785-5043,,,,,,,TRUE,2
Cole Hooley,City Council Member,city,Lindon,,TRUE,INCUMBENT — not on 2026 ballot,,,,https://lindon.gov/171/City-Council,,801-785-5043,,,,,,,TRUE,2
Jake Hoyt,City Council Member,city,Lindon,,TRUE,INCUMBENT — not on 2026 ballot,,,,https://lindon.gov/171/City-Council,,801-785-5043,,,,,,,TRUE,2
Lincoln Jacobs,City Council Member,city,Lindon,,TRUE,INCUMBENT — not on 2026 ballot,,,,https://lindon.gov/171/City-Council,,801-785-5043,,,,,,,TRUE,2
Steve Stewart,City Council Member,city,Lindon,,TRUE,INCUMBENT — not on 2026 ballot,,,,https://lindon.gov/171/City-Council,,801-785-5043,,,,,,,TRUE,2
Carla Merrill,Mayor,city,Alpine,,TRUE,INCUMBENT — not on 2026 ballot,,,,https://www.alpineut.gov/178/Mayor-City-Council,,801-756-6347,,,,,,,TRUE,1
Sarah Blackwell,City Council Member,city,Alpine,,TRUE,INCUMBENT — not on 2026 ballot,,,,https://www.alpineut.gov/178/Mayor-City-Council,,801-756-6347,,,,,,,TRUE,2
Chrissy Hannemann,City Council Member,city,Alpine,,TRUE,INCUMBENT — not on 2026 ballot,,,,https://www.alpineut.gov/178/Mayor-City-Council,,801-756-6347,,,,,,,TRUE,2
Brent Rummler,City Council Member,city,Alpine,,TRUE,INCUMBENT — not on 2026 ballot,,,,https://www.alpineut.gov/178/Mayor-City-Council,brummler@alpineut.gov,801-756-6347,,,,,,,TRUE,2
Jessica Smuin,City Council Member,city,Alpine,,TRUE,INCUMBENT — not on 2026 ballot,,,,https://www.alpineut.gov/178/Mayor-City-Council,,801-756-6347,,,,,,,TRUE,2
Andrew Young,City Council Member,city,Alpine,,TRUE,INCUMBENT — not on 2026 ballot,,,,https://www.alpineut.gov/178/Mayor-City-Council,,801-756-6347,,,,,,,TRUE,2
Rob Haddock,Mayor,city,Elk Ridge,,TRUE,INCUMBENT — not on 2026 ballot,,,,https://www.elkridgeutah.gov/city-government,Mayor@ElkRidgeCity.Org,801-423-2300,,,,,,,TRUE,1
Cory Thompson,City Council Member,city,Elk Ridge,,TRUE,INCUMBENT — not on 2026 ballot,,,,https://www.elkridgeutah.gov/city-government,CoryT@ElkRidgeCity.org,801-423-2300,,,,,,,TRUE,2
Jared Peterson,City Council Member,city,Elk Ridge,,TRUE,INCUMBENT — not on 2026 ballot,,,,https://www.elkridgeutah.gov/city-government,JaredP@ElkRidgeCity.Org,801-423-2300,,,,,,,TRUE,2
Melanie Paxton,City Council Member,city,Elk Ridge,,TRUE,INCUMBENT — not on 2026 ballot,,,,https://www.elkridgeutah.gov/city-government,M.Paxton@ElkRidgeCity.Org,801-423-2300,,,,,,,TRUE,2
Charles Wixom,City Council Member,city,Elk Ridge,,TRUE,INCUMBENT — not on 2026 ballot,,,,https://www.elkridgeutah.gov/city-government,C.Wixom@ElkRidgeCity.org,801-423-2300,,,,,,,TRUE,2
Tanya Willis,City Council Member,city,Elk Ridge,,TRUE,INCUMBENT — not on 2026 ballot,,,,https://www.elkridgeutah.gov/city-government,T.Willis@ElkRidgeCity.Org,801-423-2300,,,,,,,TRUE,2
Neil Brown,Mayor,city,Genola,,TRUE,INCUMBENT — not on 2026 ballot,,,,https://genolaut.gov/town-officials,,(801) 754-5300,,,,,,,TRUE,1
Curtis Thomas,Town Council Member,city,Genola,,TRUE,INCUMBENT — not on 2026 ballot,,,,https://genolaut.gov/town-officials,,(801) 754-5300,,,,,,,TRUE,2
Chad Coburn,Town Council Member,city,Genola,,TRUE,INCUMBENT — not on 2026 ballot,,,,https://genolaut.gov/town-officials,,(801) 754-5300,,,,,,,TRUE,2
Grant Lundberg,Town Council Member,city,Genola,,TRUE,INCUMBENT — not on 2026 ballot,,,,https://genolaut.gov/town-officials,,(801) 754-5300,,,,,,,TRUE,2
Brenan Jackson,Town Council Member,city,Genola,,TRUE,INCUMBENT — not on 2026 ballot,,,,https://genolaut.gov/town-officials,,(801) 754-5300,,,,,,,TRUE,2
Joy Petro,Mayor,city,Layton,,TRUE,INCUMBENT — not on 2026 ballot,,,,https://www.laytoncityutah.gov/LC/Government/CouncilMembers,jpetro@laytoncityutah.gov,(801) 544-9612,,,,,,,TRUE,1
Zach Bloxham,City Council Member,city,Layton,,TRUE,INCUMBENT — not on 2026 ballot,,,,https://www.laytoncityutah.gov/LC/Government/CouncilMembers,zbloxham@laytoncityutah.gov,(801) 814-4280,,,,,,,TRUE,2
Bettina Smith Edmondson,City Council Member,city,Layton,,TRUE,INCUMBENT — not on 2026 ballot,,,,https://www.laytoncityutah.gov/LC/Government/CouncilMembers,bedmondson@laytoncityutah.gov,(385) 895-2248,,,,,,,TRUE,2
Mike Kolendrianos,City Council Member,city,Layton,,TRUE,INCUMBENT — not on 2026 ballot,,,,https://www.laytoncityutah.gov/LC/Government/CouncilMembers,mkolendrianos@laytoncityutah.gov,(801) 725-1928,,,,,,,TRUE,2
Clint Morris,City Council Member,city,Layton,,TRUE,INCUMBENT — not on 2026 ballot,,,,https://www.laytoncityutah.gov/LC/Government/CouncilMembers,cmorris@laytoncityutah.gov,(801) 721-4420,,,,,,,TRUE,2
Dave Thomas,City Council Member,city,Layton,,TRUE,INCUMBENT — not on 2026 ballot,,,,https://www.laytoncityutah.gov/LC/Government/CouncilMembers,dthomas@laytoncityutah.gov,(801) 499-1860,,,,,,,TRUE,2
Kate Bradshaw,Mayor,city,Bountiful,,TRUE,INCUMBENT — not on 2026 ballot,,,,https://www.bountiful.gov/172/Mayor-City-Council,kbradshaw@bountiful.gov,801-599-9017,,,,,,,TRUE,1
Dan Bell,City Council Member,city,Bountiful,,TRUE,INCUMBENT — not on 2026 ballot,,,,https://www.bountiful.gov/172/Mayor-City-Council,dbell@bountiful.gov,801-896-7388,,,,,,,TRUE,2
Millie Segura Bahr,City Council Member,city,Bountiful,,TRUE,INCUMBENT — not on 2026 ballot,,,,https://www.bountiful.gov/172/Mayor-City-Council,mbahr@bountiful.gov,801-935-1409,,,,,,,TRUE,2
Beth Child,City Council Member,city,Bountiful,,TRUE,INCUMBENT — not on 2026 ballot,,,,https://www.bountiful.gov/172/Mayor-City-Council,bchild@bountiful.gov,801-712-1638,,,,,,,TRUE,2
Matt Murri,City Council Member,city,Bountiful,,TRUE,INCUMBENT — not on 2026 ballot,,,,https://www.bountiful.gov/172/Mayor-City-Council,mattmurri@bountiful.gov,801-510-8210,,,,,,,TRUE,2
Richard Higginson,City Council Member,city,Bountiful,,TRUE,INCUMBENT — not on 2026 ballot,,,,https://www.bountiful.gov/172/Mayor-City-Council,rhigginson@bountiful.gov,801-554-5173,,,,,,,TRUE,2
Dave Maughan,Mayor,city,Syracuse,,TRUE,INCUMBENT — not on 2026 ballot,,,,https://www.syracuseut.gov/258/City-Council,,801-825-1477,,,,,,,TRUE,1
Julie Robertson,City Council Member,city,Syracuse,,TRUE,INCUMBENT — not on 2026 ballot,,,,https://www.syracuseut.gov/258/City-Council,,801-825-1477,,,,,,,TRUE,2
Paul Watson,City Council Member,city,Syracuse,,TRUE,INCUMBENT — not on 2026 ballot,,,,https://www.syracuseut.gov/258/City-Council,,801-825-1477,,,,,,,TRUE,2
Brett Cragun,City Council Member,city,Syracuse,,TRUE,INCUMBENT — not on 2026 ballot,,,,https://www.syracuseut.gov/258/City-Council,,801-825-1477,,,,,,,TRUE,2
Abraham Pollard,City Council Member,city,Syracuse,,TRUE,INCUMBENT — not on 2026 ballot,,,,https://www.syracuseut.gov/258/City-Council,,801-825-1477,,,,,,,TRUE,2
Andrea Brown,City Council Member,city,Syracuse,,TRUE,INCUMBENT — not on 2026 ballot,,,,https://www.syracuseut.gov/258/City-Council,,801-825-1477,,,,,,,TRUE,2
Mark Shepherd,Mayor,city,Clearfield,,TRUE,INCUMBENT — not on 2026 ballot,,,,https://clearfield.city/government/city-council/,mark.shepherd@clearfieldcityut.gov,801-540-0348,,,,,,,TRUE,1
Danielle King,City Council Member,city,Clearfield,,TRUE,INCUMBENT — not on 2026 ballot,,,,https://clearfield.city/government/city-council/,danielle.king@clearfieldcityut.gov,(407) 590-7505,,,,,,,TRUE,2
Karece Thompson,City Council Member,city,Clearfield,,TRUE,INCUMBENT — not on 2026 ballot,,,,https://clearfield.city/government/city-council/,karece.thompson@clearfieldcityut.gov,385-383-5600,,,,,,,TRUE,2
Dakota Wurth,City Council Member,city,Clearfield,,TRUE,INCUMBENT — not on 2026 ballot,,,,https://clearfield.city/government/city-council/,dakota.wurth@clearfieldcityut.gov,801-721-8498,,,,,,,TRUE,2
Megan Ratchford,City Council Member,city,Clearfield,,TRUE,INCUMBENT — not on 2026 ballot,,,,https://clearfield.city/government/city-council/,megan.ratchford@clearfieldcityut.gov,717-676-5212,,,,,,,TRUE,2
Nike Peterson,City Council Member,city,Clearfield,,TRUE,INCUMBENT — not on 2026 ballot,,,,https://clearfield.city/government/city-council/,nike.peterson@clearfieldcityut.gov,801-332-0323,,,,,,,TRUE,2
Tamara Tran,Mayor,city,Kaysville,,TRUE,INCUMBENT — not on 2026 ballot,,,,https://kaysville.gov/337/Mayor-City-Council,,801-546-1235,,,,,,,TRUE,1
John Swan Adams,City Council Member,city,Kaysville,,TRUE,INCUMBENT — not on 2026 ballot,,,,https://kaysville.gov/337/Mayor-City-Council,,801-546-1235,,,,,,,TRUE,2
Mike Blackham,City Council Member,city,Kaysville,,TRUE,INCUMBENT — not on 2026 ballot,,,,https://kaysville.gov/337/Mayor-City-Council,,801-546-1235,,,,,,,TRUE,2
Abbigayle Hunt,City Council Member,city,Kaysville,,TRUE,INCUMBENT — not on 2026 ballot,,,,https://kaysville.gov/337/Mayor-City-Council,,801-546-1235,,,,,,,TRUE,2
Nate Jackson,City Council Member,city,Kaysville,,TRUE,INCUMBENT — not on 2026 ballot,,,,https://kaysville.gov/337/Mayor-City-Council,,801-546-1235,,,,,,,TRUE,2
Joshua McBride,City Council Member,city,Kaysville,,TRUE,INCUMBENT — not on 2026 ballot,,,,https://kaysville.gov/337/Mayor-City-Council,,801-546-1235,,,,,,,TRUE,2
Brett Anderson,Mayor,city,Farmington,,TRUE,INCUMBENT — not on 2026 ballot,,,,https://www.farmington.utah.gov/174/Mayor-City-Council,banderson@farmington.utah.gov,801-451-2383,,,,,,,TRUE,1
Roger Child,City Council Member,city,Farmington,,TRUE,INCUMBENT — not on 2026 ballot,,,,https://www.farmington.utah.gov/174/Mayor-City-Council,rchild@farmington.utah.gov,801-451-2383,,,,,,,TRUE,2
Scott Isaacson,City Council Member,city,Farmington,,TRUE,INCUMBENT — not on 2026 ballot,,,,https://www.farmington.utah.gov/174/Mayor-City-Council,sisaacson@farmington.utah.gov,801-451-2383,,,,,,,TRUE,2
Melissa Layton,City Council Member,city,Farmington,,TRUE,INCUMBENT — not on 2026 ballot,,,,https://www.farmington.utah.gov/174/Mayor-City-Council,mlayton@farmington.utah.gov,801-451-2383,,,,,,,TRUE,2
Kristen Sherlock,City Council Member,city,Farmington,,TRUE,INCUMBENT — not on 2026 ballot,,,,https://www.farmington.utah.gov/174/Mayor-City-Council,ksherlock@farmington.utah.gov,801-451-2383,,,,,,,TRUE,2
Amy Shumway,City Council Member,city,Farmington,,TRUE,INCUMBENT — not on 2026 ballot,,,,https://www.farmington.utah.gov/174/Mayor-City-Council,ashumway@farmington.utah.gov,801-451-2383,,,,,,,TRUE,2
Marie Dougherty,Mayor,city,Clinton,,TRUE,INCUMBENT — not on 2026 ballot,,,,https://clintoncity.net/2156/Mayor-City-Council,mdougherty@clinton.utah.gov,(801) 784-0334,,,,,,,TRUE,1
Dane Searle,City Council Member,city,Clinton,,TRUE,INCUMBENT — not on 2026 ballot,,,,https://clintoncity.net/2156/Mayor-City-Council,,(801) 614-0700,,,,,,,TRUE,2
Spencer Arave,City Council Member,city,Clinton,,TRUE,INCUMBENT — not on 2026 ballot,,,,https://clintoncity.net/2156/Mayor-City-Council,,(801) 614-0700,,,,,,,TRUE,2
Jennifer Christensen,City Council Member,city,Clinton,,TRUE,INCUMBENT — not on 2026 ballot,,,,https://clintoncity.net/2156/Mayor-City-Council,,(801) 614-0700,,,,,,,TRUE,2
Adam Larsen,City Council Member,city,Clinton,,TRUE,INCUMBENT — not on 2026 ballot,,,,https://clintoncity.net/2156/Mayor-City-Council,,(801) 614-0700,,,,,,,TRUE,2
Chris Danson,City Council Member,city,Clinton,,TRUE,INCUMBENT — not on 2026 ballot,,,,https://clintoncity.net/2156/Mayor-City-Council,,(801) 614-0700,,,,,,,TRUE,2
Brian Horrocks,Mayor,city,North Salt Lake,,TRUE,INCUMBENT — not on 2026 ballot,,,,https://nslcity.org/111/Mayor-City-Council,Mayor@nslcity.gov,801-540-7886,,,,,,,TRUE,1
Tammy Clayton,City Council Member,city,North Salt Lake,,TRUE,INCUMBENT — not on 2026 ballot,,,,https://nslcity.org/111/Mayor-City-Council,tammy.clayton@nslcity.gov,801-979-5568,,,,,,,TRUE,2
Suzette Jackson,City Council Member,city,North Salt Lake,,TRUE,INCUMBENT — not on 2026 ballot,,,,https://nslcity.org/111/Mayor-City-Council,suzette.jackson@nslcity.gov,801-668-6468,,,,,,,TRUE,2
Ted Knowlton,City Council Member,city,North Salt Lake,,TRUE,INCUMBENT — not on 2026 ballot,,,,https://nslcity.org/111/Mayor-City-Council,ted.knowlton@nslcity.gov,801-425-3534,,,,,,,TRUE,2
Heidi Smoot,City Council Member,city,North Salt Lake,,TRUE,INCUMBENT — not on 2026 ballot,,,,https://nslcity.org/111/Mayor-City-Council,heidi.smoot@nslcity.gov,(801) 335-8700,,,,,,,TRUE,2
Alisa Van Langeveld,City Council Member,city,North Salt Lake,,TRUE,INCUMBENT — not on 2026 ballot,,,,https://nslcity.org/111/Mayor-City-Council,alisa.vanlangeveld@nslcity.gov,801-335-8700,,,,,,,TRUE,2
Clark Wilkinson,Mayor,city,Centerville,,TRUE,INCUMBENT — not on 2026 ballot,,,,https://www.centervilleutah.gov/your-government/mayor-and-council/,,801-295-3477,,,,,,,TRUE,1
Gina Hirst,City Council Member,city,Centerville,,TRUE,INCUMBENT — not on 2026 ballot,,,,https://www.centervilleutah.gov/your-government/mayor-and-council/,,801-295-3477,,,,,,,TRUE,2
Cheylynn Hayman,City Council Member,city,Centerville,,TRUE,INCUMBENT — not on 2026 ballot,,,,https://www.centervilleutah.gov/your-government/mayor-and-council/,,801-295-3477,,,,,,,TRUE,2
Brian Plummer,City Council Member,city,Centerville,,TRUE,INCUMBENT — not on 2026 ballot,,,,https://www.centervilleutah.gov/your-government/mayor-and-council/,,801-295-3477,,,,,,,TRUE,2
Robyn Mecham,City Council Member,city,Centerville,,TRUE,INCUMBENT — not on 2026 ballot,,,,https://www.centervilleutah.gov/your-government/mayor-and-council/,,801-295-3477,,,,,,,TRUE,2
Rick Bangerter,City Council Member,city,Centerville,,TRUE,INCUMBENT — not on 2026 ballot,,,,https://www.centervilleutah.gov/your-government/mayor-and-council/,,801-295-3477,,,,,,,TRUE,2
Brian Vincent,Mayor,city,West Point,,TRUE,INCUMBENT — not on 2026 ballot,,,,https://www.westpointutah.gov/223/City-Council-Mayor,brian.vincent@westpointutah.gov,801-776-0970,,,,,,,TRUE,1
Jerry Chatterton,City Council Member,city,West Point,,TRUE,INCUMBENT — not on 2026 ballot,,,,https://www.westpointutah.gov/223/City-Council-Mayor,jerry.chatterton@westpointutah.gov,801-776-0970,,,,,,,TRUE,2
Annette Judd,City Council Member,city,West Point,,TRUE,INCUMBENT — not on 2026 ballot,,,,https://www.westpointutah.gov/223/City-Council-Mayor,ajudd@westpointutah.gov,801-776-0970,,,,,,,TRUE,2
Michele Swenson,City Council Member,city,West Point,,TRUE,INCUMBENT — not on 2026 ballot,,,,https://www.westpointutah.gov/223/City-Council-Mayor,michele.swenson@westpointutah.gov,801-776-0970,,,,,,,TRUE,2
Trent Yarbrough,City Council Member,city,West Point,,TRUE,INCUMBENT — not on 2026 ballot,,,,https://www.westpointutah.gov/223/City-Council-Mayor,trent.yarbrough@westpointutah.gov,801-776-0970,,,,,,,TRUE,2
Jeremy Strong,City Council Member,city,West Point,,TRUE,INCUMBENT — not on 2026 ballot,,,,https://www.westpointutah.gov/223/City-Council-Mayor,jeremy.strong@westpointutah.gov,801-776-0970,,,,,,,TRUE,2
Rod Westbroek,Mayor,city,South Weber,,TRUE,INCUMBENT — not on 2026 ballot,,,,https://southwebercity.gov/government/mayor-and-city-council/,rwestbroek@southwebercity.gov,801-479-3177 ext 2220,,,,,,,TRUE,1
Blair Halverson,City Council Member,city,South Weber,,TRUE,INCUMBENT — not on 2026 ballot,,,,https://southwebercity.gov/government/mayor-and-city-council/,bhalverson@southwebercity.gov,801-479-3177,,,,,,,TRUE,2
Angie Petty,City Council Member,city,South Weber,,TRUE,INCUMBENT — not on 2026 ballot,,,,https://southwebercity.gov/government/mayor-and-city-council/,apetty@southwebercity.gov,801-479-3177,,,,,,,TRUE,2
Joel Dills,City Council Member,city,South Weber,,TRUE,INCUMBENT — not on 2026 ballot,,,,https://southwebercity.gov/government/mayor-and-city-council/,jdills@southwebercity.gov,801-479-3177,,,,,,,TRUE,2
Jeremy Davis,City Council Member,city,South Weber,,TRUE,INCUMBENT — not on 2026 ballot,,,,https://southwebercity.gov/government/mayor-and-city-council/,jdavis@southwebercity.gov,801-479-3177,,,,,,,TRUE,2
Wayne Winsor,City Council Member,city,South Weber,,TRUE,INCUMBENT — not on 2026 ballot,,,,https://southwebercity.gov/government/mayor-and-city-council/,wwinsor@southwebercity.gov,801-479-3177,,,,,,,TRUE,2
Jeanne Groberg,Mayor,city,Fruit Heights,,TRUE,INCUMBENT — not on 2026 ballot,,,,https://www.fruitheights.gov/345/Meet-Your-Council,jgroberg@fruitheights.gov,801-635-9053,,,,,,,TRUE,1
Gary Anderson,City Council Member,city,Fruit Heights,,TRUE,INCUMBENT — not on 2026 ballot,,,,https://www.fruitheights.gov/345/Meet-Your-Council,ganderson@fruitheights.gov,801-739-3665,,,,,,,TRUE,2
Mark Cottrell,City Council Member,city,Fruit Heights,,TRUE,INCUMBENT — not on 2026 ballot,,,,https://www.fruitheights.gov/345/Meet-Your-Council,mcottrell@fruitheights.gov,502-758-4011,,,,,,,TRUE,2
David Hale,City Council Member,city,Fruit Heights,,TRUE,INCUMBENT — not on 2026 ballot,,,,https://www.fruitheights.gov/345/Meet-Your-Council,dhale@fruitheights.gov,801-870-0418,,,,,,,TRUE,2
Eileen Moss,City Council Member,city,Fruit Heights,,TRUE,INCUMBENT — not on 2026 ballot,,,,https://www.fruitheights.gov/345/Meet-Your-Council,emoss@fruitheights.gov,801-721-9375,,,,,,,TRUE,2
Blake Winslow,City Council Member,city,Fruit Heights,,TRUE,INCUMBENT — not on 2026 ballot,,,,https://www.fruitheights.gov/345/Meet-Your-Council,bwinslow@fruitheights.gov,801-819-9917,,,,,,,TRUE,2
Kenneth Romney,Mayor,city,West Bountiful,,TRUE,INCUMBENT — not on 2026 ballot,,,,https://wbcityut.gov/city-council/,kenr@gramoll.com,(801) 312-9805,,,,,,,TRUE,1
James Ahlstrom,City Council Member,city,West Bountiful,,TRUE,INCUMBENT — not on 2026 ballot,,,,https://wbcityut.gov/city-council/,JAhlstrom@parrbrown.com,(801) 694-2496,,,,,,,TRUE,2
Dell Butterfield,City Council Member,city,West Bountiful,,TRUE,INCUMBENT — not on 2026 ballot,,,,https://wbcityut.gov/city-council/,Dbutterfield@wbcityut.gov,(801) 541-2450,,,,,,,TRUE,2
Kelly Enquist,City Council Member,city,West Bountiful,,TRUE,INCUMBENT — not on 2026 ballot,,,,https://wbcityut.gov/city-council/,KellyEnquist@yahoo.com,(801) 292-1234,,,,,,,TRUE,2
Jenn Nielsen,City Council Member,city,West Bountiful,,TRUE,INCUMBENT — not on 2026 ballot,,,,https://wbcityut.gov/city-council/,jnjnielsen696@gmail.com,801-671-2669,,,,,,,TRUE,2
Julie Thompson,City Council Member,city,West Bountiful,,TRUE,INCUMBENT — not on 2026 ballot,,,,https://wbcityut.gov/city-council/,JulieT@wbcityut.gov,(801) 698-1920,,,,,,,TRUE,2
Pat Argyle,Mayor,city,Garden City,,TRUE,INCUMBENT — not on 2026 ballot,,,,https://www.gardencityutah.gov/council,pata@gardencityutah.gov,435-757-4576,,,,,,,TRUE,1
Ken Hansen,City Council Member,city,Garden City,,TRUE,INCUMBENT — not on 2026 ballot,,,,https://www.gardencityutah.gov/council,,(435) 946-2901,,,,,,,TRUE,2
Dan R. Larsen,City Council Member,city,Garden City,,TRUE,INCUMBENT — not on 2026 ballot,,,,https://www.gardencityutah.gov/council,danl@gardencityutah.gov,(435) 946-2901,,,,,,,TRUE,2
Susann House,City Council Member,city,Garden City,,TRUE,INCUMBENT — not on 2026 ballot,,,,https://www.gardencityutah.gov/council,susannh@gardencityutah.gov,(435) 946-2901,,,,,,,TRUE,2
"James ""Brad"" Davis",City Council Member,city,Garden City,,TRUE,INCUMBENT — not on 2026 ballot,,,,https://www.gardencityutah.gov/council,bradd@gardencityutah.gov,(435) 946-2901,,,,,,,TRUE,2
Brandon Willis,Mayor,city,Laketown,,TRUE,INCUMBENT — not on 2026 ballot,,,,https://laketown.utah.gov/government/,bwillis@laketown.utah.gov,(435) 946-9000,,,,,,,TRUE,1
Kris Hodges,Town Council Member,city,Laketown,,TRUE,INCUMBENT — not on 2026 ballot,,,,https://laketown.utah.gov/government/,,(435) 946-9000,,,,,,,TRUE,2
Burdette Weston,Town Council Member,city,Laketown,,TRUE,INCUMBENT — not on 2026 ballot,,,,https://laketown.utah.gov/government/,,(435) 946-9000,,,,,,,TRUE,2
Denise Johnson,Town Council Member,city,Laketown,,TRUE,INCUMBENT — not on 2026 ballot,,,,https://laketown.utah.gov/government/,,(435) 946-9000,,,,,,,TRUE,2
Kirsten Gash,Town Council Member,city,Laketown,,TRUE,INCUMBENT — not on 2026 ballot,,,,https://laketown.utah.gov/government/,,(435) 946-9000,,,,,,,TRUE,2
Aaron Rudie,Mayor,city,Smithfield,,TRUE,INCUMBENT — not on 2026 ballot,,,,https://smithfieldutah.gov/201/City-Council,arudie@smithfieldutah.gov,(435) 770-8259,,,,,,,TRUE,1
Jay Downs,City Council Member,city,Smithfield,,TRUE,INCUMBENT — not on 2026 ballot,,,,https://smithfieldutah.gov/201/City-Council,jdowns@smithfieldutah.gov,(435) 757-1579,,,,,,,TRUE,2
John Engler,City Council Member,city,Smithfield,,TRUE,INCUMBENT — not on 2026 ballot,,,,https://smithfieldutah.gov/201/City-Council,jengler@smithfieldutah.gov,(435) 881-6506,,,,,,,TRUE,3
Chris Olsen,City Council Member,city,Smithfield,,TRUE,INCUMBENT — not on 2026 ballot,,,,https://smithfieldutah.gov/201/City-Council,colsen@smithfieldutah.gov,(435) 232-0085,,,,,,,TRUE,4
Todd Orme,City Council Member,city,Smithfield,,TRUE,INCUMBENT — not on 2026 ballot,,,,https://smithfieldutah.gov/201/City-Council,torme@smithfieldutah.gov,(702) 348-8518,,,,,,,TRUE,5
Jenn Staker,City Council Member,city,Smithfield,,TRUE,INCUMBENT — not on 2026 ballot,,,,https://smithfieldutah.gov/201/City-Council,jstaker@smithfieldutah.gov,(435) 760-3415,,,,,,,TRUE,6
Lyndsay Peterson,Mayor,city,North Logan,,TRUE,INCUMBENT — not on 2026 ballot,,,,https://www.northlogancity.gov/contact-us,Lyndsay@northlogancity.gov,,,,,,,,TRUE,1
Buzzy Mullahkhel,City Council At-Large,city,North Logan,,TRUE,INCUMBENT — not on 2026 ballot,,,,https://www.northlogancity.gov/contact-us,Buzzy@northlogancity.gov,,,,,,,,TRUE,2
Emily Schmidt,City Council At-Large,city,North Logan,,TRUE,INCUMBENT — not on 2026 ballot,,,,https://www.northlogancity.gov/contact-us,Emily@northlogancity.gov,,,,,,,,TRUE,3
Kenneth Reese,City Council At-Large,city,North Logan,,TRUE,INCUMBENT — not on 2026 ballot,,,,https://www.northlogancity.gov/contact-us,Kenneth@northlogancity.gov,,,,,,,,TRUE,4
Mark Hancey,City Council At-Large,city,North Logan,,TRUE,INCUMBENT — not on 2026 ballot,,,,https://www.northlogancity.gov/contact-us,Mark@northlogancity.gov,,,,,,,,TRUE,5
Larry Hepworth,City Council At-Large,city,North Logan,,TRUE,INCUMBENT — not on 2026 ballot,,,,https://www.northlogancity.gov/contact-us,Larry@northlogancity.gov,,,,,,,,TRUE,6
Steve Miller,Mayor,city,Hyrum,,TRUE,INCUMBENT — not on 2026 ballot,,,,https://www.hyrumcity.gov/251/Mayor,steve.miller@hyrumcity.gov,435-245-6033,,,,,,,TRUE,1
Michael Nelson,City Council Member,city,Hyrum,,TRUE,INCUMBENT — not on 2026 ballot,,,,https://www.hyrumcity.gov/248/Council-Members,michael.nelson@hyrumcity.gov,435-245-6033,,,,,,,TRUE,2
Rebecca Foulger,City Council Member,city,Hyrum,,TRUE,INCUMBENT — not on 2026 ballot,,,,https://www.hyrumcity.gov/248/Council-Members,rebecca.foulger@hyrumcity.gov,435-245-6033,,,,,,,TRUE,3
Nalyn Nelson,City Council Member,city,Hyrum,,TRUE,INCUMBENT — not on 2026 ballot,,,,https://www.hyrumcity.gov/248/Council-Members,nalyn.nelson@hyrumcity.gov,435-245-6033,,,,,,,TRUE,4
Craig Rasmussen,City Council Member,city,Hyrum,,TRUE,INCUMBENT — not on 2026 ballot,,,,https://www.hyrumcity.gov/248/Council-Members,craig.rasmussen@hyrumcity.gov,435-245-6033,,,,,,,TRUE,5
Mont Wright,City Council Member,city,Hyrum,,TRUE,INCUMBENT — not on 2026 ballot,,,,https://www.hyrumcity.gov/248/Council-Members,mont.wright@hyrumcity.gov,435-245-6033,,,,,,,TRUE,6
Kathleen Alder,Mayor,city,Providence,,TRUE,INCUMBENT — not on 2026 ballot,,,,https://www.providencecity.com/city-council,,(435) 752-9441,,,,,,,TRUE,1
Scot Campbell,City Council Member,city,Providence,,TRUE,INCUMBENT — not on 2026 ballot,,,,https://www.providencecity.com/city-council,,(435) 764-7352,,,,,,,TRUE,2
Carrie Kirk,City Council Member,city,Providence,,TRUE,INCUMBENT — not on 2026 ballot,,,,https://www.providencecity.com/city-council,,(435) 757-1444,,,,,,,TRUE,3
David Kunz,City Council Member,city,Providence,,TRUE,INCUMBENT — not on 2026 ballot,,,,https://www.providencecity.com/city-council,,(435) 512-2049,,,,,,,TRUE,4
Jeanell S. Sealy,City Council Member,city,Providence,,TRUE,INCUMBENT — not on 2026 ballot,,,,https://www.providencecity.com/city-council,,(435) 227-5891,,,,,,,TRUE,5
Brent D. Speth,City Council Member,city,Providence,,TRUE,INCUMBENT — not on 2026 ballot,,,,https://www.providencecity.com/city-council,,(435) 757-3875,,,,,,,TRUE,6
Larry Jacobsen,Mayor,city,Nibley,,TRUE,INCUMBENT — not on 2026 ballot,,,,https://nibleycity.gov/mayor/,larryj@nibleycity.gov,(435) 512-7495,,,,,,,TRUE,1
Nathan Laursen,City Council Member,city,Nibley,,TRUE,INCUMBENT — not on 2026 ballot,,,,https://nibleycity.gov/city-council/,nathanl@nibleycity.gov,(435) 535-1312,,,,,,,TRUE,2
Erin Mann,City Council Member,city,Nibley,,TRUE,INCUMBENT — not on 2026 ballot,,,,https://nibleycity.gov/city-council/,erinm@nibleycity.gov,(801) 497-6823,,,,,,,TRUE,3
Garrett Mansell,City Council Member,city,Nibley,,TRUE,INCUMBENT — not on 2026 ballot,,,,https://nibleycity.gov/city-council/,garrettm@nibleycity.gov,(435) 213-5654,,,,,,,TRUE,4
Nick Kenczka,City Council Member,city,Nibley,,TRUE,INCUMBENT — not on 2026 ballot,,,,https://nibleycity.gov/city-council/,nickk@nibleycity.gov,(385) 222-5821,,,,,,,TRUE,5
Randy Spaulding,City Council Member,city,Nibley,,TRUE,INCUMBENT — not on 2026 ballot,,,,https://nibleycity.gov/city-council/,randys@nibleycity.gov,(435) 232-5991,,,,,,,TRUE,6
Tiffany Atkinson,Mayor,city,Hyde Park,,TRUE,INCUMBENT — not on 2026 ballot,,,,https://www.hpcutah.gov/city-personnel,tiffany.a@hpcutah.gov,(435) 563-6507,,,,,,,TRUE,1
Stephanie Allred,City Council Member,city,Hyde Park,,TRUE,INCUMBENT — not on 2026 ballot,,,,https://www.hpcutah.gov/city-personnel,stephanie.a@hpcutah.gov,(435) 563-6507,,,,,,,TRUE,2
Gerald Osborne,City Council Member,city,Hyde Park,,TRUE,INCUMBENT — not on 2026 ballot,,,,https://www.hpcutah.gov/city-personnel,gerald.o@hpcutah.gov,(435) 563-6507,,,,,,,TRUE,3
Kirk Brower,City Council Member,city,Hyde Park,,TRUE,INCUMBENT — not on 2026 ballot,,,,https://www.hpcutah.gov/city-personnel,kirk.b@hpcutah.gov,(435) 563-6507,,,,,,,TRUE,4
David Fowles,City Council Member,city,Hyde Park,,TRUE,INCUMBENT — not on 2026 ballot,,,,https://www.hpcutah.gov/city-personnel,david.f@hpcutah.gov,(435) 563-6507,,,,,,,TRUE,5
Heather Taylor,City Council Member,city,Hyde Park,,TRUE,INCUMBENT — not on 2026 ballot,,,,https://www.hpcutah.gov/city-personnel,heather.t@hpcutah.gov,(435) 563-6507,,,,,,,TRUE,6
Chad Lindley,Mayor,city,Wellsville,,TRUE,INCUMBENT — not on 2026 ballot,,,,https://www.wellsvillecity.com/mayor/,clindley@wellsvilleutah.gov,435-245-3686,,,,,,,TRUE,1
Angie Olsen,City Council Member,city,Wellsville,,TRUE,INCUMBENT — not on 2026 ballot,,,,https://www.wellsvillecity.com/city-council/,aolsen@wellsvilleutah.gov,(435) 760-1919,,,,,,,TRUE,2
Bob Lindley,City Council Member,city,Wellsville,,TRUE,INCUMBENT — not on 2026 ballot,,,,https://www.wellsvillecity.com/city-council/,blindley@wellsvilleutah.gov,(435) 881-4186,,,,,,,TRUE,3
Carl Leatham,City Council Member,city,Wellsville,,TRUE,INCUMBENT — not on 2026 ballot,,,,https://www.wellsvillecity.com/city-council/,cleatham@wellsvilleutah.gov,(435) 757-7268,,,,,,,TRUE,4
Denise Lindsay,City Council Member,city,Wellsville,,TRUE,INCUMBENT — not on 2026 ballot,,,,https://www.wellsvillecity.com/city-council/,dlindsay@wellsvilleutah.gov,(435) 770-3125,,,,,,,TRUE,5
Tom Maughan,City Council Member,city,Wellsville,,TRUE,INCUMBENT — not on 2026 ballot,,,,https://www.wellsvillecity.com/city-council/,tmaughan@wellsvilleutah.gov,(435) 757-6385,,,,,,,TRUE,6
Jeff Young,Mayor,city,Richmond,,TRUE,INCUMBENT — not on 2026 ballot,,,,https://www.richmondutah.gov/citycouncil,,(435) 232-8056,,,,,,,TRUE,1
Daryl Black,City Council Member,city,Richmond,,TRUE,INCUMBENT — not on 2026 ballot,,,,https://www.richmondutah.gov/citycouncil,,,,,,,,,TRUE,2
Lyle Bair,City Council Member,city,Richmond,,TRUE,INCUMBENT — not on 2026 ballot,,,,https://www.richmondutah.gov/citycouncil,,(435) 770-1938,,,,,,,TRUE,3
Fran Schumann,City Council Member,city,Richmond,,TRUE,INCUMBENT — not on 2026 ballot,,,,https://www.richmondutah.gov/citycouncil,,(435) 881-4894,,,,,,,TRUE,4
Joel Draxler,City Council Member,city,Richmond,,TRUE,INCUMBENT — not on 2026 ballot,,,,https://www.richmondutah.gov/citycouncil,,,,,,,,,TRUE,5
Bryce Wood,City Council Member,city,Richmond,,TRUE,INCUMBENT — not on 2026 ballot,,,,https://www.richmondutah.gov/citycouncil,,,,,,,,,TRUE,6
David Hair,Mayor,city,Millville,,TRUE,INCUMBENT — not on 2026 ballot,,,,https://millvilleut.gov/city-government/town-council/,david@millvilleut.gov,(435) 753-4547,,,,,,,TRUE,1
Jacob Ames,City Council Member,city,Millville,,TRUE,INCUMBENT — not on 2026 ballot,,,,https://millvilleut.gov/city-government/town-council/,jacob@millvilleut.gov,(801) 889-7887,,,,,,,TRUE,2
Pamela June,City Council Member,city,Millville,,TRUE,INCUMBENT — not on 2026 ballot,,,,https://millvilleut.gov/city-government/town-council/,pam@millvilleut.gov,(435) 760-8668,,,,,,,TRUE,3
Jeremy Ward,City Council Member,city,Millville,,TRUE,INCUMBENT — not on 2026 ballot,,,,https://millvilleut.gov/city-government/town-council/,jeremy@millvilleut.gov,(801) 888-8048,,,,,,,TRUE,4
Darcy Ripplinger,City Council Member,city,Millville,,TRUE,INCUMBENT — not on 2026 ballot,,,,https://millvilleut.gov/city-government/town-council/,darcy@millvilleut.gov,(435) 512-8889,,,,,,,TRUE,5
Ryan Zollinger,City Council Member,city,Millville,,TRUE,INCUMBENT — not on 2026 ballot,,,,https://millvilleut.gov/city-government/town-council/,ryan@millvilleut.gov,(435) 770-1966,,,,,,,TRUE,6
Blake Wright,Mayor,city,River Heights,,TRUE,INCUMBENT — not on 2026 ballot,,,,https://riverheights.gov/government/river-heights-mayor/,blakewright@riverheights.gov,435-278-8169,,,,,,,TRUE,1
Chris Milbank,City Council Member,city,River Heights,,TRUE,INCUMBENT — not on 2026 ballot,,,,https://riverheights.gov/government/city-council/,chrismilbank@riverheights.gov,435-890-0996,,,,,,,TRUE,2
Steve Roberts,City Council Member,city,River Heights,,TRUE,INCUMBENT — not on 2026 ballot,,,,https://riverheights.gov/government/city-council/,steveroberts@riverheights.gov,435-881-6895,,,,,,,TRUE,3
Kandi Evans,City Council Member,city,River Heights,,TRUE,INCUMBENT — not on 2026 ballot,,,,https://riverheights.gov/government/city-council/,,801-735-4816,,,,,,,TRUE,4
Lance Pitcher,City Council Member,city,River Heights,,TRUE,INCUMBENT — not on 2026 ballot,,,,https://riverheights.gov/government/city-council/,lancepitcher@riverheights.gov,435-760-3976,,,,,,,TRUE,5
Mark Malmstrom,City Council Member,city,River Heights,,TRUE,INCUMBENT — not on 2026 ballot,,,,https://riverheights.gov/government/city-council/,markmalmstrom@riverheights.gov,435-881-0164,,,,,,,TRUE,6
Brady Bodily,Mayor,city,Lewiston,,TRUE,INCUMBENT — not on 2026 ballot,,,,https://lewistonutah.gov/city-council-staff/,bbodily@lewistonutah.gov,(435) 890-9813,,,,,,,TRUE,1
John Morrison,City Council Member,city,Lewiston,,TRUE,INCUMBENT — not on 2026 ballot,,,,https://lewistonutah.gov/city-council-staff/,jmorrison@lewistonutah.gov,(435) 258-2141,,,,,,,TRUE,2
Jonna Westover,City Council Member,city,Lewiston,,TRUE,INCUMBENT — not on 2026 ballot,,,,https://lewistonutah.gov/city-council-staff/,jwestover@lewistonutah.gov,(435) 258-2141,,,,,,,TRUE,3
Ned Simper,City Council Member,city,Lewiston,,TRUE,INCUMBENT — not on 2026 ballot,,,,https://lewistonutah.gov/city-council-staff/,nsimper@lewistonutah.gov,(435) 258-2141,,,,,,,TRUE,4
Jason Trexler,City Council Member,city,Lewiston,,TRUE,INCUMBENT — not on 2026 ballot,,,,https://lewistonutah.gov/city-council-staff/,jtrexler@lewistonutah.gov,(435) 258-2141,,,,,,,TRUE,5
Fizz Bodily,City Council Member,city,Lewiston,,TRUE,INCUMBENT — not on 2026 ballot,,,,https://lewistonutah.gov/city-council-staff/,fbodily@lewistonutah.gov,(435) 258-2141,,,,,,,TRUE,6
Ed Buist,Mayor,city,Mendon,,TRUE,INCUMBENT — not on 2026 ballot,,,,https://mendoncityutah.gov/directory/,ebuist@mendoncityutah.gov,(435) 770-9824,,,,,,,TRUE,1
Amy Garbe,City Council Member,city,Mendon,,TRUE,INCUMBENT — not on 2026 ballot,,,,https://mendoncityutah.gov/directory/,agarbe@mendoncityutah.gov,(435) 258-8756,,,,,,,TRUE,2
Brian Myers,City Council Member,city,Mendon,,TRUE,INCUMBENT — not on 2026 ballot,,,,https://mendoncityutah.gov/directory/,bmyers@mendoncityutah.gov,(385) 285-6136,,,,,,,TRUE,3
Ben Watkins,City Council Member,city,Mendon,,TRUE,INCUMBENT — not on 2026 ballot,,,,https://mendoncityutah.gov/directory/,bwatkins@mendoncityutah.gov,(801) 449-1525,,,,,,,TRUE,4
Art Heers,City Council Member,city,Mendon,,TRUE,INCUMBENT — not on 2026 ballot,,,,https://mendoncityutah.gov/directory/,aheers@mendoncityutah.gov,(435) 881-9309,,,,,,,TRUE,5
Bob Jepsen,City Council Member,city,Mendon,,TRUE,INCUMBENT — not on 2026 ballot,,,,https://mendoncityutah.gov/directory/,bjepsen@mendoncityutah.gov,(435) 466-0166,,,,,,,TRUE,6
Larry Johnson,Mayor,city,Paradise,,TRUE,INCUMBENT — not on 2026 ballot,,,,https://paradiseutah.org/council/,mayor@paradise.utah.gov,,,,,,,,TRUE,1
Devin Thomas,Town Council Member,city,Paradise,,TRUE,INCUMBENT — not on 2026 ballot,,,,https://paradiseutah.org/council/,dthomas@paradise.utah.gov,,,,,,,,TRUE,2
Doug Jewell,Town Council Member,city,Paradise,,TRUE,INCUMBENT — not on 2026 ballot,,,,https://paradiseutah.org/council/,djewell@paradise.utah.gov,,,,,,,,TRUE,3
Whit Gale,Town Council Member,city,Paradise,,TRUE,INCUMBENT — not on 2026 ballot,,,,https://paradiseutah.org/council/,wgale@paradise.utah.gov,,,,,,,,TRUE,4
Jason Winn,Town Council Member,city,Paradise,,TRUE,INCUMBENT — not on 2026 ballot,,,,https://paradiseutah.org/council/,jwinn@paradise.utah.gov,,,,,,,,TRUE,5
Craig Rigby,Mayor,city,Newton,,TRUE,INCUMBENT — not on 2026 ballot,,,,https://www.newtonutah.gov/govermit/town_council.php,craig.rigby@newtonutah.gov,,,,,,,,TRUE,1
Anzl Rhodes,Town Council Member,city,Newton,,TRUE,INCUMBENT — not on 2026 ballot,,,,https://www.newtonutah.gov/govermit/town_council.php,anzl.rhodes@newtonutah.gov,,,,,,,,TRUE,2
Brandon Taylor,Town Council Member,city,Newton,,TRUE,INCUMBENT — not on 2026 ballot,,,,https://www.newtonutah.gov/govermit/town_council.php,,,,,,,,,TRUE,3
Steven Jenkins,Town Council Member,city,Newton,,TRUE,INCUMBENT — not on 2026 ballot,,,,https://www.newtonutah.gov/govermit/town_council.php,steven.jenkins@newtonutah.gov,,,,,,,,TRUE,4
Jed Woodward,Town Council Member,city,Newton,,TRUE,INCUMBENT — not on 2026 ballot,,,,https://www.newtonutah.gov/govermit/town_council.php,jed.woodward@newtonutah.gov,,,,,,,,TRUE,5
Ryan Thompson,Mayor,city,Clarkston,,TRUE,INCUMBENT — not on 2026 ballot,,,,https://clarkstonutah.gov/town-council,clarkstonmayor@clarkstonutah.gov,(435) 764-6827,,,,,,,TRUE,1
Jeff Noble,Town Council Member,city,Clarkston,,TRUE,INCUMBENT — not on 2026 ballot,,,,https://clarkstonutah.gov/town-council,jnoble@clarkstonutah.gov,(435) 730-5922,,,,,,,TRUE,2
Brayden Goodey,Town Council Member,city,Clarkston,,TRUE,INCUMBENT — not on 2026 ballot,,,,https://clarkstonutah.gov/town-council,bgoodey@clarkstonutah.gov,(435) 512-8896,,,,,,,TRUE,3
Danny Godfrey,Town Council Member,city,Clarkston,,TRUE,INCUMBENT — not on 2026 ballot,,,,https://clarkstonutah.gov/town-council,dgodfrey@clarkstonutah.gov,(435) 770-1277,,,,,,,TRUE,4
Jared Petersen,Town Council Member,city,Clarkston,,TRUE,INCUMBENT — not on 2026 ballot,,,,https://clarkstonutah.gov/town-council,jpetersen@clarkstonutah.gov,(307) 567-6852,,,,,,,TRUE,5
David Wood,Mayor,city,Amalga,,TRUE,INCUMBENT — not on 2026 ballot,,,,https://www.amalgautah.gov/,,435-770-8097,,,,,,,TRUE,1
Mark Cowley,Town Council Member,city,Amalga,,TRUE,INCUMBENT — not on 2026 ballot,,,,https://www.amalgautah.gov/,,435-770-1210,,,,,,,TRUE,2
Colette Dursteler,Town Council Member,city,Amalga,,TRUE,INCUMBENT — not on 2026 ballot,,,,https://www.amalgautah.gov/,,208-241-5037,,,,,,,TRUE,3
Paul Hansen,Town Council Member,city,Amalga,,TRUE,INCUMBENT — not on 2026 ballot,,,,https://www.amalgautah.gov/,,435-770-4399,,,,,,,TRUE,4
Rayslyn Larsen,Town Council Member,city,Amalga,,TRUE,INCUMBENT — not on 2026 ballot,,,,https://www.amalgautah.gov/,,435-770-7697,,,,,,,TRUE,5
Matt Leak,Mayor,city,Cornish,,TRUE,INCUMBENT — not on 2026 ballot,,,,https://www.cornish.utah.gov/directory/index.php,cornishmayor@gmail.com,(435) 754-3067,,,,,,,TRUE,1
Chris Buxton,Town Council Member,city,Cornish,,TRUE,INCUMBENT — not on 2026 ballot,,,,https://www.cornish.utah.gov/directory/index.php,chrisd.buxton@gmail.com,(435) 754-3067,,,,,,,TRUE,2
Brad Fisher,Town Council Member,city,Cornish,,TRUE,INCUMBENT — not on 2026 ballot,,,,https://www.cornish.utah.gov/directory/index.php,,(435) 754-3067,,,,,,,TRUE,3
Colton Creech,Town Council Member,city,Cornish,,TRUE,INCUMBENT — not on 2026 ballot,,,,https://www.cornish.utah.gov/directory/index.php,colton.creech@gmail.com,(435) 754-3067,,,,,,,TRUE,4
John Forsgren,Town Council Member,city,Cornish,,TRUE,INCUMBENT — not on 2026 ballot,,,,https://www.cornish.utah.gov/directory/index.php,jcforsgren@gmail.com,(435) 754-3067,,,,,,,TRUE,5
Mark A. Anderson,Mayor,city,Logan,,TRUE,INCUMBENT — not on 2026 ballot,,,,https://www.loganutah.gov/government/mayor_s_office/index.php,mark.anderson@loganutah.gov,435-716-9002,,,,,,,TRUE,1
Mike Johnson,Municipal Council Member,city,Logan,,TRUE,INCUMBENT — not on 2026 ballot,,,,https://www.loganutah.gov/government/city_council/index.php,mike.johnson@loganutah.gov,,,,,,,,TRUE,2
Ernesto Lopez,Municipal Council Member,city,Logan,,TRUE,INCUMBENT — not on 2026 ballot,,,,https://www.loganutah.gov/government/city_council/index.php,ernesto.lopez@loganutah.gov,,,,,,,,TRUE,3
Jeannie F. Simmonds,Municipal Council Member,city,Logan,,TRUE,INCUMBENT — not on 2026 ballot,,,,https://www.loganutah.gov/government/city_council/index.php,jfsimmonds@comcast.net,,,,,,,,TRUE,4
Melissa Dahle,Municipal Council Member,city,Logan,,TRUE,INCUMBENT — not on 2026 ballot,,,,https://www.loganutah.gov/government/city_council/index.php,melissa.dahle@loganutah.gov,,,,,,,,TRUE,5
Katie Lee-Koven,Municipal Council Member,city,Logan,,TRUE,INCUMBENT — not on 2026 ballot,,,,https://www.loganutah.gov/government/city_council/index.php,katie.lee.koven@loganutah.gov,,,,,,,,TRUE,6
Jimmie Hughes,Mayor,city,St. George,,TRUE,INCUMBENT — not on 2026 ballot,,,,https://www.sgcityutah.gov/government/mayor_and_council/city_council_member_directory.php,,435-627-4000,,,,,,,TRUE,1
Dannielle Larkin,City Council At-Large,city,St. George,,TRUE,INCUMBENT — not on 2026 ballot,,,,https://www.sgcityutah.gov/government/mayor_and_council/city_council_member_directory.php,dannielle.larkin@sgcityutah.gov,(435) 619-9971,,,,,,,TRUE,2
Natalie Larsen,City Council At-Large,city,St. George,,TRUE,INCUMBENT — not on 2026 ballot,,,,https://www.sgcityutah.gov/government/mayor_and_council/city_council_member_directory.php,natalie.larsen@sgcityutah.gov,(435) 619-9411,,,,,,,TRUE,2
Michelle Tanner,City Council At-Large,city,St. George,,TRUE,INCUMBENT — not on 2026 ballot,,,,https://www.sgcityutah.gov/government/mayor_and_council/city_council_member_directory.php,michelle.tanner@sgcityutah.gov,(435) 256-5177,,,,,,,TRUE,2
Steve Kemp,City Council At-Large,city,St. George,,TRUE,INCUMBENT — not on 2026 ballot,,,,https://www.sgcityutah.gov/government/mayor_and_council/city_council_member_directory.php,steve.kemp@sgcityutah.gov,(435) 313-7007,,,,,,,TRUE,2
Austin Anderson,City Council At-Large,city,St. George,,TRUE,INCUMBENT — not on 2026 ballot,,,,https://www.sgcityutah.gov/government/mayor_and_council/city_council_member_directory.php,,,,,,,,,TRUE,2
Steve Nelson,Mayor,city,Cedar City,,TRUE,INCUMBENT — not on 2026 ballot,,,,https://www.cedarcityut.gov/149/Meet-the-Council,nsteve@cedarcityut.gov,(435) 590-5586,,,,,,,TRUE,1
Robert Cox,City Council Member,city,Cedar City,,TRUE,INCUMBENT — not on 2026 ballot,,,,https://www.cedarcityut.gov/149/Meet-the-Council,crobert@cedarcityut.gov,(435) 559-0785,,,,,,,TRUE,2
Waldo D. Galan,City Council Member,city,Cedar City,,TRUE,INCUMBENT — not on 2026 ballot,,,,https://www.cedarcityut.gov/149/Meet-the-Council,gwaldo@cedarcityut.gov,(435) 592-4116,,,,,,,TRUE,2
R. Scott Phillips,City Council Member,city,Cedar City,,TRUE,INCUMBENT — not on 2026 ballot,,,,https://www.cedarcityut.gov/149/Meet-the-Council,sphillips@cedarcityut.gov,435-701-7884,,,,,,,TRUE,2
Phil E. Schmidt,City Council Member,city,Cedar City,,TRUE,INCUMBENT — not on 2026 ballot,,,,https://www.cedarcityut.gov/149/Meet-the-Council,sphil@cedarcityut.gov,435-559-2522,,,,,,,TRUE,2
Carter Wilkey,City Council Member,city,Cedar City,,TRUE,INCUMBENT — not on 2026 ballot,,,,https://www.cedarcityut.gov/149/Meet-the-Council,wcarter@cedarcityut.gov,801-688-2992,,,,,,,TRUE,2
Kress Staheli,Mayor,city,Washington,,TRUE,INCUMBENT — not on 2026 ballot,,,,https://washingtonutah.gov/government/mayorcouncil,mayorstaheli@washingtonutah.gov,(435) 656-6308,,,,,,,TRUE,1
Troy Belliston,City Council Member,city,Washington,,TRUE,INCUMBENT — not on 2026 ballot,,,,https://washingtonutah.gov/government/mayorcouncil,tbelliston@washingtonutah.gov,(435) 656-6300,,,,,,,TRUE,2
Kimberly Casperson,City Council Member,city,Washington,,TRUE,INCUMBENT — not on 2026 ballot,,,,https://washingtonutah.gov/government/mayorcouncil,kcasperson@washingtonutah.gov,(435) 656-6300,,,,,,,TRUE,2
Craig Coats,City Council Member,city,Washington,,TRUE,INCUMBENT — not on 2026 ballot,,,,https://washingtonutah.gov/government/mayorcouncil,ccoats@washingtonutah.gov,(435) 656-6300,,,,,,,TRUE,2
Brett Henderson,City Council Member,city,Washington,,TRUE,INCUMBENT — not on 2026 ballot,,,,https://washingtonutah.gov/government/mayorcouncil,bhenderson@washingtonutah.gov,(435) 656-6300,,,,,,,TRUE,2
Kurt Ivie,City Council Member,city,Washington,,TRUE,INCUMBENT — not on 2026 ballot,,,,https://washingtonutah.gov/government/mayorcouncil,kivie@washingtonutah.gov,(435) 656-6300,,,,,,,TRUE,2
Clark Fawcett,Mayor,city,Hurricane,,TRUE,INCUMBENT — not on 2026 ballot,,,,https://www.cityofhurricane.com/212/City-Council,fawcett@hurricane.utah.gov,435-635-2811,,,,,,,TRUE,1
Merlin Spendlove,City Council Member,city,Hurricane,,TRUE,INCUMBENT — not on 2026 ballot,,,,https://www.cityofhurricane.com/212/City-Council,spendlove@hurricane.utah.gov,435-635-2811,,,,,,,TRUE,2
Joseph Prete,City Council Member,city,Hurricane,,TRUE,INCUMBENT — not on 2026 ballot,,,,https://www.cityofhurricane.com/212/City-Council,prete@hurricane.utah.gov,435-635-2811,,,,,,,TRUE,2
Dave Imlay,City Council Member,city,Hurricane,,TRUE,INCUMBENT — not on 2026 ballot,,,,https://www.cityofhurricane.com/212/City-Council,imlay@hurricane.utah.gov,435-635-2811,,,,,,,TRUE,2
Lynn Excell,City Council Member,city,Hurricane,,TRUE,INCUMBENT — not on 2026 ballot,,,,https://www.cityofhurricane.com/212/City-Council,excell@hurricane.utah.gov,435-635-2811,,,,,,,TRUE,2
Amy Werrett,City Council Member,city,Hurricane,,TRUE,INCUMBENT — not on 2026 ballot,,,,https://www.cityofhurricane.com/212/City-Council,werrett@hurricane.utah.gov,435-635-2811,,,,,,,TRUE,2
Kevin Smith,Mayor,city,Ivins,,TRUE,INCUMBENT — not on 2026 ballot,,,,https://ivinsutah.gov/government-6/,ksmith@ivinsutah.gov,(435) 628-0606,,,,,,,TRUE,1
Wayne Pennington,City Council Member,city,Ivins,,TRUE,INCUMBENT — not on 2026 ballot,,,,https://ivinsutah.gov/government-6/,wpennington@ivinsutah.gov,(435) 628-0606,,,,,,,TRUE,2
Sharon Barton,City Council Member,city,Ivins,,TRUE,INCUMBENT — not on 2026 ballot,,,,https://ivinsutah.gov/government-6/,sbarton@ivinsutah.gov,(435) 628-0606,,,,,,,TRUE,2
Dillon Hurt,City Council Member,city,Ivins,,TRUE,INCUMBENT — not on 2026 ballot,,,,https://ivinsutah.gov/government-6/,dhurt@ivinsutah.gov,(435) 628-0606,,,,,,,TRUE,2
Sharon Gillespie,City Council Member,city,Ivins,,TRUE,INCUMBENT — not on 2026 ballot,,,,https://ivinsutah.gov/government-6/,sgillespie@ivinsutah.gov,(435) 628-0606,,,,,,,TRUE,2
Mike Scott,City Council Member,city,Ivins,,TRUE,INCUMBENT — not on 2026 ballot,,,,https://ivinsutah.gov/government-6/,mscott@ivinsutah.gov,(435) 628-0606,,,,,,,TRUE,2
Jarett Waite,Mayor,city,Santa Clara,,TRUE,INCUMBENT — not on 2026 ballot,,,,https://www.santaclarautah.gov/government/council/,mayor@santaclarautah.gov,(435) 673-6712,,,,,,,TRUE,1
Christa Hinton,City Council Member,city,Santa Clara,,TRUE,INCUMBENT — not on 2026 ballot,,,,https://www.santaclarautah.gov/government/council/,chinton@santaclarautah.gov,(435) 673-6712,,,,,,,TRUE,2
Dave Pond,City Council Member,city,Santa Clara,,TRUE,INCUMBENT — not on 2026 ballot,,,,https://www.santaclarautah.gov/government/council/,dpond@santaclarautah.gov,(435) 673-6712,,,,,,,TRUE,2
Janene Burton,City Council Member,city,Santa Clara,,TRUE,INCUMBENT — not on 2026 ballot,,,,https://www.santaclarautah.gov/government/council/,jburton@santaclarautah.gov,(435) 673-6712,,,,,,,TRUE,2
Justin Caplin,City Council Member,city,Santa Clara,,TRUE,INCUMBENT — not on 2026 ballot,,,,https://www.santaclarautah.gov/government/council/,jcaplin@santaclarautah.gov,(435) 673-6712,,,,,,,TRUE,2
Mark Hendrickson,City Council Member,city,Santa Clara,,TRUE,INCUMBENT — not on 2026 ballot,,,,https://www.santaclarautah.gov/government/council/,mhendrickson@santaclarautah.gov,(435) 673-6712,,,,,,,TRUE,2
Donia Jessop,Mayor,city,Hildale,,TRUE,INCUMBENT — not on 2026 ballot,,,,https://www.hildale.gov/city-council,mayor@hildalecity.gov,435-874-2323,,,,,,,TRUE,1
Terrill Musser,City Council Member,city,Hildale,,TRUE,INCUMBENT — not on 2026 ballot,,,,https://www.hildale.gov/city-council,terrill.hildalecity@gmail.com,435-874-2323,,,,,,,TRUE,2
JVar Dutson,City Council Member,city,Hildale,,TRUE,INCUMBENT — not on 2026 ballot,,,,https://www.hildale.gov/city-council,,435-874-2323,,,,,,,TRUE,2
Luke Merideth,City Council Member,city,Hildale,,TRUE,INCUMBENT — not on 2026 ballot,,,,https://www.hildale.gov/city-council,luke.mhil01@gmail.com,435-874-2323,,,,,,,TRUE,2
Lamont Black,City Council Member,city,Hildale,,TRUE,INCUMBENT — not on 2026 ballot,,,,https://www.hildale.gov/city-council,,,,,,,,,TRUE,2
Darlene Stubbs,City Council Member,city,Hildale,,TRUE,INCUMBENT — not on 2026 ballot,,,,https://www.hildale.gov/city-council,darlenebarlow26@gmail.com,435-874-2323,,,,,,,TRUE,2
Colten Johnson,Mayor,city,Kanab,,TRUE,INCUMBENT — not on 2026 ballot,,,,https://kanab.utah.gov/2169/City-Council,,435-644-2534,,,,,,,TRUE,1
Boyd Corry,City Council Member,city,Kanab,,TRUE,INCUMBENT — not on 2026 ballot,,,,https://kanab.utah.gov/2169/City-Council,,435-644-2534,,,,,,,TRUE,2
Steve Shrope,City Council Member,city,Kanab,,TRUE,INCUMBENT — not on 2026 ballot,,,,https://kanab.utah.gov/2169/City-Council,,435-644-2534,,,,,,,TRUE,2
Arlon Chamberlain,City Council Member,city,Kanab,,TRUE,INCUMBENT — not on 2026 ballot,,,,https://kanab.utah.gov/2169/City-Council,,435-644-2534,,,,,,,TRUE,2
Peter Banks,City Council Member,city,Kanab,,TRUE,INCUMBENT — not on 2026 ballot,,,,https://kanab.utah.gov/2169/City-Council,,435-644-2534,,,,,,,TRUE,2
Chris Heaton,City Council Member,city,Kanab,,TRUE,INCUMBENT — not on 2026 ballot,,,,https://kanab.utah.gov/2169/City-Council,,435-644-2534,,,,,,,TRUE,2
Mollie Halterman,Mayor,city,Parowan,,TRUE,INCUMBENT — not on 2026 ballot,,,,https://www.parowan.gov/1196/Mayor-Council,,435-238-0993,,,,,,,TRUE,1
David Burton,City Council Member,city,Parowan,,TRUE,INCUMBENT — not on 2026 ballot,,,,https://www.parowan.gov/1196/Mayor-Council,,435-477-3331,,,,,,,TRUE,2
David Harris,City Council Member,city,Parowan,,TRUE,INCUMBENT — not on 2026 ballot,,,,https://www.parowan.gov/1196/Mayor-Council,,435-477-3331,,,,,,,TRUE,2
John Dean,City Council Member,city,Parowan,,TRUE,INCUMBENT — not on 2026 ballot,,,,https://www.parowan.gov/1196/Mayor-Council,,435-477-3331,,,,,,,TRUE,2
Rochell Topham,City Council Member,city,Parowan,,TRUE,INCUMBENT — not on 2026 ballot,,,,https://www.parowan.gov/1196/Mayor-Council,,435-477-3331,,,,,,,TRUE,2
Lyle Barton,City Council Member,city,Parowan,,TRUE,INCUMBENT — not on 2026 ballot,,,,https://www.parowan.gov/1196/Mayor-Council,,435-477-3331,,,,,,,TRUE,2
Jim Rushton,Mayor,city,Enoch,,TRUE,INCUMBENT — not on 2026 ballot,,,,https://www.enochcityut.gov/city-council.html,mayor@enochcityut.gov,435-586-1119,,,,,,,TRUE,1
David Harris,City Council Member,city,Enoch,,TRUE,INCUMBENT — not on 2026 ballot,,,,https://www.enochcityut.gov/city-council.html,David@enochcityut.gov,435-586-1119,,,,,,,TRUE,2
Shawn Stoor,City Council Member,city,Enoch,,TRUE,INCUMBENT — not on 2026 ballot,,,,https://www.enochcityut.gov/city-council.html,Shawn@enochcityut.gov,435-586-1119,,,,,,,TRUE,2
Debra Ley,City Council Member,city,Enoch,,TRUE,INCUMBENT — not on 2026 ballot,,,,https://www.enochcityut.gov/city-council.html,Debra@enochcityut.gov,435-586-1119,,,,,,,TRUE,2
Kimberlee Trower,City Council Member,city,Enoch,,TRUE,INCUMBENT — not on 2026 ballot,,,,https://www.enochcityut.gov/city-council.html,Kimberlee@enochcityut.gov,435-586-1119,,,,,,,TRUE,2
Jacob Miner,City Council Member,city,Enoch,,TRUE,INCUMBENT — not on 2026 ballot,,,,https://www.enochcityut.gov/city-council.html,Jacob@enochcityut.gov,435-586-1119,,,,,,,TRUE,2
Barbara Bruno,Mayor,city,Springdale,,TRUE,INCUMBENT — not on 2026 ballot,,,,https://www.springdaletown.com/322/Town-Council,bbruno@springdale.utah.gov,435-772-3434,,,,,,,TRUE,1
Randy Aton,Town Council Member,city,Springdale,,TRUE,INCUMBENT — not on 2026 ballot,,,,https://www.springdaletown.com/322/Town-Council,raton@springdale.utah.gov,435-772-3434,,,,,,,TRUE,2
Jack Burns,Town Council Member,city,Springdale,,TRUE,INCUMBENT — not on 2026 ballot,,,,https://www.springdaletown.com/322/Town-Council,jburns@springdale.utah.gov,435-772-3434,,,,,,,TRUE,2
Kyla Topham,Town Council Member,city,Springdale,,TRUE,INCUMBENT — not on 2026 ballot,,,,https://www.springdaletown.com/322/Town-Council,ktopham@springdale.utah.gov,435-772-3434,,,,,,,TRUE,2
Pat Campbell,Town Council Member,city,Springdale,,TRUE,INCUMBENT — not on 2026 ballot,,,,https://www.springdaletown.com/322/Town-Council,pcampbell@springdale.utah.gov,435-772-3434,,,,,,,TRUE,2
Wayne Peterson,Mayor,city,Leeds,,TRUE,INCUMBENT — not on 2026 ballot,,,,https://leeds.utah.gov/directory/,mayor@leeds.utah.gov,435-879-2447,,,,,,,TRUE,1
Christine Harvey,Town Council Member,city,Leeds,,TRUE,INCUMBENT — not on 2026 ballot,,,,https://leeds.utah.gov/directory/,Charvey@leeds.utah.gov,435-879-2447,,,,,,,TRUE,2
Kohl Furley,Town Council Member,city,Leeds,,TRUE,INCUMBENT — not on 2026 ballot,,,,https://leeds.utah.gov/directory/,kfurley@leeds.utah.gov,435-879-2447,,,,,,,TRUE,2
Aaron Price,Town Council Member,city,Leeds,,TRUE,INCUMBENT — not on 2026 ballot,,,,https://leeds.utah.gov/directory/,Aprice@leeds.utah.gov,435-879-2447,,,,,,,TRUE,2
Jeffrey Allen,Town Council Member,city,Leeds,,TRUE,INCUMBENT — not on 2026 ballot,,,,https://leeds.utah.gov/directory/,jallen@leeds.utah.gov,435-879-2447,,,,,,,TRUE,2
Lowell D. Prince,Mayor,city,New Harmony,,TRUE,INCUMBENT — not on 2026 ballot,,,,https://newharmony.utah.gov/government/,,,,,,,,,TRUE,1
Travis Batty,Town Council Member,city,New Harmony,,TRUE,INCUMBENT — not on 2026 ballot,,,,https://newharmony.utah.gov/government/,,,,,,,,,TRUE,2
Scott Pace,Town Council Member,city,New Harmony,,TRUE,INCUMBENT — not on 2026 ballot,,,,https://newharmony.utah.gov/government/,,,,,,,,,TRUE,2
Norm Allan,Town Council Member,city,New Harmony,,TRUE,INCUMBENT — not on 2026 ballot,,,,https://newharmony.utah.gov/government/,,,,,,,,,TRUE,2
Marty Larsen,Town Council Member,city,New Harmony,,TRUE,INCUMBENT — not on 2026 ballot,,,,https://newharmony.utah.gov/government/,,,,,,,,,TRUE,2
Ray Spencer,Mayor,city,Orderville,,TRUE,INCUMBENT — not on 2026 ballot,,,,https://orderville.utah.gov/directory,,(435) 648-2534,,,,,,,TRUE,1
Shaun Sharkey,Town Council Member,city,Orderville,,TRUE,INCUMBENT — not on 2026 ballot,,,,https://orderville.utah.gov/directory,,(435) 648-2534,,,,,,,TRUE,2
Susan Esplin,Town Council Member,city,Orderville,,TRUE,INCUMBENT — not on 2026 ballot,,,,https://orderville.utah.gov/directory,,(435) 648-2534,,,,,,,TRUE,2
Shanda Frost,Town Council Member,city,Orderville,,TRUE,INCUMBENT — not on 2026 ballot,,,,https://orderville.utah.gov/directory,,(435) 648-2534,,,,,,,TRUE,2
Robert Caruso,Town Council Member,city,Orderville,,TRUE,INCUMBENT — not on 2026 ballot,,,,https://orderville.utah.gov/directory,,(435) 648-2534,,,,,,,TRUE,2
Maresa Manzione,Mayor,city,Tooele,,TRUE,INCUMBENT — not on 2026 ballot,,,,https://www.tooelecity.gov/government/city_council/index.php,,435-843-2100,,,,,,,TRUE,1
Justin Brady,City Council Member,city,Tooele,,TRUE,INCUMBENT — not on 2026 ballot,,,,https://www.tooelecity.gov/government/city_council/index.php,jbrady@tooelecity.gov,435-841-7836,,,,,,,TRUE,2
Melodi Gochis,City Council Member,city,Tooele,,TRUE,INCUMBENT — not on 2026 ballot,,,,https://www.tooelecity.gov/government/city_council/index.php,mgochis@tooelecity.gov,435-830-9611,,,,,,,TRUE,2
Jon Gossett,City Council Member,city,Tooele,,TRUE,INCUMBENT — not on 2026 ballot,,,,https://www.tooelecity.gov/government/city_council/index.php,jgossett@tooelecity.gov,801-856-7548,,,,,,,TRUE,2
Ed Hansen,City Council Member,city,Tooele,,TRUE,INCUMBENT — not on 2026 ballot,,,,https://www.tooelecity.gov/government/city_council/index.php,ehansen@tooelecity.gov,801-635-6871,,,,,,,TRUE,2
Dave McCall,City Council Member,city,Tooele,,TRUE,INCUMBENT — not on 2026 ballot,,,,https://www.tooelecity.gov/government/city_council/index.php,dmccall@tooelecity.gov,435-496-0458,,,,,,,TRUE,2
Heidi Hammond,Mayor,city,Grantsville,,TRUE,INCUMBENT — not on 2026 ballot,,,,https://www.grantsvilleut.gov/government/city_council.php,hhammond@grantsvilleut.gov,(435) 884-3411,,,,,,,TRUE,1
Rhett Butler,City Council Member,city,Grantsville,,TRUE,INCUMBENT — not on 2026 ballot,,,,https://www.grantsvilleut.gov/government/city_council.php,rbutler@grantsvilleut.gov,(435) 884-3411,,,,,,,TRUE,2
Derek Dalton,City Council Member,city,Grantsville,,TRUE,INCUMBENT — not on 2026 ballot,,,,https://www.grantsvilleut.gov/government/city_council.php,ddalton@grantsvilleut.gov,(435) 884-3411,,,,,,,TRUE,2
Brittany Skinner,City Council Member,city,Grantsville,,TRUE,INCUMBENT — not on 2026 ballot,,,,https://www.grantsvilleut.gov/government/city_council.php,bskinner@grantsvilleut.gov,(435) 884-3411,,,,,,,TRUE,2
Jake Thomas,City Council Member,city,Grantsville,,TRUE,INCUMBENT — not on 2026 ballot,,,,https://www.grantsvilleut.gov/government/city_council.php,jthomas@grantsvilleut.gov,(435) 884-3411,,,,,,,TRUE,2
Jeff Williams,City Council Member,city,Grantsville,,TRUE,INCUMBENT — not on 2026 ballot,,,,https://www.grantsvilleut.gov/government/city_council.php,jwilliams@grantsvilleut.gov,(435) 884-3411,,,,,,,TRUE,2
Adam Palafox,Mayor,city,Wendover,,TRUE,INCUMBENT — not on 2026 ballot,,,,https://wendovercityutah.com/mayor-%26-city-council,mayor@wendoverut.us,,,,,,,,TRUE,1
Manny Carrillo,City Council Member,city,Wendover,,TRUE,INCUMBENT — not on 2026 ballot,,,,https://wendovercityutah.com/mayor-%26-city-council,copperkettlecafe16@hotmail.com,,,,,,,,TRUE,2
Darlene Trammell,City Council Member,city,Wendover,,TRUE,INCUMBENT — not on 2026 ballot,,,,https://wendovercityutah.com/mayor-%26-city-council,darlenetrammell@yahoo.com,,,,,,,,TRUE,2
Radine Murphy,City Council Member,city,Wendover,,TRUE,INCUMBENT — not on 2026 ballot,,,,https://wendovercityutah.com/mayor-%26-city-council,murphy.radine@gmail.com,,,,,,,,TRUE,2
Brandon Grossman,City Council Member,city,Wendover,,TRUE,INCUMBENT — not on 2026 ballot,,,,https://wendovercityutah.com/mayor-%26-city-council,bgrossman14@gmail.com,,,,,,,,TRUE,2
Tanner Moore,City Council Member,city,Wendover,,TRUE,INCUMBENT — not on 2026 ballot,,,,https://wendovercityutah.com/mayor-%26-city-council,tanner.moore@tooeleco.gov,,,,,,,,TRUE,2
Joe Johnston,Mayor,city,Stockton,,TRUE,INCUMBENT — not on 2026 ballot,,,,https://www.stocktontown.org/,,435-882-3877,,,,,,,TRUE,1
Shyla Solomon,Town Council Member,city,Stockton,,TRUE,INCUMBENT — not on 2026 ballot,,,,https://www.stocktontown.org/,,435-882-3877,,,,,,,TRUE,2
Emily Castagno,Town Council Member,city,Stockton,,TRUE,INCUMBENT — not on 2026 ballot,,,,https://www.stocktontown.org/,,435-882-3877,,,,,,,TRUE,2
Ron Staley,Town Council Member,city,Stockton,,TRUE,INCUMBENT — not on 2026 ballot,,,,https://www.stocktontown.org/,,435-882-3877,,,,,,,TRUE,2
Tom Speakman,Town Council Member,city,Stockton,,TRUE,INCUMBENT — not on 2026 ballot,,,,https://www.stocktontown.org/,,435-882-3877,,,,,,,TRUE,2
Brian Johnson,Mayor,city,Rush Valley,,TRUE,INCUMBENT — not on 2026 ballot,,,,https://rushvalley.utah.gov/departments/town-council-department,town@rushvalley.utah.gov,(435) 354-3551,,,,,,,TRUE,1
Lacey Burrows,Town Council Member,city,Rush Valley,,TRUE,INCUMBENT — not on 2026 ballot,,,,https://rushvalley.utah.gov/departments/town-council-department,town@rushvalley.utah.gov,(435) 354-3551,,,,,,,TRUE,2
Pete Albrecht,Town Council Member,city,Rush Valley,,TRUE,INCUMBENT — not on 2026 ballot,,,,https://rushvalley.utah.gov/departments/town-council-department,town@rushvalley.utah.gov,(435) 354-3551,,,,,,,TRUE,2
Dana Gardner,Town Council Member,city,Rush Valley,,TRUE,INCUMBENT — not on 2026 ballot,,,,https://rushvalley.utah.gov/departments/town-council-department,town@rushvalley.utah.gov,(435) 354-3551,,,,,,,TRUE,2
Jeremiah Harding,Town Council Member,city,Rush Valley,,TRUE,INCUMBENT — not on 2026 ballot,,,,https://rushvalley.utah.gov/departments/town-council-department,town@rushvalley.utah.gov,(435) 354-3551,,,,,,,TRUE,2
John Olson,Mayor,city,Vernon,,TRUE,INCUMBENT — not on 2026 ballot,,,,https://vernon.utah.gov/government/town-officials/,john.olson@vernon.utah.gov,,,,,,,,TRUE,1
Jamison Richey,Town Council Member,city,Vernon,,TRUE,INCUMBENT — not on 2026 ballot,,,,https://vernon.utah.gov/government/town-officials/,jamison.richey@vernon.utah.gov,,,,,,,,TRUE,2
Scott Livingston,Town Council Member,city,Vernon,,TRUE,INCUMBENT — not on 2026 ballot,,,,https://vernon.utah.gov/government/town-officials/,s.robert.livingston@vernon.utah.gov,,,,,,,,TRUE,2
Taimani Lauti,Town Council Member,city,Vernon,,TRUE,INCUMBENT — not on 2026 ballot,,,,https://vernon.utah.gov/government/town-officials/,taimani.lauti@vernon.utah.gov,,,,,,,,TRUE,2
Michael Cheatham,Town Council Member,city,Vernon,,TRUE,INCUMBENT — not on 2026 ballot,,,,https://vernon.utah.gov/government/town-officials/,michael.cheatham@vernon.utah.gov,,,,,,,,TRUE,2
Scott Droubay,City Council District 1,city,Erda,,TRUE,INCUMBENT — not on 2026 ballot,,,,https://erda.gov/city-government/city-council/,sdroubay@erda.gov,435-354-9215,,,,,,,TRUE,2
Kyle Mathews,City Council District 2,city,Erda,,TRUE,INCUMBENT — not on 2026 ballot,,,,https://erda.gov/city-government/city-council/,kmathews@erda.gov,435-354-9218,,,,,,,TRUE,3
Clyde Christensen,City Council District 3,city,Erda,,TRUE,INCUMBENT — not on 2026 ballot,,,,https://erda.gov/city-government/city-council/,cchristensen@erda.gov,435-354-9217,,,,,,,TRUE,4
Larry Kimpel,City Council District 4,city,Erda,,TRUE,INCUMBENT — not on 2026 ballot,,,,https://erda.gov/city-government/city-council/,lkimpel@erda.gov,435-354-9216,,,,,,,TRUE,5
Sheldon Birch,City Council District 5,city,Erda,,TRUE,INCUMBENT — not on 2026 ballot,,,,https://erda.gov/city-government/city-council/,sbirch@erda.gov,435-354-9219,,,,,,,TRUE,6
Kathleen VonHatten,City Council At-Large,city,Lake Point,,TRUE,INCUMBENT — not on 2026 ballot,,,,https://lakepoint.gov/city-council/,kvonhatten@lakepoint.org,435-882-1111,,,,,,,TRUE,2
Kirk Pearson,City Council At-Large,city,Lake Point,,TRUE,INCUMBENT — not on 2026 ballot,,,,https://lakepoint.gov/city-council/,kirk.pearson@lakepoint.gov,435-882-1111,,,,,,,TRUE,2
Ryan Zumwalt,City Council At-Large,city,Lake Point,,TRUE,INCUMBENT — not on 2026 ballot,,,,https://lakepoint.gov/city-council/,ryan.zumwalt@lakepoint.gov,385-414-3935,,,,,,,TRUE,2
Lori Chigbrow,City Council At-Large,city,Lake Point,,TRUE,INCUMBENT — not on 2026 ballot,,,,https://lakepoint.gov/city-council/,lori.chigbrow@lakepoint.gov,801-558-8616,,,,,,,TRUE,2
Kirk Trimble,City Council At-Large,city,Lake Point,,TRUE,INCUMBENT — not on 2026 ballot,,,,https://lakepoint.gov/city-council/,kirk.trimble@lakepoint.gov,,,,,,,,TRUE,2
Ryan Dickey,Mayor,city,Park City,,TRUE,INCUMBENT — not on 2026 ballot,,,,https://www.parkcity.gov/government/city-council,,,,,,,,,TRUE,1
Tana Toly,City Council Member,city,Park City,,TRUE,INCUMBENT — not on 2026 ballot,,,,https://www.parkcity.gov/government/city-council,,,,,,,,,TRUE,2
Diego Zegarra,City Council Member,city,Park City,,TRUE,INCUMBENT — not on 2026 ballot,,,,https://www.parkcity.gov/government/city-council,,,,,,,,,TRUE,2
Bill Ciraco,City Council Member,city,Park City,,TRUE,INCUMBENT — not on 2026 ballot,,,,https://www.parkcity.gov/government/city-council,,,,,,,,,TRUE,2
Ed Parigian,City Council Member,city,Park City,,TRUE,INCUMBENT — not on 2026 ballot,,,,https://www.parkcity.gov/government/city-council,,,,,,,,,TRUE,2
Molly Miller,City Council Member,city,Park City,,TRUE,INCUMBENT — not on 2026 ballot,,,,https://www.parkcity.gov/government/city-council,,,,,,,,,TRUE,2
Matt McCormick,Mayor,city,Kamas,,TRUE,INCUMBENT — not on 2026 ballot,,,,https://www.kamascityut.gov/,,,,,,,,,TRUE,1
Larry Gines,City Council Member,city,Kamas,,TRUE,INCUMBENT — not on 2026 ballot,,,,https://www.kamascityut.gov/,,435-783-4630,,,,,,,TRUE,2
Mike Georgi,City Council Member,city,Kamas,,TRUE,INCUMBENT — not on 2026 ballot,,,,https://www.kamascityut.gov/,,435-783-4630,,,,,,,TRUE,2
Leslie Staples,City Council Member,city,Kamas,,TRUE,INCUMBENT — not on 2026 ballot,,,,https://www.kamascityut.gov/,,435-783-4630,,,,,,,TRUE,2
David Darcey,City Council Member,city,Kamas,,TRUE,INCUMBENT — not on 2026 ballot,,,,https://www.kamascityut.gov/,,435-783-4630,,,,,,,TRUE,2
Monica Blazzard,City Council Member,city,Kamas,,TRUE,INCUMBENT — not on 2026 ballot,,,,https://www.kamascityut.gov/,,435-783-4630,,,,,,,TRUE,2
Jeremie Forman,Mayor,city,Francis,,TRUE,INCUMBENT — not on 2026 ballot,,,,https://francisutah.gov/city-council,,435-280-4040,,,,,,,TRUE,1
Sam Hunter,City Council Member,city,Francis,,TRUE,INCUMBENT — not on 2026 ballot,,,,https://francisutah.gov/city-council,,714-981-4822,,,,,,,TRUE,2
Riley Atkinson,City Council Member,city,Francis,,TRUE,INCUMBENT — not on 2026 ballot,,,,https://francisutah.gov/city-council,,435-659-4102,,,,,,,TRUE,2
Clayton Querry,City Council Member,city,Francis,,TRUE,INCUMBENT — not on 2026 ballot,,,,https://francisutah.gov/city-council,,435-640-9265,,,,,,,TRUE,2
Clint Summers,City Council Member,city,Francis,,TRUE,INCUMBENT — not on 2026 ballot,,,,https://francisutah.gov/city-council,,801-350-1471,,,,,,,TRUE,2
Steve Wilmoth,Mayor,city,Oakley,,TRUE,INCUMBENT — not on 2026 ballot,,,,https://www.oakleyut.gov/citycouncil,steve@oakleyut.gov,(801) 367-2629,,,,,,,TRUE,1
Chris Dillman,City Council Member,city,Oakley,,TRUE,INCUMBENT — not on 2026 ballot,,,,https://www.oakleyut.gov/citycouncil,chris.dillman@oakleyut.gov,(801) 301-9644,,,,,,,TRUE,2
Joe Frazier,City Council Member,city,Oakley,,TRUE,INCUMBENT — not on 2026 ballot,,,,https://www.oakleyut.gov/citycouncil,joe@oakleyut.gov,(435) 640-2388,,,,,,,TRUE,2
Dave Neff,City Council Member,city,Oakley,,TRUE,INCUMBENT — not on 2026 ballot,,,,https://www.oakleyut.gov/citycouncil,dave@oakleyut.gov,(801) 541-5385,,,,,,,TRUE,2
Amy Regan,City Council Member,city,Oakley,,TRUE,INCUMBENT — not on 2026 ballot,,,,https://www.oakleyut.gov/citycouncil,amy.regan@oakleyut.gov,(435) 300-5832,,,,,,,TRUE,2
Tom Smart,City Council Member,city,Oakley,,TRUE,INCUMBENT — not on 2026 ballot,,,,https://www.oakleyut.gov/citycouncil,tom@oakleyut.gov,(801) 809-2007,,,,,,,TRUE,2
Rory Swensen,Mayor,city,Coalville,,TRUE,INCUMBENT — not on 2026 ballot,,,,https://www.coalvillecity.gov/1193/Mayor-City-Council,,(435) 336-5981,,,,,,,TRUE,1
Brandon Brady,City Council Member,city,Coalville,,TRUE,INCUMBENT — not on 2026 ballot,,,,https://www.coalvillecity.gov/1193/Mayor-City-Council,,(435) 336-5981,,,,,,,TRUE,2
Matt Boyer,City Council Member,city,Coalville,,TRUE,INCUMBENT — not on 2026 ballot,,,,https://www.coalvillecity.gov/1193/Mayor-City-Council,,(435) 336-5981,,,,,,,TRUE,2
Lynn Wood,City Council Member,city,Coalville,,TRUE,INCUMBENT — not on 2026 ballot,,,,https://www.coalvillecity.gov/1193/Mayor-City-Council,,(435) 336-5981,,,,,,,TRUE,2
Shaun Powis,City Council Member,city,Coalville,,TRUE,INCUMBENT — not on 2026 ballot,,,,https://www.coalvillecity.gov/1193/Mayor-City-Council,,(435) 336-5981,,,,,,,TRUE,2
Jeff Peterson,City Council Member,city,Coalville,,TRUE,INCUMBENT — not on 2026 ballot,,,,https://www.coalvillecity.gov/1193/Mayor-City-Council,,(435) 336-5981,,,,,,,TRUE,2
Kay H. Richins,Mayor,city,Henefer,,TRUE,INCUMBENT — not on 2026 ballot,,,,https://www.utah.gov/pmn/,,(435) 336-5365,,,,,,,TRUE,1
Rush Hotchkiss,Town Council Member,city,Henefer,,TRUE,INCUMBENT — not on 2026 ballot,,,,https://www.utah.gov/pmn/,,(435) 336-5365,,,,,,,TRUE,2
Steven Dallin,Town Council Member,city,Henefer,,TRUE,INCUMBENT — not on 2026 ballot,,,,https://www.utah.gov/pmn/,,(435) 336-5365,,,,,,,TRUE,2
Chad West,Town Council Member,city,Henefer,,TRUE,INCUMBENT — not on 2026 ballot,,,,https://www.utah.gov/pmn/,,(435) 336-5365,,,,,,,TRUE,2
Alec Deru,Town Council Member,city,Henefer,,TRUE,INCUMBENT — not on 2026 ballot,,,,https://www.utah.gov/pmn/,,(435) 336-5365,,,,,,,TRUE,2
Heidi Franco,Mayor,city,Heber City,,TRUE,INCUMBENT — not on 2026 ballot,,,,https://www.heberut.gov/175/City-Council,hfranco@heberut.gov,435-654-0757,,,,,,,TRUE,1
Aaron Cheatwood,City Council Member,city,Heber City,,TRUE,INCUMBENT — not on 2026 ballot,,,,https://www.heberut.gov/175/City-Council,acheatwood@heberut.gov,435-654-0757,,,,,,,TRUE,2
Sid Ostergaard,City Council Member,city,Heber City,,TRUE,INCUMBENT — not on 2026 ballot,,,,https://www.heberut.gov/175/City-Council,sostergaard@heberut.gov,435-654-0757,,,,,,,TRUE,2
Mike Johnston,City Council Member,city,Heber City,,TRUE,INCUMBENT — not on 2026 ballot,,,,https://www.heberut.gov/175/City-Council,mjohnston@heberut.gov,435-654-0757,,,,,,,TRUE,2
Morgan Murdock,City Council Member,city,Heber City,,TRUE,INCUMBENT — not on 2026 ballot,,,,https://www.heberut.gov/175/City-Council,mmurdock@heberut.gov,435-654-0757,,,,,,,TRUE,2
Yvonne Barney,City Council Member,city,Heber City,,TRUE,INCUMBENT — not on 2026 ballot,,,,https://www.heberut.gov/175/City-Council,ybarney@heberut.gov,435-654-0757,,,,,,,TRUE,2
Craig Simons,Mayor,city,Midway,,TRUE,INCUMBENT — not on 2026 ballot,,,,https://www.midwaycityut.gov/government/mayor-city-council,csimons@midwaycityut.gov,,,,,,,,TRUE,1
Kevin Payne,City Council Member,city,Midway,,TRUE,INCUMBENT — not on 2026 ballot,,,,https://www.midwaycityut.gov/government/mayor-city-council,kpayne@midwaycityut.gov,,,,,,,,TRUE,2
Lisa Orme,City Council Member,city,Midway,,TRUE,INCUMBENT — not on 2026 ballot,,,,https://www.midwaycityut.gov/government/mayor-city-council,lorme@midwaycityut.gov,,,,,,,,TRUE,2
Andy Garland,City Council Member,city,Midway,,TRUE,INCUMBENT — not on 2026 ballot,,,,https://www.midwaycityut.gov/government/mayor-city-council,agarland@midwaycityut.gov,,,,,,,,TRUE,2
JC Simonsen,City Council Member,city,Midway,,TRUE,INCUMBENT — not on 2026 ballot,,,,https://www.midwaycityut.gov/government/mayor-city-council,jsimonsen@midwaycityut.gov,,,,,,,,TRUE,2
Andrew Osborne,City Council Member,city,Midway,,TRUE,INCUMBENT — not on 2026 ballot,,,,https://www.midwaycityut.gov/government/mayor-city-council,aosborne@midwaycityut.gov,,,,,,,,TRUE,2
Ralph Severini,Mayor,city,Hideout,,TRUE,INCUMBENT — not on 2026 ballot,,,,https://hideoututah.gov/town-council/,,(435) 776-6066,,,,,,,TRUE,1
Peter Ginsberg,Town Council Member,city,Hideout,,TRUE,INCUMBENT — not on 2026 ballot,,,,https://hideoututah.gov/town-council/,,(435) 659-4739,,,,,,,TRUE,2
Tanya Brady,Town Council Member,city,Hideout,,TRUE,INCUMBENT — not on 2026 ballot,,,,https://hideoututah.gov/town-council/,,(435) 659-4739,,,,,,,TRUE,2
Carol Haselton,Town Council Member,city,Hideout,,TRUE,INCUMBENT — not on 2026 ballot,,,,https://hideoututah.gov/town-council/,,(435) 659-4739,,,,,,,TRUE,2
Jonathan Gunn,Town Council Member,city,Hideout,,TRUE,INCUMBENT — not on 2026 ballot,,,,https://hideoututah.gov/town-council/,,(435) 659-4739,,,,,,,TRUE,2
Brian Cooper,Town Council Member,city,Hideout,,TRUE,INCUMBENT — not on 2026 ballot,,,,https://hideoututah.gov/town-council/,,(435) 659-4739,,,,,,,TRUE,2
Scott Kohler,Mayor,city,Daniel,,TRUE,INCUMBENT — not on 2026 ballot,,,,https://danielutah.gov/contact-us,,435-654-5062,,,,,,,TRUE,1
Gary Walton,Town Council Member,city,Daniel,,TRUE,INCUMBENT — not on 2026 ballot,,,,https://danielutah.gov/contact-us,,435-654-5062,,,,,,,TRUE,2
Eric Bennett,Town Council Member,city,Daniel,,TRUE,INCUMBENT — not on 2026 ballot,,,,https://danielutah.gov/contact-us,,435-654-5062,,,,,,,TRUE,2
Stefanie Grady,Town Council Member,city,Daniel,,TRUE,INCUMBENT — not on 2026 ballot,,,,https://danielutah.gov/contact-us,,435-654-5062,,,,,,,TRUE,2
Brooke Rose,Town Council Member,city,Daniel,,TRUE,INCUMBENT — not on 2026 ballot,,,,https://danielutah.gov/contact-us,,435-654-5062,,,,,,,TRUE,2
Doug Clements,Mayor,city,Charleston,,TRUE,INCUMBENT — not on 2026 ballot,,,,https://charlestontown.utah.gov/council/,mayordougclements@gmail.com,801-793-9537,,,,,,,TRUE,1
Michael Bauer,Town Council Member,city,Charleston,,TRUE,INCUMBENT — not on 2026 ballot,,,,https://charlestontown.utah.gov/council/,mbcharleston26@gmail.com,801-368-7643,,,,,,,TRUE,2
Scott Solum,Town Council Member,city,Charleston,,TRUE,INCUMBENT — not on 2026 ballot,,,,https://charlestontown.utah.gov/council/,sssolum289@gmail.com,801-540-1863,,,,,,,TRUE,2
Don Sant,Town Council Member,city,Charleston,,TRUE,INCUMBENT — not on 2026 ballot,,,,https://charlestontown.utah.gov/council/,dsant66@gmail.com,303-589-6000,,,,,,,TRUE,2
Jim Brown,Town Council Member,city,Charleston,,TRUE,INCUMBENT — not on 2026 ballot,,,,https://charlestontown.utah.gov/council/,shaqstr@yahoo.com,801-380-1089,,,,,,,TRUE,2
Celeni Richins,Mayor,city,Wallsburg,,TRUE,INCUMBENT — not on 2026 ballot,,,,https://www.utah.gov/pmn/sitemap/notice/1086011.html,,,,,,,,,TRUE,1
Terri Eisel,Town Council Member,city,Wallsburg,,TRUE,INCUMBENT — not on 2026 ballot,,,,https://www.utah.gov/pmn/sitemap/notice/1086011.html,,,,,,,,,TRUE,2
Mary Piscitelli,Town Council Member,city,Wallsburg,,TRUE,INCUMBENT — not on 2026 ballot,,,,https://www.utah.gov/pmn/sitemap/notice/1086011.html,,,,,,,,,TRUE,2
Rohn Hortin,Town Council Member,city,Wallsburg,,TRUE,INCUMBENT — not on 2026 ballot,,,,https://www.utah.gov/pmn/sitemap/notice/1086011.html,,,,,,,,,TRUE,2
Peter Nielsen,Town Council Member,city,Wallsburg,,TRUE,INCUMBENT — not on 2026 ballot,,,,https://www.utah.gov/pmn/sitemap/notice/1086011.html,,,,,,,,,TRUE,2
Greg Harrigan,Mayor,city,Interlaken,,TRUE,INCUMBENT — not on 2026 ballot,,,,https://interlakenut.gov/government,,,,,,,,,TRUE,1
Sue O'Nan,Town Council Member,city,Interlaken,,TRUE,INCUMBENT — not on 2026 ballot,,,,https://interlakenut.gov/government,,,,,,,,,TRUE,2
Jill Jacobson,Town Council Member,city,Interlaken,,TRUE,INCUMBENT — not on 2026 ballot,,,,https://interlakenut.gov/government,,,,,,,,,TRUE,2
Erin Merryweather,Town Council Member,city,Interlaken,,TRUE,INCUMBENT — not on 2026 ballot,,,,https://interlakenut.gov/government,,,,,,,,,TRUE,2
Lynn Chadderdon,Town Council Member,city,Interlaken,,TRUE,INCUMBENT — not on 2026 ballot,,,,https://interlakenut.gov/government,,,,,,,,,TRUE,2
Jim Tolbert,Town Council Member,city,Independence,,TRUE,INCUMBENT — not on 2026 ballot,,,,https://www.independenceut.gov/council,jtolbert@independenceut.gov,,,,,,,,TRUE,2
William Hansen,Town Council Member,city,Independence,,TRUE,INCUMBENT — not on 2026 ballot,,,,https://www.independenceut.gov/council,,,,,,,,,TRUE,2
Will Duke,Town Council Member,city,Independence,,TRUE,INCUMBENT — not on 2026 ballot,,,,https://www.independenceut.gov/council,wduke@independenceut.gov,,,,,,,,TRUE,2
Rylee Allen,Town Council Member,city,Independence,,TRUE,INCUMBENT — not on 2026 ballot,,,,https://www.independenceut.gov/council,,,,,,,,,TRUE,2
Bonnie Wilson,Town Council Member,city,Independence,,TRUE,INCUMBENT — not on 2026 ballot,,,,https://www.independenceut.gov/council,bwilson@independenceut.gov,801-830-0469,,,,,,,TRUE,2
Dan Olson,Mayor,city,Santaquin,,TRUE,INCUMBENT — not on 2026 ballot,,,,https://santaquin.gov/node/2165,,,,,,,,,TRUE,1
Lynn Mecham,City Council Member,city,Santaquin,,TRUE,INCUMBENT — not on 2026 ballot,,,,https://santaquin.gov/node/2165,,,,,,,,,TRUE,2
Art Adcock,City Council Member,city,Santaquin,,TRUE,INCUMBENT — not on 2026 ballot,,,,https://santaquin.gov/node/2165,,,,,,,,,TRUE,2
Jeff Siddoway,City Council Member,city,Santaquin,,TRUE,INCUMBENT — not on 2026 ballot,,,,https://santaquin.gov/node/2165,,,,,,,,,TRUE,2
J. Travis Keel,City Council Member,city,Santaquin,,TRUE,INCUMBENT — not on 2026 ballot,,,,https://santaquin.gov/node/2165,,,,,,,,,TRUE,2
Brian Del Rosario,City Council Member,city,Santaquin,,TRUE,INCUMBENT — not on 2026 ballot,,,,https://santaquin.gov/node/2165,,,,,,,,,TRUE,2
Justin Seely,Mayor,city,Nephi,,TRUE,INCUMBENT — not on 2026 ballot,,,,https://www.nephi.utah.gov/268/Mayor-and-City-Council,,435-623-0822,,,,,,,TRUE,1
Shari Cowan,City Council Member,city,Nephi,,TRUE,INCUMBENT — not on 2026 ballot,,,,https://www.nephi.utah.gov/268/Mayor-and-City-Council,,435-623-0822,,,,,,,TRUE,2
Tate Douglas,City Council Member,city,Nephi,,TRUE,INCUMBENT — not on 2026 ballot,,,,https://www.nephi.utah.gov/268/Mayor-and-City-Council,,435-623-0822,,,,,,,TRUE,2
Travis Worwood,City Council Member,city,Nephi,,TRUE,INCUMBENT — not on 2026 ballot,,,,https://www.nephi.utah.gov/268/Mayor-and-City-Council,,435-623-0822,,,,,,,TRUE,2
JD Parady,City Council Member,city,Nephi,,TRUE,INCUMBENT — not on 2026 ballot,,,,https://www.nephi.utah.gov/268/Mayor-and-City-Council,,435-623-0822,,,,,,,TRUE,2
Jeramie Callaway,City Council Member,city,Nephi,,TRUE,INCUMBENT — not on 2026 ballot,,,,https://www.nephi.utah.gov/268/Mayor-and-City-Council,,435-623-0822,,,,,,,TRUE,2
Troy Painter,Mayor,city,Mona,,TRUE,INCUMBENT — not on 2026 ballot,,,,https://www.monautah.gov/city-council-members.html,,435-623-4913,,,,,,,TRUE,1
Devan Ingram,City Council Member,city,Mona,,TRUE,INCUMBENT — not on 2026 ballot,,,,https://www.monautah.gov/city-council-members.html,,435-623-4913,,,,,,,TRUE,2
Kris Kay,City Council Member,city,Mona,,TRUE,INCUMBENT — not on 2026 ballot,,,,https://www.monautah.gov/city-council-members.html,,435-623-4913,,,,,,,TRUE,2
Tony Openshaw,City Council Member,city,Mona,,TRUE,INCUMBENT — not on 2026 ballot,,,,https://www.monautah.gov/city-council-members.html,,435-623-4913,,,,,,,TRUE,2
Kevin Squire,City Council Member,city,Mona,,TRUE,INCUMBENT — not on 2026 ballot,,,,https://www.monautah.gov/city-council-members.html,,435-623-4913,,,,,,,TRUE,2
Alesha Newton,City Council Member,city,Mona,,TRUE,INCUMBENT — not on 2026 ballot,,,,https://www.monautah.gov/city-council-members.html,,435-623-4913,,,,,,,TRUE,2
Tyler Shepherd,Mayor,city,Levan,,TRUE,INCUMBENT — not on 2026 ballot,,,,https://levantown.org/,,(435) 623-1959,,,,,,,TRUE,1
Ray Evans,Town Council Member,city,Levan,,TRUE,INCUMBENT — not on 2026 ballot,,,,https://levantown.org/,,(435) 623-1959,,,,,,,TRUE,2
Rachel Goates,Town Council Member,city,Levan,,TRUE,INCUMBENT — not on 2026 ballot,,,,https://levantown.org/,,(435) 623-1959,,,,,,,TRUE,2
Jerry Spencer,Town Council Member,city,Levan,,TRUE,INCUMBENT — not on 2026 ballot,,,,https://levantown.org/,,(435) 623-1959,,,,,,,TRUE,2
Chris Chipping,Town Council Member,city,Levan,,TRUE,INCUMBENT — not on 2026 ballot,,,,https://levantown.org/,,(435) 623-1959,,,,,,,TRUE,2
Robert Jenkins,Mayor,city,Eureka,,TRUE,INCUMBENT — not on 2026 ballot,,,,https://eureka.utah.gov/council,,(435) 433-6915,,,,,,,TRUE,1
Tony Atherley,City Council Member,city,Eureka,,TRUE,INCUMBENT — not on 2026 ballot,,,,https://eureka.utah.gov/council,tony@eureka.utah.gov,,,,,,,,TRUE,2
Raeleen Maxfield,City Council Member,city,Eureka,,TRUE,INCUMBENT — not on 2026 ballot,,,,https://eureka.utah.gov/council,raeleen@eureka.utah.gov,801-830-3904,,,,,,,TRUE,2
Tom Nedreberg,City Council Member,city,Eureka,,TRUE,INCUMBENT — not on 2026 ballot,,,,https://eureka.utah.gov/council,tom@eureka.utah.gov,801-921-3356,,,,,,,TRUE,2
Kimberly Clements,City Council Member,city,Eureka,,TRUE,INCUMBENT — not on 2026 ballot,,,,https://eureka.utah.gov/council,kimberly@eureka.utah.gov,801-319-4072,,,,,,,TRUE,2
Charles Davis,City Council Member,city,Eureka,,TRUE,INCUMBENT — not on 2026 ballot,,,,https://eureka.utah.gov/council,charles@eureka.utah.gov,,,,,,,,TRUE,2
Chris Larsen,Mayor,city,Ephraim,,TRUE,INCUMBENT — not on 2026 ballot,,,,http://www.ephraim.gov/180/City-Council,clarsen@ephraim.gov,435-283-4631,,,,,,,TRUE,1
Dennis Nordfelt,City Council Member,city,Ephraim,,TRUE,INCUMBENT — not on 2026 ballot,,,,http://www.ephraim.gov/180/City-Council,dnordfelt@ephraim.gov,435-283-4631,,,,,,,TRUE,2
Anthony Beal,City Council Member,city,Ephraim,,TRUE,INCUMBENT — not on 2026 ballot,,,,http://www.ephraim.gov/180/City-Council,abeal@ephraim.gov,435-283-4631,,,,,,,TRUE,2
Jack Dalene,City Council Member,city,Ephraim,,TRUE,INCUMBENT — not on 2026 ballot,,,,http://www.ephraim.gov/180/City-Council,jdalene@ephraim.gov,435-283-4631,,,,,,,TRUE,2
Loren Steck,City Council Member,city,Ephraim,,TRUE,INCUMBENT — not on 2026 ballot,,,,http://www.ephraim.gov/180/City-Council,lsteck@ephraim.gov,435-283-4631,,,,,,,TRUE,2
Bud Powell,City Council Member,city,Ephraim,,TRUE,INCUMBENT — not on 2026 ballot,,,,http://www.ephraim.gov/180/City-Council,bpowell@ephraim.gov,435-283-4631,,,,,,,TRUE,2
Michael Olsen,Mayor,city,Mount Pleasant,,TRUE,INCUMBENT — not on 2026 ballot,,,,https://www.mpcityut.gov/government/city_council.php,,435-462-2456,,,,,,,TRUE,1
Russ Keisel,City Council Member,city,Mount Pleasant,,TRUE,INCUMBENT — not on 2026 ballot,,,,https://www.mpcityut.gov/government/city_council.php,,435-462-2456,,,,,,,TRUE,2
Jakob Howcroft,City Council Member,city,Mount Pleasant,,TRUE,INCUMBENT — not on 2026 ballot,,,,https://www.mpcityut.gov/government/city_council.php,,435-462-2456,,,,,,,TRUE,2
Rondy Black,City Council Member,city,Mount Pleasant,,TRUE,INCUMBENT — not on 2026 ballot,,,,https://www.mpcityut.gov/government/city_council.php,,435-462-2456,,,,,,,TRUE,2
Lynn Beesley,City Council Member,city,Mount Pleasant,,TRUE,INCUMBENT — not on 2026 ballot,,,,https://www.mpcityut.gov/government/city_council.php,,435-462-2456,,,,,,,TRUE,2
Cade Beck,City Council Member,city,Mount Pleasant,,TRUE,INCUMBENT — not on 2026 ballot,,,,https://www.mpcityut.gov/government/city_council.php,,435-462-2456,,,,,,,TRUE,2
Mary Wintch,Mayor,city,Manti,,TRUE,INCUMBENT — not on 2026 ballot,,,,https://www.manti.gov/citycouncil/page/city-council-members,,,,,,,,,TRUE,1
Meagan Johnson,City Council Member,city,Manti,,TRUE,INCUMBENT — not on 2026 ballot,,,,https://www.manti.gov/citycouncil/page/city-council-members,,,,,,,,,TRUE,2
Mary Pipes,City Council Member,city,Manti,,TRUE,INCUMBENT — not on 2026 ballot,,,,https://www.manti.gov/citycouncil/page/city-council-members,,,,,,,,,TRUE,2
AJ Mower,City Council Member,city,Manti,,TRUE,INCUMBENT — not on 2026 ballot,,,,https://www.manti.gov/citycouncil/page/city-council-members,,,,,,,,,TRUE,2
Jen Christiansen,City Council Member,city,Manti,,TRUE,INCUMBENT — not on 2026 ballot,,,,https://www.manti.gov/citycouncil/page/city-council-members,,,,,,,,,TRUE,2
Brian Francois,City Council Member,city,Manti,,TRUE,INCUMBENT — not on 2026 ballot,,,,https://www.manti.gov/citycouncil/page/city-council-members,,,,,,,,,TRUE,2
Troy Prestwich,Mayor,city,Moroni,,TRUE,INCUMBENT — not on 2026 ballot,,,,https://moronicity.gov/mayor-and-city-council-duties/,,435-436-8359,,,,,,,TRUE,1
Jake Bagley,City Council Member,city,Moroni,,TRUE,INCUMBENT — not on 2026 ballot,,,,https://moronicity.gov/mayor-and-city-council-duties/,,435-436-8359,,,,,,,TRUE,2
Craig Draper,City Council Member,city,Moroni,,TRUE,INCUMBENT — not on 2026 ballot,,,,https://moronicity.gov/mayor-and-city-council-duties/,,435-436-8359,,,,,,,TRUE,2
"Thayne ""Fred"" Atkinson",City Council Member,city,Moroni,,TRUE,INCUMBENT — not on 2026 ballot,,,,https://moronicity.gov/mayor-and-city-council-duties/,,435-436-8359,,,,,,,TRUE,2
Kevin Taylor,City Council Member,city,Moroni,,TRUE,INCUMBENT — not on 2026 ballot,,,,https://moronicity.gov/mayor-and-city-council-duties/,,435-436-8359,,,,,,,TRUE,2
Cherrie Green,City Council Member,city,Moroni,,TRUE,INCUMBENT — not on 2026 ballot,,,,https://moronicity.gov/mayor-and-city-council-duties/,,435-436-8359,,,,,,,TRUE,2
Travis B. Leatherwood,Mayor,city,Centerfield,,TRUE,INCUMBENT — not on 2026 ballot,,,,https://www.utah.gov/pmn/sitemap/notice/1108995.html,mayorl@centerfieldcity.org,435-528-3296,,,,,,,TRUE,1
Jon Hansen,City Council Member,city,Centerfield,,TRUE,INCUMBENT — not on 2026 ballot,,,,https://www.utah.gov/pmn/sitemap/notice/1108995.html,hansenj@centerfieldcity.org,435-528-3296,,,,,,,TRUE,2
Bart Hammond,City Council Member,city,Centerfield,,TRUE,INCUMBENT — not on 2026 ballot,,,,https://www.utah.gov/pmn/sitemap/notice/1108995.html,hammondb@centerfieldcity.org,435-528-3296,,,,,,,TRUE,2
Brittney Fisher,City Council Member,city,Centerfield,,TRUE,INCUMBENT — not on 2026 ballot,,,,https://www.utah.gov/pmn/sitemap/notice/1108995.html,fisherb@centerfieldcity.org,435-528-3296,,,,,,,TRUE,2
Sherry Frasier,City Council Member,city,Centerfield,,TRUE,INCUMBENT — not on 2026 ballot,,,,https://www.utah.gov/pmn/sitemap/notice/1108995.html,frasiers@centerfieldcityut.gov,435-528-3296,,,,,,,TRUE,2
Ryan Smith,City Council Member,city,Centerfield,,TRUE,INCUMBENT — not on 2026 ballot,,,,https://www.utah.gov/pmn/sitemap/notice/1108995.html,smithr@centerfieldcityut.gov,435-528-3296,,,,,,,TRUE,2
Willard Wood,Mayor,city,Fountain Green,,TRUE,INCUMBENT — not on 2026 ballot,,,,https://fountaingreencity.gov/,,,,,,,,,TRUE,1
Kerry Farnsworth,City Council Member,city,Fountain Green,,TRUE,INCUMBENT — not on 2026 ballot,,,,https://fountaingreencity.gov/,,,,,,,,,TRUE,2
Vaughn Jacobsen,City Council Member,city,Fountain Green,,TRUE,INCUMBENT — not on 2026 ballot,,,,https://fountaingreencity.gov/,,,,,,,,,TRUE,2
Rich Walker,City Council Member,city,Fountain Green,,TRUE,INCUMBENT — not on 2026 ballot,,,,https://fountaingreencity.gov/,,,,,,,,,TRUE,2
Kim Johnson,City Council Member,city,Fountain Green,,TRUE,INCUMBENT — not on 2026 ballot,,,,https://fountaingreencity.gov/,,,,,,,,,TRUE,2
Jacob Littlefield,City Council Member,city,Fountain Green,,TRUE,INCUMBENT — not on 2026 ballot,,,,https://fountaingreencity.gov/,,,,,,,,,TRUE,2
Travis Good,Mayor,city,Mayfield,,TRUE,INCUMBENT — not on 2026 ballot,,,,https://www.mayfieldtownut.gov/mayfield-town-council,tgood@ecolifeusa.com,435-851-1138,,,,,,,TRUE,1
Mitzi Fuller,Town Council Member,city,Mayfield,,TRUE,INCUMBENT — not on 2026 ballot,,,,https://www.mayfieldtownut.gov/mayfield-town-council,scubadopey@yahoo.com,435-813-8974,,,,,,,TRUE,2
Jack Wilber,Town Council Member,city,Mayfield,,TRUE,INCUMBENT — not on 2026 ballot,,,,https://www.mayfieldtownut.gov/mayfield-town-council,jack562dub@gmail.com,435-340-0689,,,,,,,TRUE,2
Keston Christiansen,Town Council Member,city,Mayfield,,TRUE,INCUMBENT — not on 2026 ballot,,,,https://www.mayfieldtownut.gov/mayfield-town-council,kestonc@live.com,435-851-1158,,,,,,,TRUE,2
Catherine Medler,Town Council Member,city,Mayfield,,TRUE,INCUMBENT — not on 2026 ballot,,,,https://www.mayfieldtownut.gov/mayfield-town-council,retluoc2002@yahoo.com,435-851-1634,,,,,,,TRUE,2
Paul Penrod,Mayor,city,Spring City,,TRUE,INCUMBENT — not on 2026 ballot,,,,https://springcityutah.gov/government/elected-officials/,mayor@springcityutah.gov,435-462-2244,,,,,,,TRUE,1
Stanley Soper,City Council Member,city,Spring City,,TRUE,INCUMBENT — not on 2026 ballot,,,,https://springcityutah.gov/government/elected-officials/,stan.soper@springcityutah.gov,435-462-2244,,,,,,,TRUE,2
Chris Anderson,City Council Member,city,Spring City,,TRUE,INCUMBENT — not on 2026 ballot,,,,https://springcityutah.gov/government/elected-officials/,chris.anderson@springcityutah.gov,435-462-2244,,,,,,,TRUE,2
Michael Broadbent,City Council Member,city,Spring City,,TRUE,INCUMBENT — not on 2026 ballot,,,,https://springcityutah.gov/government/elected-officials/,michael.broadbent@springcityutah.gov,435-462-2244,,,,,,,TRUE,2
James Baker,City Council Member,city,Spring City,,TRUE,INCUMBENT — not on 2026 ballot,,,,https://springcityutah.gov/government/elected-officials/,james.baker@springcityutah.gov,435-462-2244,,,,,,,TRUE,2
Laurel Workman,City Council Member,city,Spring City,,TRUE,INCUMBENT — not on 2026 ballot,,,,https://springcityutah.gov/government/elected-officials/,laurel.workman@springcityutah.gov,435-462-2244,,,,,,,TRUE,2
Bryan Burrows,Mayor,city,Richfield,,TRUE,INCUMBENT — not on 2026 ballot,,,,https://richfieldut.gov/city-council/,,435-896-6439,,,,,,,TRUE,1
Kevin Arrington,City Council Member,city,Richfield,,TRUE,INCUMBENT — not on 2026 ballot,,,,https://richfieldut.gov/city-council/,,435-896-6439,,,,,,,TRUE,2
Brayden Gardner,City Council Member,city,Richfield,,TRUE,INCUMBENT — not on 2026 ballot,,,,https://richfieldut.gov/city-council/,,435-896-6439,,,,,,,TRUE,2
Andrew Chappell,City Council Member,city,Richfield,,TRUE,INCUMBENT — not on 2026 ballot,,,,https://richfieldut.gov/city-council/,,435-896-6439,,,,,,,TRUE,2
Kip Hansen,City Council Member,city,Richfield,,TRUE,INCUMBENT — not on 2026 ballot,,,,https://richfieldut.gov/city-council/,,435-896-6439,,,,,,,TRUE,2
Kendrick Thomas,City Council Member,city,Richfield,,TRUE,INCUMBENT — not on 2026 ballot,,,,https://richfieldut.gov/city-council/,,435-896-6439,,,,,,,TRUE,2
Johnny Parsons,Mayor,city,Monroe,,TRUE,INCUMBENT — not on 2026 ballot,,,,https://monroeut.gov/city-council/,,435-527-4621,,,,,,,TRUE,1
Michael Mathie,City Council Member,city,Monroe,,TRUE,INCUMBENT — not on 2026 ballot,,,,https://monroeut.gov/city-council/,,435-527-4621,,,,,,,TRUE,2
Perry Payne,City Council Member,city,Monroe,,TRUE,INCUMBENT — not on 2026 ballot,,,,https://monroeut.gov/city-council/,,435-527-4621,,,,,,,TRUE,2
Candice Barney,City Council Member,city,Monroe,,TRUE,INCUMBENT — not on 2026 ballot,,,,https://monroeut.gov/city-council/,,435-527-4621,,,,,,,TRUE,2
Ryan Johnson,City Council Member,city,Monroe,,TRUE,INCUMBENT — not on 2026 ballot,,,,https://monroeut.gov/city-council/,,435-527-4621,,,,,,,TRUE,2
Jason Bagley,City Council Member,city,Monroe,,TRUE,INCUMBENT — not on 2026 ballot,,,,https://monroeut.gov/city-council/,,435-527-4621,,,,,,,TRUE,2
Brent Beach,Mayor,city,Salina,,TRUE,INCUMBENT — not on 2026 ballot,,,,https://www.salina.utah.gov/,,435-529-7304,,,,,,,TRUE,1
Earl Taylor,City Council Member,city,Salina,,TRUE,INCUMBENT — not on 2026 ballot,,,,https://www.salina.utah.gov/,,435-529-7304,,,,,,,TRUE,2
Kevin Mickelsen,City Council Member,city,Salina,,TRUE,INCUMBENT — not on 2026 ballot,,,,https://www.salina.utah.gov/,,435-529-7304,,,,,,,TRUE,2
Randy Christiansen,City Council Member,city,Salina,,TRUE,INCUMBENT — not on 2026 ballot,,,,https://www.salina.utah.gov/,,435-529-7304,,,,,,,TRUE,2
Allen Tietjen,City Council Member,city,Salina,,TRUE,INCUMBENT — not on 2026 ballot,,,,https://www.salina.utah.gov/,,435-529-7304,,,,,,,TRUE,2
Tammy Hales,City Council Member,city,Salina,,TRUE,INCUMBENT — not on 2026 ballot,,,,https://www.salina.utah.gov/,,435-529-7304,,,,,,,TRUE,2
Bryan Sprague,Mayor,city,Aurora,,TRUE,INCUMBENT — not on 2026 ballot,,,,https://www.utah.gov/pmn/sitemap/notice/1097179.html,,,,,,,,,TRUE,1
Parker Vercimak,City Council Member,city,Aurora,,TRUE,INCUMBENT — not on 2026 ballot,,,,https://www.utah.gov/pmn/sitemap/notice/1097179.html,,,,,,,,,TRUE,2
Amy Croft,City Council Member,city,Aurora,,TRUE,INCUMBENT — not on 2026 ballot,,,,https://www.utah.gov/pmn/sitemap/notice/1097179.html,,,,,,,,,TRUE,2
Hunter Whitney,City Council Member,city,Aurora,,TRUE,INCUMBENT — not on 2026 ballot,,,,https://www.utah.gov/pmn/sitemap/notice/1097179.html,,,,,,,,,TRUE,2
Andy Rasmussen,City Council Member,city,Aurora,,TRUE,INCUMBENT — not on 2026 ballot,,,,https://www.utah.gov/pmn/sitemap/notice/1097179.html,,,,,,,,,TRUE,2
Cory Johnson,City Council Member,city,Aurora,,TRUE,INCUMBENT — not on 2026 ballot,,,,https://www.utah.gov/pmn/sitemap/notice/1097179.html,,,,,,,,,TRUE,2
John Chartier,Mayor,city,Annabella,,TRUE,INCUMBENT — not on 2026 ballot,,,,https://annabella.utah.gov/town-council/,,,,,,,,,TRUE,1
Louis Brown,Town Council Member,city,Annabella,,TRUE,INCUMBENT — not on 2026 ballot,,,,https://annabella.utah.gov/town-council/,,,,,,,,,TRUE,2
Kelvin Johns,Town Council Member,city,Annabella,,TRUE,INCUMBENT — not on 2026 ballot,,,,https://annabella.utah.gov/town-council/,,,,,,,,,TRUE,2
Stephanie Morgan,Town Council Member,city,Annabella,,TRUE,INCUMBENT — not on 2026 ballot,,,,https://annabella.utah.gov/town-council/,,,,,,,,,TRUE,2
Christopher Nielson,Town Council Member,city,Annabella,,TRUE,INCUMBENT — not on 2026 ballot,,,,https://annabella.utah.gov/town-council/,,,,,,,,,TRUE,2
KC Bogue,Mayor,city,Delta,,TRUE,INCUMBENT — not on 2026 ballot,,,,https://delta.utah.gov/citycouncil,kbogue@delta.utah.gov,(435) 864-8305,,,,,,,TRUE,1
Kelly Carter,City Council Member,city,Delta,,TRUE,INCUMBENT — not on 2026 ballot,,,,https://delta.utah.gov/citycouncil,kellydeltacity@gmail.com,(435) 406-1862,,,,,,,TRUE,2
Nicholas W. Killpack,City Council Member,city,Delta,,TRUE,INCUMBENT — not on 2026 ballot,,,,https://delta.utah.gov/citycouncil,nkillpack@delta.utah.gov,(435) 406-1597,,,,,,,TRUE,2
Brian Huber,City Council Member,city,Delta,,TRUE,INCUMBENT — not on 2026 ballot,,,,https://delta.utah.gov/citycouncil,bhuber@delta.utah.gov,(435) 864-8211,,,,,,,TRUE,2
Nathan Taylor,City Council Member,city,Delta,,TRUE,INCUMBENT — not on 2026 ballot,,,,https://delta.utah.gov/citycouncil,ntaylor@delta.utah.gov,(435) 512-9476,,,,,,,TRUE,2
Natalie Stefanoff,City Council Member,city,Delta,,TRUE,INCUMBENT — not on 2026 ballot,,,,https://delta.utah.gov/citycouncil,nstefanoff@delta.utah.gov,(435) 406-7896,,,,,,,TRUE,2
Curt Hare,Mayor,city,Fillmore,,TRUE,INCUMBENT — not on 2026 ballot,,,,https://fillmoreutah.gov/pages/mayor-council,,(435) 253-2209,,,,,,,TRUE,1
Eugene R. Larsen,City Council Member,city,Fillmore,,TRUE,INCUMBENT — not on 2026 ballot,,,,https://fillmoreutah.gov/pages/mayor-council,,(435) 896-7581,,,,,,,TRUE,2
Kyle Stevens,City Council Member,city,Fillmore,,TRUE,INCUMBENT — not on 2026 ballot,,,,https://fillmoreutah.gov/pages/mayor-council,,(435) 979-3706,,,,,,,TRUE,2
Michael B. Winget,City Council Member,city,Fillmore,,TRUE,INCUMBENT — not on 2026 ballot,,,,https://fillmoreutah.gov/pages/mayor-council,,(435) 418-0303,,,,,,,TRUE,2
Dennis W. Alldredge,City Council Member,city,Fillmore,,TRUE,INCUMBENT — not on 2026 ballot,,,,https://fillmoreutah.gov/pages/mayor-council,,(435) 743-6972,,,,,,,TRUE,2
Amber Rausch,City Council Member,city,Fillmore,,TRUE,INCUMBENT — not on 2026 ballot,,,,https://fillmoreutah.gov/pages/mayor-council,,(385) 441-0208,,,,,,,TRUE,2
Alan Miller,Mayor,city,Hinckley,,TRUE,INCUMBENT — not on 2026 ballot,,,,https://hinckleytown.utah.gov,,435-864-3522,,,,,,,TRUE,1
Ron Black,Town Council Member,city,Hinckley,,TRUE,INCUMBENT — not on 2026 ballot,,,,https://hinckleytown.utah.gov,,,,,,,,,TRUE,2
Chris Mork,Town Council Member,city,Hinckley,,TRUE,INCUMBENT — not on 2026 ballot,,,,https://hinckleytown.utah.gov,,,,,,,,,TRUE,2
Skip Taylor,Town Council Member,city,Hinckley,,TRUE,INCUMBENT — not on 2026 ballot,,,,https://hinckleytown.utah.gov,,,,,,,,,TRUE,2
Kristi Townsend,Town Council Member,city,Hinckley,,TRUE,INCUMBENT — not on 2026 ballot,,,,https://hinckleytown.utah.gov,,,,,,,,,TRUE,2
Kirt Dutson,Mayor,city,Oak City,,TRUE,INCUMBENT — not on 2026 ballot,,,,https://oakcityut.gov/government/,mayor@oakcityut.gov,435-610-9565,,,,,,,TRUE,1
Jared Rawlinson,Town Council Member,city,Oak City,,TRUE,INCUMBENT — not on 2026 ballot,,,,https://oakcityut.gov/government/,,435-406-1336,,,,,,,TRUE,2
Copeland Anderson,Town Council Member,city,Oak City,,TRUE,INCUMBENT — not on 2026 ballot,,,,https://oakcityut.gov/government/,,435-406-4193,,,,,,,TRUE,2
Tom Nielson,Town Council Member,city,Oak City,,TRUE,INCUMBENT — not on 2026 ballot,,,,https://oakcityut.gov/government/,,435-864-7667,,,,,,,TRUE,2
Shawn Gonder,Town Council Member,city,Oak City,,TRUE,INCUMBENT — not on 2026 ballot,,,,https://oakcityut.gov/government/,,435-406-6677,,,,,,,TRUE,2
Wenda Crabb,Mayor,city,Kanosh,,TRUE,INCUMBENT — not on 2026 ballot,,,,https://www.utah.gov/pmn/,,,,,,,,,TRUE,1
Tim White,Town Council Member,city,Kanosh,,TRUE,INCUMBENT — not on 2026 ballot,,,,https://www.utah.gov/pmn/,,,,,,,,,TRUE,2
Josh Whitaker,Town Council Member,city,Kanosh,,TRUE,INCUMBENT — not on 2026 ballot,,,,https://www.utah.gov/pmn/,,,,,,,,,TRUE,2
Brian Batt,Town Council Member,city,Kanosh,,TRUE,INCUMBENT — not on 2026 ballot,,,,https://www.utah.gov/pmn/,,,,,,,,,TRUE,2
Matt Stephens,Mayor,city,Holden,,TRUE,INCUMBENT — not on 2026 ballot,,,,https://www.utah.gov/pmn/,,,,,,,,,TRUE,1
LaRee Stephenson,Town Council Member,city,Holden,,TRUE,INCUMBENT — not on 2026 ballot,,,,https://www.utah.gov/pmn/,,,,,,,,,TRUE,2
Tamara Dallin,Town Council Member,city,Holden,,TRUE,INCUMBENT — not on 2026 ballot,,,,https://www.utah.gov/pmn/,,,,,,,,,TRUE,2
David Wood,Town Council Member,city,Holden,,TRUE,INCUMBENT — not on 2026 ballot,,,,https://www.utah.gov/pmn/,,,,,,,,,TRUE,2
Mike Bleazard,Town Council Member,city,Holden,,TRUE,INCUMBENT — not on 2026 ballot,,,,https://www.utah.gov/pmn/,,,,,,,,,TRUE,2
Kasey Brunson,Mayor,city,Scipio,,TRUE,INCUMBENT — not on 2026 ballot,,,,https://www.utah.gov/pmn/,,,,,,,,,TRUE,1
Porter Monroe,Town Council Member,city,Scipio,,TRUE,INCUMBENT — not on 2026 ballot,,,,https://www.utah.gov/pmn/,,,,,,,,,TRUE,2
Bryce Monroe,Town Council Member,city,Scipio,,TRUE,INCUMBENT — not on 2026 ballot,,,,https://www.utah.gov/pmn/,,,,,,,,,TRUE,2
McCrae Thatcher,Town Council Member,city,Scipio,,TRUE,INCUMBENT — not on 2026 ballot,,,,https://www.utah.gov/pmn/,,,,,,,,,TRUE,2
Robert Thatcher,Town Council Member,city,Scipio,,TRUE,INCUMBENT — not on 2026 ballot,,,,https://www.utah.gov/pmn/,,,,,,,,,TRUE,2
Gary Bishop,Mayor,city,Meadow,,TRUE,INCUMBENT — not on 2026 ballot,,,,https://www.utah.gov/pmn/,,(435)253-3337,,,,,,,TRUE,1
Sunny Guild,Town Council Member,city,Meadow,,TRUE,INCUMBENT — not on 2026 ballot,,,,https://www.utah.gov/pmn/,,,,,,,,,TRUE,2
Justin Jensen,Town Council Member,city,Meadow,,TRUE,INCUMBENT — not on 2026 ballot,,,,https://www.utah.gov/pmn/,,,,,,,,,TRUE,2
James Beckstrand,Town Council Member,city,Meadow,,TRUE,INCUMBENT — not on 2026 ballot,,,,https://www.utah.gov/pmn/,,,,,,,,,TRUE,2
Robert Beckstrand,Town Council Member,city,Meadow,,TRUE,INCUMBENT — not on 2026 ballot,,,,https://www.utah.gov/pmn/,,,,,,,,,TRUE,2
Michael S. Lovell,Mayor,city,Leamington,,TRUE,INCUMBENT — not on 2026 ballot,,,,https://www.utah.gov/pmn/,,,,,,,,,TRUE,1
John Pruitt,Town Council Member,city,Leamington,,TRUE,INCUMBENT — not on 2026 ballot,,,,https://www.utah.gov/pmn/,,,,,,,,,TRUE,2
Drey Oppenheimer,Town Council Member,city,Leamington,,TRUE,INCUMBENT — not on 2026 ballot,,,,https://www.utah.gov/pmn/,,,,,,,,,TRUE,2
Tyler Christensen,Town Council Member,city,Leamington,,TRUE,INCUMBENT — not on 2026 ballot,,,,https://www.utah.gov/pmn/,,,,,,,,,TRUE,2
Marcia Pack,Town Council Member,city,Leamington,,TRUE,INCUMBENT — not on 2026 ballot,,,,https://www.utah.gov/pmn/,,,,,,,,,TRUE,2
Chase Nielson,Mayor,city,Lynndyl,,TRUE,INCUMBENT — not on 2026 ballot,,,,https://www.utah.gov/pmn/,,,,,,,,,TRUE,1
Spencer Proctor,Town Council Member,city,Lynndyl,,TRUE,INCUMBENT — not on 2026 ballot,,,,https://www.utah.gov/pmn/,,,,,,,,,TRUE,2
Miff Bishop,Town Council Member,city,Lynndyl,,TRUE,INCUMBENT — not on 2026 ballot,,,,https://www.utah.gov/pmn/,,,,,,,,,TRUE,2
Matt Draper,Town Council Member,city,Lynndyl,,TRUE,INCUMBENT — not on 2026 ballot,,,,https://www.utah.gov/pmn/,,,,,,,,,TRUE,2
Richard Pyne,Town Council Member,city,Lynndyl,,TRUE,INCUMBENT — not on 2026 ballot,,,,https://www.utah.gov/pmn/,,,,,,,,,TRUE,2
Kristi Westwood,Mayor,city,Circleville,,TRUE,INCUMBENT — not on 2026 ballot,,,,https://circlevilleutah.org,,,,,,,,,TRUE,1
Stacie Gass,Town Council Member,city,Circleville,,TRUE,INCUMBENT — not on 2026 ballot,,,,https://circlevilleutah.org,,,,,,,,,TRUE,2
Tyler Dalton,Town Council Member,city,Circleville,,TRUE,INCUMBENT — not on 2026 ballot,,,,https://circlevilleutah.org,,,,,,,,,TRUE,2
Kaylie Barney,Town Council Member,city,Circleville,,TRUE,INCUMBENT — not on 2026 ballot,,,,https://circlevilleutah.org,,,,,,,,,TRUE,2
Shirl Fox,Town Council Member,city,Circleville,,TRUE,INCUMBENT — not on 2026 ballot,,,,https://circlevilleutah.org,,,,,,,,,TRUE,2
Clay James,Mayor,city,Marysvale,,TRUE,INCUMBENT — not on 2026 ballot,,,,https://marysvale.gov,,,,,,,,,TRUE,1
Jon Christensen,Town Council Member,city,Marysvale,,TRUE,INCUMBENT — not on 2026 ballot,,,,https://marysvale.gov,,,,,,,,,TRUE,2
Jeania Kennedy,Town Council Member,city,Marysvale,,TRUE,INCUMBENT — not on 2026 ballot,,,,https://marysvale.gov,,,,,,,,,TRUE,2
Todd Jackson,Town Council Member,city,Marysvale,,TRUE,INCUMBENT — not on 2026 ballot,,,,https://marysvale.gov,,,,,,,,,TRUE,2
Kennedy Sylvester,Town Council Member,city,Marysvale,,TRUE,INCUMBENT — not on 2026 ballot,,,,https://marysvale.gov,,,,,,,,,TRUE,2
Cody Grundy,Mayor,city,Loa,,TRUE,INCUMBENT — not on 2026 ballot,,,,https://www.utah.gov/pmn/,cody76grundy@yahoo.com,435-691-2135,,,,,,,TRUE,1
Don Bone,Town Council Member,city,Loa,,TRUE,INCUMBENT — not on 2026 ballot,,,,https://www.utah.gov/pmn/,donbone54@gmail.com,435-491-0014,,,,,,,TRUE,2
Chris Olsen,Town Council Member,city,Loa,,TRUE,INCUMBENT — not on 2026 ballot,,,,https://www.utah.gov/pmn/,jcolsen2003@yahoo.com,435-491-0342,,,,,,,TRUE,2
Derek Woolsey,Town Council Member,city,Loa,,TRUE,INCUMBENT — not on 2026 ballot,,,,https://www.utah.gov/pmn/,derekwoolseyis@gmail.com,435-463-8188,,,,,,,TRUE,2
Kori Brown,Town Council Member,city,Loa,,TRUE,INCUMBENT — not on 2026 ballot,,,,https://www.utah.gov/pmn/,korilynn.brown@gmail.com,435-491-1010,,,,,,,TRUE,2
Noreen Johnson,Mayor,city,Bicknell,,TRUE,INCUMBENT — not on 2026 ballot,,,,https://www.bicknellutah.gov,,,,,,,,,TRUE,1
Kerry Stevens,Town Council Member,city,Bicknell,,TRUE,INCUMBENT — not on 2026 ballot,,,,https://www.bicknellutah.gov,,,,,,,,,TRUE,2
Steve Albercht,Town Council Member,city,Bicknell,,TRUE,INCUMBENT — not on 2026 ballot,,,,https://www.bicknellutah.gov,,,,,,,,,TRUE,2
Weston Johnson,Town Council Member,city,Bicknell,,TRUE,INCUMBENT — not on 2026 ballot,,,,https://www.bicknellutah.gov,,,,,,,,,TRUE,2
Gregg Anderson,Town Council Member,city,Bicknell,,TRUE,INCUMBENT — not on 2026 ballot,,,,https://www.bicknellutah.gov,,,,,,,,,TRUE,2
Jeffren T. Pei,Mayor,city,Hanksville,,TRUE,INCUMBENT — not on 2026 ballot,,,,https://www.hanksvilleutah.gov/government,,,,,,,,,TRUE,1
Mona Wells,Town Council Member,city,Hanksville,,TRUE,INCUMBENT — not on 2026 ballot,,,,https://www.hanksvilleutah.gov/government,,,,,,,,,TRUE,2
Peter Devonshire,Town Council Member,city,Hanksville,,TRUE,INCUMBENT — not on 2026 ballot,,,,https://www.hanksvilleutah.gov/government,,,,,,,,,TRUE,2
Robert Gilner,Town Council Member,city,Hanksville,,TRUE,INCUMBENT — not on 2026 ballot,,,,https://www.hanksvilleutah.gov/government,,,,,,,,,TRUE,2
Shyann Alvey,Town Council Member,city,Hanksville,,TRUE,INCUMBENT — not on 2026 ballot,,,,https://www.hanksvilleutah.gov/government,,,,,,,,,TRUE,2
Matt Robinson,Mayor,city,Beaver,,TRUE,INCUMBENT — not on 2026 ballot,,,,https://www.beavercityut.gov,mattrobinson@beavercityut.gov,435-438-2451,,,,,,,TRUE,1
Hunter Holt,City Council Member,city,Beaver,,TRUE,INCUMBENT — not on 2026 ballot,,,,https://www.beavercityut.gov,,,,,,,,,TRUE,2
Lance Cox,City Council Member,city,Beaver,,TRUE,INCUMBENT — not on 2026 ballot,,,,https://www.beavercityut.gov,,,,,,,,,TRUE,2
Tyler Schena,City Council Member,city,Beaver,,TRUE,INCUMBENT — not on 2026 ballot,,,,https://www.beavercityut.gov,,,,,,,,,TRUE,2
David Albrecht,City Council Member,city,Beaver,,TRUE,INCUMBENT — not on 2026 ballot,,,,https://www.beavercityut.gov,,,,,,,,,TRUE,2
Randy Hunter,City Council Member,city,Beaver,,TRUE,INCUMBENT — not on 2026 ballot,,,,https://www.beavercityut.gov,,,,,,,,,TRUE,2
Nolan Davis,Mayor,city,Milford,,TRUE,INCUMBENT — not on 2026 ballot,,,,https://milfordcityutah.com/government/city-council,,,,,,,,,TRUE,1
Tayson Willis,City Council Member,city,Milford,,TRUE,INCUMBENT — not on 2026 ballot,,,,https://milfordcityutah.com/government/city-council,,,,,,,,,TRUE,2
"Ian ""Jeep"" Spaulding",City Council Member,city,Milford,,TRUE,INCUMBENT — not on 2026 ballot,,,,https://milfordcityutah.com/government/city-council,,,,,,,,,TRUE,2
Russell Smith,City Council Member,city,Milford,,TRUE,INCUMBENT — not on 2026 ballot,,,,https://milfordcityutah.com/government/city-council,,,,,,,,,TRUE,2
Les Whitney,City Council Member,city,Milford,,TRUE,INCUMBENT — not on 2026 ballot,,,,https://milfordcityutah.com/government/city-council,,,,,,,,,TRUE,2
Scott Symond,City Council Member,city,Milford,,TRUE,INCUMBENT — not on 2026 ballot,,,,https://milfordcityutah.com/government/city-council,,,,,,,,,TRUE,2
Kim Soper,Mayor,city,Panguitch,,TRUE,INCUMBENT — not on 2026 ballot,,,,https://panguitch.com/city-hall-directory/,,435-676-8585,,,,,,,TRUE,1
Mike Sarles,City Council Member,city,Panguitch,,TRUE,INCUMBENT — not on 2026 ballot,,,,https://panguitch.com/city-hall-directory/,,435-676-8585,,,,,,,TRUE,2
David Dodds,City Council Member,city,Panguitch,,TRUE,INCUMBENT — not on 2026 ballot,,,,https://panguitch.com/city-hall-directory/,,435-676-8585,,,,,,,TRUE,2
Tracy Wright,City Council Member,city,Panguitch,,TRUE,INCUMBENT — not on 2026 ballot,,,,https://panguitch.com/city-hall-directory/,,435-676-8585,,,,,,,TRUE,2
Cindy Stewart,City Council Member,city,Panguitch,,TRUE,INCUMBENT — not on 2026 ballot,,,,https://panguitch.com/city-hall-directory/,,435-676-8585,,,,,,,TRUE,2
James Kinsey,City Council Member,city,Panguitch,,TRUE,INCUMBENT — not on 2026 ballot,,,,https://panguitch.com/city-hall-directory/,,435-676-8585,,,,,,,TRUE,2
Melani Torgersen,Mayor,city,Escalante,,TRUE,INCUMBENT — not on 2026 ballot,,,,https://escalanteutah.gov/government/,,,,,,,,,TRUE,1
Chad Lyman,City Council Member,city,Escalante,,TRUE,INCUMBENT — not on 2026 ballot,,,,https://escalanteutah.gov/government/,,,,,,,,,TRUE,2
Lenza Wilson,City Council Member,city,Escalante,,TRUE,INCUMBENT — not on 2026 ballot,,,,https://escalanteutah.gov/government/,,,,,,,,,TRUE,2
Ryan Cottam,City Council Member,city,Escalante,,TRUE,INCUMBENT — not on 2026 ballot,,,,https://escalanteutah.gov/government/,,,,,,,,,TRUE,2
Marlene Stowe,City Council Member,city,Escalante,,TRUE,INCUMBENT — not on 2026 ballot,,,,https://escalanteutah.gov/government/,,,,,,,,,TRUE,2
Sally Orme,City Council Member,city,Escalante,,TRUE,INCUMBENT — not on 2026 ballot,,,,https://escalanteutah.gov/government/,,,,,,,,,TRUE,2
WaLon Brinkerhoff,Mayor,city,Tropic,,TRUE,INCUMBENT — not on 2026 ballot,,,,https://www.utah.gov/pmn/,,,,,,,,,TRUE,1
Sydney Lamas,Town Council Member,city,Tropic,,TRUE,INCUMBENT — not on 2026 ballot,,,,https://www.utah.gov/pmn/,,,,,,,,,TRUE,2
Lance Syrett,Town Council Member,city,Tropic,,TRUE,INCUMBENT — not on 2026 ballot,,,,https://www.utah.gov/pmn/,,,,,,,,,TRUE,2
Merrilee Mecham,Town Council Member,city,Tropic,,TRUE,INCUMBENT — not on 2026 ballot,,,,https://www.utah.gov/pmn/,,,,,,,,,TRUE,2
Mike Ahlstrom,Town Council Member,city,Tropic,,TRUE,INCUMBENT — not on 2026 ballot,,,,https://www.utah.gov/pmn/,,,,,,,,,TRUE,2
Cheryl Cox,Mayor,city,Boulder,,TRUE,INCUMBENT — not on 2026 ballot,,,,https://boulder.utah.gov/town-council/,,,,,,,,,TRUE,1
Lacy Allen,Town Council Member,city,Boulder,,TRUE,INCUMBENT — not on 2026 ballot,,,,https://boulder.utah.gov/town-council/,,,,,,,,,TRUE,2
Josh Ellis,Town Council Member,city,Boulder,,TRUE,INCUMBENT — not on 2026 ballot,,,,https://boulder.utah.gov/town-council/,,,,,,,,,TRUE,2
Tina Karlsson,Town Council Member,city,Boulder,,TRUE,INCUMBENT — not on 2026 ballot,,,,https://boulder.utah.gov/town-council/,,,,,,,,,TRUE,2
John Veranth,Town Council Member,city,Boulder,,TRUE,INCUMBENT — not on 2026 ballot,,,,https://boulder.utah.gov/town-council/,,,,,,,,,TRUE,2
Dale Pollock,Mayor,city,Henrieville,,TRUE,INCUMBENT — not on 2026 ballot,,,,https://www.utah.gov/pmn/,,(435)679-8581,,,,,,,TRUE,1
Cliff Mathews,Town Board Member,city,Henrieville,,TRUE,INCUMBENT — not on 2026 ballot,,,,https://www.utah.gov/pmn/,,,,,,,,,TRUE,2
Rowdy Miller,Town Board Member,city,Henrieville,,TRUE,INCUMBENT — not on 2026 ballot,,,,https://www.utah.gov/pmn/,,,,,,,,,TRUE,2
Jennilee Shakespear,Town Board Member,city,Henrieville,,TRUE,INCUMBENT — not on 2026 ballot,,,,https://www.utah.gov/pmn/,,,,,,,,,TRUE,2
Diane Ward,Town Board Member,city,Henrieville,,TRUE,INCUMBENT — not on 2026 ballot,,,,https://www.utah.gov/pmn/,,,,,,,,,TRUE,2
Bill Scoffield,Mayor,city,Cannonville,,TRUE,INCUMBENT — not on 2026 ballot,,,,https://www.utah.gov/pmn/,,,,,,,,,TRUE,1
Stewart Ivie,Town Council Member,city,Cannonville,,TRUE,INCUMBENT — not on 2026 ballot,,,,https://www.utah.gov/pmn/,,,,,,,,,TRUE,2
Alma Fletcher,Town Council Member,city,Cannonville,,TRUE,INCUMBENT — not on 2026 ballot,,,,https://www.utah.gov/pmn/,,,,,,,,,TRUE,2
Landyn Brinkerhoff,Town Council Member,city,Cannonville,,TRUE,INCUMBENT — not on 2026 ballot,,,,https://www.utah.gov/pmn/,,,,,,,,,TRUE,2
Davis Kendrick,Town Council Member,city,Cannonville,,TRUE,INCUMBENT — not on 2026 ballot,,,,https://www.utah.gov/pmn/,,,,,,,,,TRUE,2
Kasey King,Mayor,city,Antimony,,TRUE,INCUMBENT — not on 2026 ballot,,,,https://www.utah.gov/pmn/,,,,,,,,,TRUE,1
Marnie Reynolds,Town Board Member,city,Antimony,,TRUE,INCUMBENT — not on 2026 ballot,,,,https://www.utah.gov/pmn/,,,,,,,,,TRUE,2
Marcus Gleave,Town Board Member,city,Antimony,,TRUE,INCUMBENT — not on 2026 ballot,,,,https://www.utah.gov/pmn/,,,,,,,,,TRUE,2
Chuck Wilson,Town Board Member,city,Antimony,,TRUE,INCUMBENT — not on 2026 ballot,,,,https://www.utah.gov/pmn/,,,,,,,,,TRUE,2
Ryan Westwood,Town Board Member,city,Antimony,,TRUE,INCUMBENT — not on 2026 ballot,,,,https://www.utah.gov/pmn/,,,,,,,,,TRUE,2
Terry Willis,Mayor,city,Price,,TRUE,INCUMBENT — not on 2026 ballot,,,,https://www.priceutah.gov/city-government.html,,435-636-3185,,,,,,,TRUE,1
Layne Miller,City Council Member,city,Price,,TRUE,INCUMBENT — not on 2026 ballot,,,,https://www.priceutah.gov/city-government.html,,,,,,,,,TRUE,2
Tanner Richardson,City Council Member,city,Price,,TRUE,INCUMBENT — not on 2026 ballot,,,,https://www.priceutah.gov/city-government.html,,,,,,,,,TRUE,2
Richard Root,City Council Member,city,Price,,TRUE,INCUMBENT — not on 2026 ballot,,,,https://www.priceutah.gov/city-government.html,,,,,,,,,TRUE,2
Russell Seeley,City Council Member,city,Price,,TRUE,INCUMBENT — not on 2026 ballot,,,,https://www.priceutah.gov/city-government.html,,,,,,,,,TRUE,2
Tina Urbanik,City Council Member,city,Price,,TRUE,INCUMBENT — not on 2026 ballot,,,,https://www.priceutah.gov/city-government.html,,,,,,,,,TRUE,2
Lenise Peterman,Mayor,city,Helper,,TRUE,INCUMBENT — not on 2026 ballot,,,,https://helpercity.gov/municiple-info,mayor@helpercity.gov,435-472-5391,,,,,,,TRUE,1
Ed Chavez,City Council Member,city,Helper,,TRUE,INCUMBENT — not on 2026 ballot,,,,https://helpercity.gov/municiple-info,echavez@helpercity.gov,435-472-5391,,,,,,,TRUE,2
Tyson Damron,City Council Member,city,Helper,,TRUE,INCUMBENT — not on 2026 ballot,,,,https://helpercity.gov/municiple-info,tdamron@helpercity.gov,435-472-5391,,,,,,,TRUE,2
Robert Olson,City Council Member,city,Helper,,TRUE,INCUMBENT — not on 2026 ballot,,,,https://helpercity.gov/municiple-info,rolson@helpercity.gov,435-472-5391,,,,,,,TRUE,2
David Palacios,City Council Member,city,Helper,,TRUE,INCUMBENT — not on 2026 ballot,,,,https://helpercity.gov/municiple-info,dpalacios@helpercity.gov,435-472-5391,,,,,,,TRUE,2
Ruth Lee,City Council Member,city,Helper,,TRUE,INCUMBENT — not on 2026 ballot,,,,https://helpercity.gov/municiple-info,rlee@helpercity.gov,435-472-5391,,,,,,,TRUE,2
Carolyn Abeyta,Mayor,city,East Carbon,,TRUE,INCUMBENT — not on 2026 ballot,,,,https://www.eastcarboncity.org/city-council,,435-888-6613,,,,,,,TRUE,1
Grant Neath,City Council Member,city,East Carbon,,TRUE,INCUMBENT — not on 2026 ballot,,,,https://www.eastcarboncity.org/city-council,,435-888-6613,,,,,,,TRUE,2
Amber Stevenson,City Council Member,city,East Carbon,,TRUE,INCUMBENT — not on 2026 ballot,,,,https://www.eastcarboncity.org/city-council,,435-888-6613,,,,,,,TRUE,2
Rakele Palmer,City Council Member,city,East Carbon,,TRUE,INCUMBENT — not on 2026 ballot,,,,https://www.eastcarboncity.org/city-council,,435-888-6613,,,,,,,TRUE,2
Barbara Robinett,City Council Member,city,East Carbon,,TRUE,INCUMBENT — not on 2026 ballot,,,,https://www.eastcarboncity.org/city-council,,435-888-6613,,,,,,,TRUE,2
Charles Abeyta,City Council Member,city,East Carbon,,TRUE,INCUMBENT — not on 2026 ballot,,,,https://www.eastcarboncity.org/city-council,,435-888-6613,,,,,,,TRUE,2
Trent Jackson,Mayor,city,Ferron,,TRUE,INCUMBENT — not on 2026 ballot,,,,https://www.utah.gov/pmn/,,435-384-2350,,,,,,,TRUE,1
Vance Brown,City Council Member,city,Ferron,,TRUE,INCUMBENT — not on 2026 ballot,,,,https://www.utah.gov/pmn/,,435-384-2350,,,,,,,TRUE,2
Ray Petersen,City Council Member,city,Ferron,,TRUE,INCUMBENT — not on 2026 ballot,,,,https://www.utah.gov/pmn/,,435-384-2350,,,,,,,TRUE,2
Gerry Stotler,City Council Member,city,Ferron,,TRUE,INCUMBENT — not on 2026 ballot,,,,https://www.utah.gov/pmn/,,435-384-2350,,,,,,,TRUE,2
Kellee Singleton,City Council Member,city,Ferron,,TRUE,INCUMBENT — not on 2026 ballot,,,,https://www.utah.gov/pmn/,,435-384-2350,,,,,,,TRUE,2
Mike Behling,City Council Member,city,Ferron,,TRUE,INCUMBENT — not on 2026 ballot,,,,https://www.utah.gov/pmn/,,435-384-2350,,,,,,,TRUE,2
Shaun Bell,Mayor,city,Orangeville,,TRUE,INCUMBENT — not on 2026 ballot,,,,https://www.utah.gov/pmn/files/1375233.pdf,,,,,,,,,TRUE,1
David McKee,City Council Member,city,Orangeville,,TRUE,INCUMBENT — not on 2026 ballot,,,,https://www.utah.gov/pmn/files/1375233.pdf,,,,,,,,,TRUE,2
Kari Alton,City Council Member,city,Orangeville,,TRUE,INCUMBENT — not on 2026 ballot,,,,https://www.utah.gov/pmn/files/1375233.pdf,,,,,,,,,TRUE,2
Doug Stilson,City Council Member,city,Orangeville,,TRUE,INCUMBENT — not on 2026 ballot,,,,https://www.utah.gov/pmn/files/1375233.pdf,,,,,,,,,TRUE,2
Kirk McQuivey,City Council Member,city,Orangeville,,TRUE,INCUMBENT — not on 2026 ballot,,,,https://www.utah.gov/pmn/files/1375233.pdf,,,,,,,,,TRUE,2
Kevin Butler,City Council Member,city,Orangeville,,TRUE,INCUMBENT — not on 2026 ballot,,,,https://www.utah.gov/pmn/files/1375233.pdf,,,,,,,,,TRUE,2
Tim Downard,Mayor,city,Elmo,,TRUE,INCUMBENT — not on 2026 ballot,,,,https://emery.utah.gov/home/residents/cities-towns/elmo/,,,,,,,,,TRUE,1
Stoney Jensen,Town Council Member,city,Elmo,,TRUE,INCUMBENT — not on 2026 ballot,,,,https://emery.utah.gov/home/residents/cities-towns/elmo/,,,,,,,,,TRUE,2
Tara Augare,Town Council Member,city,Elmo,,TRUE,INCUMBENT — not on 2026 ballot,,,,https://emery.utah.gov/home/residents/cities-towns/elmo/,,,,,,,,,TRUE,2
Kendall Christensen,Town Council Member,city,Elmo,,TRUE,INCUMBENT — not on 2026 ballot,,,,https://emery.utah.gov/home/residents/cities-towns/elmo/,,,,,,,,,TRUE,2
Travis Richardson,Town Council Member,city,Elmo,,TRUE,INCUMBENT — not on 2026 ballot,,,,https://emery.utah.gov/home/residents/cities-towns/elmo/,,,,,,,,,TRUE,2
Joette Langianese,Mayor,city,Moab,,TRUE,INCUMBENT — not on 2026 ballot,,,,https://www.moabcity.gov/Directory.aspx,,435-259-5121,,,,,,,TRUE,1
Tawny Knuteson-Boyd,City Council Member,city,Moab,,TRUE,INCUMBENT — not on 2026 ballot,,,,https://www.moabcity.gov/Directory.aspx,tknuteson-boyd@moabcity.gov,435-259-5121,,,,,,,TRUE,2
Miles Loftin,City Council Member,city,Moab,,TRUE,INCUMBENT — not on 2026 ballot,,,,https://www.moabcity.gov/Directory.aspx,mloftin@moabcity.gov,435-259-5121,,,,,,,TRUE,2
Kaitlin Myers,City Council Member,city,Moab,,TRUE,INCUMBENT — not on 2026 ballot,,,,https://www.moabcity.gov/Directory.aspx,k.myers@moabcity.gov,435-259-5121,,,,,,,TRUE,2
Jason Taylor,City Council Member,city,Moab,,TRUE,INCUMBENT — not on 2026 ballot,,,,https://www.moabcity.gov/Directory.aspx,jtaylor@moabcity.gov,435-259-5121,,,,,,,TRUE,2
Colin Topper,City Council Member,city,Moab,,TRUE,INCUMBENT — not on 2026 ballot,,,,https://www.moabcity.gov/Directory.aspx,ctopper@moabcity.gov,435-259-5121,,,,,,,TRUE,2
Tommy Olsen,Mayor,city,Roosevelt,,TRUE,INCUMBENT — not on 2026 ballot,,,,https://www.rooseveltcity.gov/184/City-Council,tolsen@rooseveltcity.gov,435-722-5001,,,,,,,TRUE,1
Cody Aland,City Council Member,city,Roosevelt,,TRUE,INCUMBENT — not on 2026 ballot,,,,https://www.rooseveltcity.gov/184/City-Council,caland@rooseveltcity.com,435-722-5001,,,,,,,TRUE,2
Don Busenbark,City Council Member,city,Roosevelt,,TRUE,INCUMBENT — not on 2026 ballot,,,,https://www.rooseveltcity.gov/184/City-Council,dbusenbark@rooseveltcity.com,435-722-5001,,,,,,,TRUE,2
Rowdy Cloward,City Council Member,city,Roosevelt,,TRUE,INCUMBENT — not on 2026 ballot,,,,https://www.rooseveltcity.gov/184/City-Council,rcloward@rooseveltcity.gov,435-722-5001,,,,,,,TRUE,2
Audrey Goodrich,City Council Member,city,Roosevelt,,TRUE,INCUMBENT — not on 2026 ballot,,,,https://www.rooseveltcity.gov/184/City-Council,agoodrich@rooseveltcity.com,435-722-5001,,,,,,,TRUE,2
Beau Hancock,City Council Member,city,Roosevelt,,TRUE,INCUMBENT — not on 2026 ballot,,,,https://www.rooseveltcity.gov/184/City-Council,bhancock@rooseveltcity.gov,435-722-5001,,,,,,,TRUE,2
Linda Harrington,Mayor,city,Myton,,TRUE,INCUMBENT — not on 2026 ballot,,,,https://www.mytoncityut.gov/council,,435-722-2711,,,,,,,TRUE,1
Larry Dye,City Council Member,city,Myton,,TRUE,INCUMBENT — not on 2026 ballot,,,,https://www.mytoncityut.gov/council,,435-722-2711,,,,,,,TRUE,2
Herald Crapo,City Council Member,city,Myton,,TRUE,INCUMBENT — not on 2026 ballot,,,,https://www.mytoncityut.gov/council,,435-722-2711,,,,,,,TRUE,2
Brooke Liddell,City Council Member,city,Myton,,TRUE,INCUMBENT — not on 2026 ballot,,,,https://www.mytoncityut.gov/council,,435-722-2711,,,,,,,TRUE,2
Wilford Conetah,City Council Member,city,Myton,,TRUE,INCUMBENT — not on 2026 ballot,,,,https://www.mytoncityut.gov/council,,435-722-2711,,,,,,,TRUE,2
Sherri Stoddard,City Council Member,city,Myton,,TRUE,INCUMBENT — not on 2026 ballot,,,,https://www.mytoncityut.gov/council,,435-722-2711,,,,,,,TRUE,2
Phillip Scott Allen,Mayor,city,Altamont,,TRUE,INCUMBENT — not on 2026 ballot,,,,https://altamontutah.gov/mayor-and-council,scott@bgcrane.net,435-454-3469,,,,,,,TRUE,1
Russell Sorensen,Town Council Member,city,Altamont,,TRUE,INCUMBENT — not on 2026 ballot,,,,https://altamontutah.gov/mayor-and-council,,435-454-3469,,,,,,,TRUE,2
Mike Foy,Town Council Member,city,Altamont,,TRUE,INCUMBENT — not on 2026 ballot,,,,https://altamontutah.gov/mayor-and-council,,435-454-3469,,,,,,,TRUE,2
James Helms,Town Council Member,city,Altamont,,TRUE,INCUMBENT — not on 2026 ballot,,,,https://altamontutah.gov/mayor-and-council,,435-454-3469,,,,,,,TRUE,2
Chris Baca,Town Council Member,city,Altamont,,TRUE,INCUMBENT — not on 2026 ballot,,,,https://altamontutah.gov/mayor-and-council,,435-454-3469,,,,,,,TRUE,2
Corey Foley,Mayor,city,Vernal,,TRUE,INCUMBENT — not on 2026 ballot,,,,http://www.vernal.gov/,,435-789-2255,,,,,,,TRUE,1
Ted Munford,City Council Member,city,Vernal,,TRUE,INCUMBENT — not on 2026 ballot,,,,http://www.vernal.gov/,,435-789-2255,,,,,,,TRUE,2
Randel Mills,City Council Member,city,Vernal,,TRUE,INCUMBENT — not on 2026 ballot,,,,http://www.vernal.gov/,,435-789-2255,,,,,,,TRUE,2
Robin O'Driscoll,City Council Member,city,Vernal,,TRUE,INCUMBENT — not on 2026 ballot,,,,http://www.vernal.gov/,,435-789-2255,,,,,,,TRUE,2
Edward Long,City Council Member,city,Vernal,,TRUE,INCUMBENT — not on 2026 ballot,,,,http://www.vernal.gov/,,435-789-2255,,,,,,,TRUE,2
Nick Porter,City Council Member,city,Vernal,,TRUE,INCUMBENT — not on 2026 ballot,,,,http://www.vernal.gov/,,435-789-2255,,,,,,,TRUE,2
Brock Arnold,Mayor,city,Naples,,TRUE,INCUMBENT — not on 2026 ballot,,,,https://naplescityut.gov/departments/city-council,,435-789-9090,,,,,,,TRUE,1
Dan E. Olsen,City Council Member,city,Naples,,TRUE,INCUMBENT — not on 2026 ballot,,,,https://naplescityut.gov/departments/city-council,,435-789-9090,,,,,,,TRUE,2
Ross Morton,City Council Member,city,Naples,,TRUE,INCUMBENT — not on 2026 ballot,,,,https://naplescityut.gov/departments/city-council,,435-789-9090,,,,,,,TRUE,2
Kenneth Reynolds,City Council Member,city,Naples,,TRUE,INCUMBENT — not on 2026 ballot,,,,https://naplescityut.gov/departments/city-council,,435-789-9090,,,,,,,TRUE,2
Jonathan Beede,City Council Member,city,Naples,,TRUE,INCUMBENT — not on 2026 ballot,,,,https://naplescityut.gov/departments/city-council,,435-789-9090,,,,,,,TRUE,2
Nate Zilles,City Council Member,city,Naples,,TRUE,INCUMBENT — not on 2026 ballot,,,,https://naplescityut.gov/departments/city-council,,435-789-9090,,,,,,,TRUE,2
Nile Mathisen,Mayor,city,Ballard,,TRUE,INCUMBENT — not on 2026 ballot,,,,https://www.utah.gov/pmn/,,,,,,,,,TRUE,1
Shaun Murray,City Council Member,city,Ballard,,TRUE,INCUMBENT — not on 2026 ballot,,,,https://www.utah.gov/pmn/,,,,,,,,,TRUE,2
Ben Allred,City Council Member,city,Ballard,,TRUE,INCUMBENT — not on 2026 ballot,,,,https://www.utah.gov/pmn/,,,,,,,,,TRUE,2
Al Kettle,City Council Member,city,Ballard,,TRUE,INCUMBENT — not on 2026 ballot,,,,https://www.utah.gov/pmn/,,,,,,,,,TRUE,2
Steve Secrest,City Council Member,city,Ballard,,TRUE,INCUMBENT — not on 2026 ballot,,,,https://www.utah.gov/pmn/,,,,,,,,,TRUE,2
Monica Zoltanski,Mayor,city,Sandy,,TRUE,INCUMBENT — not on 2026 ballot,,,,https://sandy.utah.gov/government/city-council,,,,,,,,,TRUE,1
Brooke Christensen,City Council District 1,city,Sandy,,TRUE,INCUMBENT — not on 2026 ballot,,,,https://sandy.utah.gov/government/city-council,,,,,,,,,TRUE,2
Alison Stroud,City Council District 2,city,Sandy,,TRUE,INCUMBENT — not on 2026 ballot,,,,https://sandy.utah.gov/government/city-council,,,,,,,,,TRUE,3
Kris Nicholl,City Council District 3,city,Sandy,,TRUE,INCUMBENT — not on 2026 ballot,,,,https://sandy.utah.gov/government/city-council,,,,,,,,,TRUE,4
Marci Houseman,City Council District 4,city,Sandy,,TRUE,INCUMBENT — not on 2026 ballot,,,,https://sandy.utah.gov/government/city-council,,,,,,,,,TRUE,5
Aaron Dekeyzer,City Council At-Large,city,Sandy,,TRUE,INCUMBENT — not on 2026 ballot,,,,https://sandy.utah.gov/government/city-council,,,,,,,,,TRUE,6
Brooke D'Sousa,City Council At-Large,city,Sandy,,TRUE,INCUMBENT — not on 2026 ballot,,,,https://sandy.utah.gov/government/city-council,,,,,,,,,TRUE,7
Cyndi Sharkey,City Council At-Large,city,Sandy,,TRUE,INCUMBENT — not on 2026 ballot,,,,https://sandy.utah.gov/government/city-council,,,,,,,,,TRUE,8
Kristie S. Overson,Mayor,city,Taylorsville,,TRUE,INCUMBENT — not on 2026 ballot,,,,https://www.taylorsvilleut.gov/government/elected-officials/mayor,koverson@taylorsvilleut.gov,801-955-2009,,,,,,,TRUE,1
Ernest Burgess,City Council District 1,city,Taylorsville,,TRUE,INCUMBENT — not on 2026 ballot,,,,https://www.taylorsvilleut.gov/government/elected-officials/council,eburgess@taylorsvilleut.gov,801-654-4482,,,,,,,TRUE,2
Curt Cochran,City Council District 2,city,Taylorsville,,TRUE,INCUMBENT — not on 2026 ballot,,,,https://www.taylorsvilleut.gov/government/elected-officials/council,ccochran@taylorsvilleut.gov,801-815-4130,,,,,,,TRUE,3
Anna Barbieri,City Council District 3,city,Taylorsville,,TRUE,INCUMBENT — not on 2026 ballot,,,,https://www.taylorsvilleut.gov/government/elected-officials/council,abarbieri@taylorsvilleut.gov,801-599-8923,,,,,,,TRUE,4
Meredith Harker,City Council District 4,city,Taylorsville,,TRUE,INCUMBENT — not on 2026 ballot,,,,https://www.taylorsvilleut.gov/government/elected-officials/council,mharker@taylorsvilleut.gov,801-573-6502,,,,,,,TRUE,5
Bob Knudsen,City Council District 5,city,Taylorsville,,TRUE,INCUMBENT — not on 2026 ballot,,,,https://www.taylorsvilleut.gov/government/elected-officials/council,rknudsen@taylorsvilleut.gov,801-505-8471,,,,,,,TRUE,6
Jesse Valdez,Mayor,city,Kearns,,TRUE,INCUMBENT — not on 2026 ballot,,,,https://www.kearns.utah.gov/township,,385-885-8375,,,,,,,TRUE,1
Patrick Schaeffer,Council Member - District 1,city,Kearns,,TRUE,INCUMBENT — not on 2026 ballot,,,,https://www.kearns.utah.gov/township,,385-463-4568,,,,,,,TRUE,2
Lyndsay Longtin,Council Member - District 2,city,Kearns,,TRUE,INCUMBENT — not on 2026 ballot,,,,https://www.kearns.utah.gov/township,,385-887-3682,,,,,,,TRUE,3
Chrystal Butterfield,Council Member - District 3,city,Kearns,,TRUE,INCUMBENT — not on 2026 ballot,,,,https://www.kearns.utah.gov/township,,385-463-5465,,,,,,,TRUE,4
Lorrin P. Colby Jr.,Council Member - District 4,city,Kearns,,TRUE,INCUMBENT — not on 2026 ballot,,,,https://www.kearns.utah.gov/township,,385-463-4471,,,,,,,TRUE,5
Dustin Gettel,Mayor,city,Midvale,,TRUE,INCUMBENT — not on 2026 ballot,,,,https://www.midvalecity.org/government/mayor.php,dgettel@midvaleut.gov,385-246-3574,,,,,,,TRUE,1
Bonnie Billings,City Council District 1,city,Midvale,,TRUE,INCUMBENT — not on 2026 ballot,,,,https://www.midvalecity.org/government/city_council.php,Bbillings@midvaleut.gov,385-246-2867,,,,,,,TRUE,2
Paul Glover,City Council District 2,city,Midvale,,TRUE,INCUMBENT — not on 2026 ballot,,,,https://www.midvalecity.org/government/city_council.php,pglover@midvaleut.gov,801-561-5773,,,,,,,TRUE,3
Heidi Robinson,City Council District 3,city,Midvale,,TRUE,INCUMBENT — not on 2026 ballot,,,,https://www.midvalecity.org/government/city_council.php,Hrobinson@midvaleut.gov,801-560-6234,,,,,,,TRUE,4
Bryant Brown,City Council District 4,city,Midvale,,TRUE,INCUMBENT — not on 2026 ballot,,,,https://www.midvalecity.org/government/city_council.php,Bbrown@midvaleut.gov,801-347-1804,,,,,,,TRUE,5
Denece Mikolash,City Council District 5,city,Midvale,,TRUE,INCUMBENT — not on 2026 ballot,,,,https://www.midvalecity.org/government/city_council.php,dmikolash@midvaleut.gov,801-573-3638,,,,,,,TRUE,6
Gay Lynn Bennion,Mayor,city,Cottonwood Heights,,TRUE,INCUMBENT — not on 2026 ballot,,,,https://www.cottonwoodheights.utah.gov/your-government/elected-officials,,801-944-7087,,,,,,,TRUE,1
Matt Holton,City Council District 1,city,Cottonwood Heights,,TRUE,INCUMBENT — not on 2026 ballot,,,,https://www.cottonwoodheights.utah.gov/your-government/elected-officials,,801-944-7089,,,,,,,TRUE,2
Suzanne Hyland,City Council District 2,city,Cottonwood Heights,,TRUE,INCUMBENT — not on 2026 ballot,,,,https://www.cottonwoodheights.utah.gov/your-government/elected-officials,,801-944-7086,,,,,,,TRUE,3
Shawn Newell,City Council District 3,city,Cottonwood Heights,,TRUE,INCUMBENT — not on 2026 ballot,,,,https://www.cottonwoodheights.utah.gov/your-government/elected-officials,,801-300-3068,,,,,,,TRUE,4
Ellen Birrell,City Council District 4,city,Cottonwood Heights,,TRUE,INCUMBENT — not on 2026 ballot,,,,https://www.cottonwoodheights.utah.gov/your-government/elected-officials,,385-910-5942,,,,,,,TRUE,5
Paul Fotheringham,Mayor,city,Holladay,,TRUE,INCUMBENT — not on 2026 ballot,,,,https://holladayut.gov/government/mayor_and_council/mayor.php,pfotheringham@holladayut.gov,801-272-9450,,,,,,,TRUE,1
David Sundwall,City Council District 1,city,Holladay,,TRUE,INCUMBENT — not on 2026 ballot,,,,https://holladayut.gov/government/mayor_and_council/new_page.php,dsundwall@holladayut.gov,801-633-5753,,,,,,,TRUE,2
Matt Durham,City Council District 2,city,Holladay,,TRUE,INCUMBENT — not on 2026 ballot,,,,https://holladayut.gov/government/mayor_and_council/new_page.php,mdurham@holladayut.gov,801-999-0781,,,,,,,TRUE,3
Natalie Bradley,City Council District 3,city,Holladay,,TRUE,INCUMBENT — not on 2026 ballot,,,,https://holladayut.gov/government/mayor_and_council/new_page.php,nbradley@holladayut.gov,801-243-1139,,,,,,,TRUE,4
Drew Quinn,City Council District 4,city,Holladay,,TRUE,INCUMBENT — not on 2026 ballot,,,,https://holladayut.gov/government/mayor_and_council/new_page.php,dquinn@holladayut.gov,801-860-6130,,,,,,,TRUE,5
Emily Gray,City Council District 5,city,Holladay,,TRUE,INCUMBENT — not on 2026 ballot,,,,https://holladayut.gov/government/mayor_and_council/new_page.php,egray@holladayut.gov,801-755-3477,,,,,,,TRUE,6
Cherie Wood,Mayor,city,South Salt Lake,,TRUE,INCUMBENT — not on 2026 ballot,,,,https://sslc.gov/292/Mayors-Office,,801-464-6757,,,,,,,TRUE,1
Joy Glad,City Council District 1,city,South Salt Lake,,TRUE,INCUMBENT — not on 2026 ballot,,,,https://sslc.gov/Directory.aspx?did=11,,385-666-1315,,,,,,,TRUE,2
Corey Thomas,City Council District 2,city,South Salt Lake,,TRUE,INCUMBENT — not on 2026 ballot,,,,https://sslc.gov/Directory.aspx?did=11,,801-755-8015,,,,,,,TRUE,3
Sharla Bynum,City Council District 3,city,South Salt Lake,,TRUE,INCUMBENT — not on 2026 ballot,,,,https://sslc.gov/Directory.aspx?did=11,,801-803-4127,,,,,,,TRUE,4
Nick Mitchell,City Council District 4,city,South Salt Lake,,TRUE,INCUMBENT — not on 2026 ballot,,,,https://sslc.gov/Directory.aspx?did=11,,801-995-1487,,,,,,,TRUE,5
Irvin Jones,City Council District 5,city,South Salt Lake,,TRUE,INCUMBENT — not on 2026 ballot,,,,https://sslc.gov/Directory.aspx?did=11,,801-835-7694,,,,,,,TRUE,6
Clarissa Williams,City Council At-Large,city,South Salt Lake,,TRUE,INCUMBENT — not on 2026 ballot,,,,https://sslc.gov/Directory.aspx?did=11,,505-879-2457,,,,,,,TRUE,7
Ray deWolfe,City Council At-Large,city,South Salt Lake,,TRUE,INCUMBENT — not on 2026 ballot,,,,https://sslc.gov/Directory.aspx?did=11,,801-347-6939,,,,,,,TRUE,8
Natalie Hall,Mayor,city,Bluffdale,,TRUE,INCUMBENT — not on 2026 ballot,,,,https://www.bluffdale.gov/333/Mayor-City-Council,,,,,,,,,TRUE,1
Wendy Aston,City Council Member,city,Bluffdale,,TRUE,INCUMBENT — not on 2026 ballot,,,,https://www.bluffdale.gov/333/Mayor-City-Council,,,,,,,,,TRUE,2
Steve Austin,City Council Member,city,Bluffdale,,TRUE,INCUMBENT — not on 2026 ballot,,,,https://www.bluffdale.gov/333/Mayor-City-Council,,,,,,,,,TRUE,3
Alan Lord,City Council Member,city,Bluffdale,,TRUE,INCUMBENT — not on 2026 ballot,,,,https://www.bluffdale.gov/333/Mayor-City-Council,,,,,,,,,TRUE,4
Mackey Smith,City Council Member,city,Bluffdale,,TRUE,INCUMBENT — not on 2026 ballot,,,,https://www.bluffdale.gov/333/Mayor-City-Council,,,,,,,,,TRUE,5
Greg Wilding,City Council Member,city,Bluffdale,,TRUE,INCUMBENT — not on 2026 ballot,,,,https://www.bluffdale.gov/333/Mayor-City-Council,,,,,,,,,TRUE,6
Allan Perry,Mayor,city,White City,,TRUE,INCUMBENT — not on 2026 ballot,,,,https://whitecity.utah.gov/city-council,aperry@whitecity.utah.gov,801-884-8607,,,,,,,TRUE,1
Greg Shelton,Council Member - Seat A,city,White City,,TRUE,INCUMBENT — not on 2026 ballot,,,,https://whitecity.utah.gov/city-council,gshelton@whitecity.utah.gov,801-810-9638,,,,,,,TRUE,2
Linda Price,Council Member - Seat B,city,White City,,TRUE,INCUMBENT — not on 2026 ballot,,,,https://whitecity.utah.gov/city-council,lprice@whitecity.utah.gov,801-419-3013,,,,,,,TRUE,3
Neil Mahoney,Council Member - Seat C,city,White City,,TRUE,INCUMBENT — not on 2026 ballot,,,,https://whitecity.utah.gov/city-council,nmahoney@whitecity.utah.gov,801-618-7848,,,,,,,TRUE,4
Howard Van Horn,Council Member - Seat D,city,White City,,TRUE,INCUMBENT — not on 2026 ballot,,,,https://whitecity.utah.gov/city-council,hvanhorn@whitecity.utah.gov,385-787-0265,,,,,,,TRUE,5
David Brems,Mayor,city,Emigration Canyon,,TRUE,INCUMBENT — not on 2026 ballot,,,,https://emigration.utah.gov/team-4,,,,,,,,,TRUE,1
Nicholas Griffith,City Council Member,city,Emigration Canyon,,TRUE,INCUMBENT — not on 2026 ballot,,,,https://emigration.utah.gov/team-4,,,,,,,,,TRUE,2
Catherine Harris,City Council Member,city,Emigration Canyon,,TRUE,INCUMBENT — not on 2026 ballot,,,,https://emigration.utah.gov/team-4,,,,,,,,,TRUE,3
Jennifer Hawkes,City Council Member,city,Emigration Canyon,,TRUE,INCUMBENT — not on 2026 ballot,,,,https://emigration.utah.gov/team-4,,,,,,,,,TRUE,4
Robert Pinon,City Council Member,city,Emigration Canyon,,TRUE,INCUMBENT — not on 2026 ballot,,,,https://emigration.utah.gov/team-4,,,,,,,,,TRUE,5
Sean Clayton,Mayor,city,Copperton,,TRUE,INCUMBENT — not on 2026 ballot,,,,https://copperton.utah.gov/meet-copperton-council,sclayton@copperton.utah.gov,(224) 829-9329,,,,,,,TRUE,1
Tessa Stitzer,Council Member (Deputy Mayor),city,Copperton,,TRUE,INCUMBENT — not on 2026 ballot,,,,https://copperton.utah.gov/meet-copperton-council,tstitzer@copperton.utah.gov,(801) 230-4001,,,,,,,TRUE,2
Kathleen Bailey,Council Member (Treasurer),city,Copperton,,TRUE,INCUMBENT — not on 2026 ballot,,,,https://copperton.utah.gov/meet-copperton-council,kbailey@copperton.utah.gov,(801) 971-0841,,,,,,,TRUE,3
Jonathan Pratt,Council Member,city,Copperton,,TRUE,INCUMBENT — not on 2026 ballot,,,,https://copperton.utah.gov/meet-copperton-council,jpratt@copperton.utah.gov,(801) 915-0202,,,,,,,TRUE,4
Linda McCalmon,Council Member,city,Copperton,,TRUE,INCUMBENT — not on 2026 ballot,,,,https://copperton.utah.gov/meet-copperton-council,lmccalmon@copperton.utah.gov,,,,,,,,TRUE,5
Scotty John,Mayor,city,Brighton,,TRUE,INCUMBENT — not on 2026 ballot,,,,https://brighton.utah.gov/176/Directory,,801-518-6338,,,,,,,TRUE,1
Keith Zuspan,Town Council Member (At Large),city,Brighton,,TRUE,INCUMBENT — not on 2026 ballot,,,,https://brighton.utah.gov/176/Directory,,801-652-0692,,,,,,,TRUE,2
Lise Brunhart,Town Council Member (At Large),city,Brighton,,TRUE,INCUMBENT — not on 2026 ballot,,,,https://brighton.utah.gov/176/Directory,,801-573-2166,,,,,,,TRUE,3
Jeff Bossard,Town Council Member (At Large),city,Brighton,,TRUE,INCUMBENT — not on 2026 ballot,,,,https://brighton.utah.gov/176/Directory,,435-647-7941,,,,,,,TRUE,4
Carolyn Keigley,Town Council Member (At Large),city,Brighton,,TRUE,INCUMBENT — not on 2026 ballot,,,,https://brighton.utah.gov/176/Directory,,,,,,,,,TRUE,5
Roger Bourke,Mayor,city,Alta,,TRUE,INCUMBENT — not on 2026 ballot,,,,https://townofalta.com/town-council,,,,,,,,,TRUE,1
Carolyn Anctil,Town Council Member,city,Alta,,TRUE,INCUMBENT — not on 2026 ballot,,,,https://townofalta.com/town-council,,,,,,,,,TRUE,2
Craig Heimark,Town Council Member,city,Alta,,TRUE,INCUMBENT — not on 2026 ballot,,,,https://townofalta.com/town-council,,,,,,,,,TRUE,3
Elise Morgan,Town Council Member,city,Alta,,TRUE,INCUMBENT — not on 2026 ballot,,,,https://townofalta.com/town-council,,,,,,,,,TRUE,4
Dan Schilling,Town Council Member,city,Alta,,TRUE,INCUMBENT — not on 2026 ballot,,,,https://townofalta.com/town-council,,,,,,,,,TRUE,5
Mick Sudbury,Mayor,city,Magna City,,TRUE,INCUMBENT — not on 2026 ballot,,,,https://magna.utah.gov/171/City-Council,,,,,,,,,TRUE,1
Steve Prokopis,City Council District 1,city,Magna City,,TRUE,INCUMBENT — not on 2026 ballot,,,,https://magna.utah.gov/171/City-Council,Sprokopis@magna.utah.gov,801-550-4338,,,,,,,TRUE,2
Megan Olsen,City Council District 2,city,Magna City,,TRUE,INCUMBENT — not on 2026 ballot,,,,https://magna.utah.gov/171/City-Council,molsen@magna.utah.gov,385-910-6792,,,,,,,TRUE,3
Michael H. Jensen,City Council District 3,city,Magna City,,TRUE,INCUMBENT — not on 2026 ballot,,,,https://magna.utah.gov/171/City-Council,mjensen@magna.utah.gov,385-910-1811,,,,,,,TRUE,4
Terry George,City Council District 4,city,Magna City,,TRUE,INCUMBENT — not on 2026 ballot,,,,https://magna.utah.gov/171/City-Council,tgeorge@magna.utah.gov,385-910-7990,,,,,,,TRUE,5
Jeff Larsen,City Council District 5,city,Magna City,,TRUE,INCUMBENT — not on 2026 ballot,,,,https://magna.utah.gov/171/City-Council,jlarson@magna.utah.gov,(385) 499-2345,,,,,,,TRUE,6
Ben Nadolski,Mayor,city,Ogden,,TRUE,INCUMBENT — not on 2026 ballot,,,,https://www.ogdencity.gov/m/directory/department?did=61,bennadolski@ogdencity.com,801-629-8111,,,,,,,TRUE,1
Flor Lopez,City Council District 1,city,Ogden,,TRUE,INCUMBENT — not on 2026 ballot,,,,https://www.ogdencity.gov/m/directory/department?did=60,,801-629-8153,,,,,,,TRUE,2
Richard Hyer,City Council Member (Chair),city,Ogden,,TRUE,INCUMBENT — not on 2026 ballot,,,,https://www.ogdencity.gov/m/directory/department?did=60,,801-629-8153,,,,,,,TRUE,3
Ken Richey,City Council District 3,city,Ogden,,TRUE,INCUMBENT — not on 2026 ballot,,,,https://www.ogdencity.gov/m/directory/department?did=60,,801-629-8153,,,,,,,TRUE,4
Dave Graf,City Council Member (Vice Chair),city,Ogden,,TRUE,INCUMBENT — not on 2026 ballot,,,,https://www.ogdencity.gov/m/directory/department?did=60,,801-629-8153,,,,,,,TRUE,5
Alicia Washington,City Council At-Large Seat A,city,Ogden,,TRUE,INCUMBENT — not on 2026 ballot,,,,https://www.ogdencity.gov/m/directory/department?did=60,,801-629-8153,,,,,,,TRUE,6
Kevin Lundell,City Council At-Large Seat B,city,Ogden,,TRUE,INCUMBENT — not on 2026 ballot,,,,https://www.ogdencity.gov/m/directory/department?did=60,,801-629-8153,,,,,,,TRUE,7
Jeremy Peterson,City Council At-Large Seat C,city,Ogden,,TRUE,INCUMBENT — not on 2026 ballot,,,,https://www.ogdencity.gov/m/directory/department?did=60,,801-629-8153,,,,,,,TRUE,8
Ann Jackson,Mayor,city,Roy,,TRUE,INCUMBENT — not on 2026 ballot,,,,https://www.royutah.gov/government/city_council.php,,,,,,,,,TRUE,1
Diane Wilson,City Council Member,city,Roy,,TRUE,INCUMBENT — not on 2026 ballot,,,,https://www.royutah.gov/government/city_council.php,,,,,,,,,TRUE,2
Bryon Saxton,City Council Member,city,Roy,,TRUE,INCUMBENT — not on 2026 ballot,,,,https://www.royutah.gov/government/city_council.php,,,,,,,,,TRUE,3
Janel Hulbert,City Council Member,city,Roy,,TRUE,INCUMBENT — not on 2026 ballot,,,,https://www.royutah.gov/government/city_council.php,,,,,,,,,TRUE,4
Alexis Jackson,City Council Member,city,Roy,,TRUE,INCUMBENT — not on 2026 ballot,,,,https://www.royutah.gov/government/city_council.php,,,,,,,,,TRUE,5
Jason Sphar,City Council Member,city,Roy,,TRUE,INCUMBENT — not on 2026 ballot,,,,https://www.royutah.gov/government/city_council.php,,,,,,,,,TRUE,6
Rob Vanderwood,Mayor,city,West Haven,,TRUE,INCUMBENT — not on 2026 ballot,,,,https://www.westhavenut.gov/government/mayor.php,rob@westhavenut.gov,801-745-5168,,,,,,,TRUE,1
Carrie Call,City Council Member,city,West Haven,,TRUE,INCUMBENT — not on 2026 ballot,,,,https://www.westhavenut.gov/government/city_council/index.php,carriec@westhavenut.gov,801-458-6371,,,,,,,TRUE,2
Kim Dixon,City Council Member,city,West Haven,,TRUE,INCUMBENT — not on 2026 ballot,,,,https://www.westhavenut.gov/government/city_council/index.php,kimd@westhavenut.gov,801-698-3575,,,,,,,TRUE,3
Nina Morse,City Council Member,city,West Haven,,TRUE,INCUMBENT — not on 2026 ballot,,,,https://www.westhavenut.gov/government/city_council/index.php,ninam@westhavenut.gov,,,,,,,,TRUE,4
Ryan Saunders,City Council Member,city,West Haven,,TRUE,INCUMBENT — not on 2026 ballot,,,,https://www.westhavenut.gov/government/city_council/index.php,rsaunders@westhavenut.gov,801-452-1990,,,,,,,TRUE,5
Ryan Swapp,City Council Member,city,West Haven,,TRUE,INCUMBENT — not on 2026 ballot,,,,https://www.westhavenut.gov/government/city_council/index.php,rswapp@westhavenut.gov,,,,,,,,TRUE,6
Ryan M. Barker,Mayor,city,North Ogden,,TRUE,INCUMBENT — not on 2026 ballot,,,,https://northogdencity.com/government/city_council/index.php,rbarker@northogdencity.gov,(801) 814-4306,,,,,,,TRUE,1
Jay D Dalpias,City Council Member,city,North Ogden,,TRUE,INCUMBENT — not on 2026 ballot,,,,https://northogdencity.com/government/city_council/index.php,jddalpias@northogdencity.gov,(385) 405-6061,,,,,,,TRUE,2
Chris Pulver,City Council Member,city,North Ogden,,TRUE,INCUMBENT — not on 2026 ballot,,,,https://northogdencity.com/government/city_council/index.php,cpulver@northogdencity.gov,(801) 906-3894,,,,,,,TRUE,3
Christina Watson,City Council Member,city,North Ogden,,TRUE,INCUMBENT — not on 2026 ballot,,,,https://northogdencity.com/government/city_council/index.php,watson@northogdencity.gov,(410) 610-8134,,,,,,,TRUE,4
Tera Carney,City Council Member,city,North Ogden,,TRUE,INCUMBENT — not on 2026 ballot,,,,https://northogdencity.com/government/city_council/index.php,Tcarney@northogdencity.gov,(801) 458-2229,,,,,,,TRUE,5
Steve Nabor,City Council Member,city,North Ogden,,TRUE,INCUMBENT — not on 2026 ballot,,,,https://northogdencity.com/government/city_council/index.php,snabor@northogdencity.gov,(801) 721-4465,,,,,,,TRUE,6
Russell L. Porter,Mayor,city,South Ogden,,TRUE,INCUMBENT — not on 2026 ballot,,,,https://southogdencity.gov/government/mayor_&_city_council/index.php,rporter@southogdencity.gov,(801) 622-2701,,,,,,,TRUE,1
Doug Stephens,City Council Member,city,South Ogden,,TRUE,INCUMBENT — not on 2026 ballot,,,,https://southogdencity.gov/government/mayor_&_city_council/index.php,dstephens@southogdencity.gov,(801) 941-8631,,,,,,,TRUE,2
Jeanette Smyth,City Council Member,city,South Ogden,,TRUE,INCUMBENT — not on 2026 ballot,,,,https://southogdencity.gov/government/mayor_&_city_council/index.php,jsmyth@southogdencity.gov,(801) 479-5763,,,,,,,TRUE,3
Jeremy Howe,City Council Member,city,South Ogden,,TRUE,INCUMBENT — not on 2026 ballot,,,,https://southogdencity.gov/government/mayor_&_city_council/index.php,jhowe@southogdencity.gov,(801) 686-5599,,,,,,,TRUE,4
Clayton Peterson,City Council Member,city,South Ogden,,TRUE,INCUMBENT — not on 2026 ballot,,,,https://southogdencity.gov/government/mayor_&_city_council/index.php,cpeterson@southogdencity.gov,(801) 917-4485,,,,,,,TRUE,5
Steve Gibson,Mayor,city,Pleasant View,,TRUE,INCUMBENT — not on 2026 ballot,,,,https://www.pleasantviewut.gov/159,,,,,,,,,TRUE,1
Ann Arrington,City Council Member,city,Pleasant View,,TRUE,INCUMBENT — not on 2026 ballot,,,,https://www.pleasantviewut.gov/159,,,,,,,,,TRUE,2
Johnny Ferry,City Council Member,city,Pleasant View,,TRUE,INCUMBENT — not on 2026 ballot,,,,https://www.pleasantviewut.gov/159,,,,,,,,,TRUE,3
Dave Marriott,City Council Member,city,Pleasant View,,TRUE,INCUMBENT — not on 2026 ballot,,,,https://www.pleasantviewut.gov/159,,,,,,,,,TRUE,4
Sean Wilkinson,City Council Member,city,Pleasant View,,TRUE,INCUMBENT — not on 2026 ballot,,,,https://www.pleasantviewut.gov/159,,,,,,,,,TRUE,5
Sara Urry,City Council Member,city,Pleasant View,,TRUE,INCUMBENT — not on 2026 ballot,,,,https://www.pleasantviewut.gov/159,,,,,,,,,TRUE,6
Sheri Bingham,Mayor,city,Hooper,,TRUE,INCUMBENT — not on 2026 ballot,,,,https://www.hoopercity.gov/meet-your-city-officials,sbingham@hoopercity.gov,,,,,,,,TRUE,1
Ryan Hill,City Council At-Large,city,Hooper,,TRUE,INCUMBENT — not on 2026 ballot,,,,https://www.hoopercity.gov/meet-your-city-officials,rhill@hoopercity.gov,,,,,,,,TRUE,2
Dale Fowers,City Council At-Large,city,Hooper,,TRUE,INCUMBENT — not on 2026 ballot,,,,https://www.hoopercity.gov/meet-your-city-officials,dfowers@hoopercity.gov,,,,,,,,TRUE,3
Larry Ropelato,City Council District 1,city,Hooper,,TRUE,INCUMBENT — not on 2026 ballot,,,,https://www.hoopercity.gov/meet-your-city-officials,lropelato@hoopercity.gov,,,,,,,,TRUE,4
Matthew Kilts,City Council District 2,city,Hooper,,TRUE,INCUMBENT — not on 2026 ballot,,,,https://www.hoopercity.gov/meet-your-city-officials,mkilts@hoopercity.gov,,,,,,,,TRUE,5
Ray Hancock,City Council District 3,city,Hooper,,TRUE,INCUMBENT — not on 2026 ballot,,,,https://www.hoopercity.gov/meet-your-city-officials,rhancock@hoopercity.gov,,,,,,,,TRUE,6
Braden Mitchell,Mayor,city,Riverdale,,TRUE,INCUMBENT — not on 2026 ballot,,,,https://www.riverdaleutah.gov/government/mayor.php,bmitchell@riverdaleutah.gov,801-627-2321,,,,,,,TRUE,1
Alan Arnold,City Council Member,city,Riverdale,,TRUE,INCUMBENT — not on 2026 ballot,,,,https://www.riverdaleutah.gov/government/city_council.php,aarnold@riverdaleutah.gov,385-231-6551,,,,,,,TRUE,2
Bart Stevens,City Council Member,city,Riverdale,,TRUE,INCUMBENT — not on 2026 ballot,,,,https://www.riverdaleutah.gov/government/city_council.php,bstevens@riverdaleutah.gov,801-645-5630,,,,,,,TRUE,3
Anne Hansen,City Council Member,city,Riverdale,,TRUE,INCUMBENT — not on 2026 ballot,,,,https://www.riverdaleutah.gov/government/city_council.php,ahansen@riverdaleutah.gov,801-725-9763,,,,,,,TRUE,4
Michael Richter,City Council Member,city,Riverdale,,TRUE,INCUMBENT — not on 2026 ballot,,,,https://www.riverdaleutah.gov/government/city_council.php,mrichter@riverdaleutah.gov,,,,,,,,TRUE,5
Kent Anderson,City Council Member,city,Riverdale,,TRUE,INCUMBENT — not on 2026 ballot,,,,https://www.riverdaleutah.gov/government/city_council.php,kanderson@riverdaleutah.gov,,,,,,,,TRUE,6
Mark C. Allen,Mayor,city,Washington Terrace,,TRUE,INCUMBENT — not on 2026 ballot,,,,https://washingtonterrace.gov/officials,,,,,,,,,TRUE,1
Anna Davidson,City Council Member,city,Washington Terrace,,TRUE,INCUMBENT — not on 2026 ballot,,,,https://washingtonterrace.gov/officials,,,,,,,,,TRUE,2
Cheryl Parkinson,City Council Member,city,Washington Terrace,,TRUE,INCUMBENT — not on 2026 ballot,,,,https://washingtonterrace.gov/officials,,,,,,,,,TRUE,3
Michael Thomas,City Council Member,city,Washington Terrace,,TRUE,INCUMBENT — not on 2026 ballot,,,,https://washingtonterrace.gov/officials,,,,,,,,,TRUE,4
Jeff West,City Council Member,city,Washington Terrace,,TRUE,INCUMBENT — not on 2026 ballot,,,,https://washingtonterrace.gov/officials,,,,,,,,,TRUE,5
Zunayid Z. Zishan,City Council Member,city,Washington Terrace,,TRUE,INCUMBENT — not on 2026 ballot,,,,https://washingtonterrace.gov/officials,,,,,,,,,TRUE,6
David P. Bolos,Mayor,city,Farr West,,TRUE,INCUMBENT — not on 2026 ballot,,,,https://farrwestcity.gov/government/city-council,mayor@farrwestcity.gov,(801) 808-3800,,,,,,,TRUE,1
Katie Williams,City Council Member,city,Farr West,,TRUE,INCUMBENT — not on 2026 ballot,,,,https://farrwestcity.gov/government/city-council,katie.williams@farrwestcity.gov,(385) 289-5164,,,,,,,TRUE,2
Jason Anderson,City Council Member,city,Farr West,,TRUE,INCUMBENT — not on 2026 ballot,,,,https://farrwestcity.gov/government/city-council,jason.anderson@farrwestcity.gov,(801) 731-4187,,,,,,,TRUE,3
Bob Blind,City Council Member,city,Farr West,,TRUE,INCUMBENT — not on 2026 ballot,,,,https://farrwestcity.gov/government/city-council,bob.blind@farrwestcity.gov,(404) 434-7720,,,,,,,TRUE,4
David Jay,City Council Member,city,Farr West,,TRUE,INCUMBENT — not on 2026 ballot,,,,https://farrwestcity.gov/government/city-council,david.jay@farrwestcity.gov,(801) 698-8992,,,,,,,TRUE,5
Timothy N. Shupe,City Council Member,city,Farr West,,TRUE,INCUMBENT — not on 2026 ballot,,,,https://farrwestcity.gov/government/city-council,tim.shupe@farrwestcity.gov,(801) 731-7582,,,,,,,TRUE,6
Roger Shuman,Mayor,city,Harrisville,,TRUE,INCUMBENT — not on 2026 ballot,,,,https://harrisvillecity.gov/city-council/,mayorshuman@harrisvillecity.gov,(801) 782-4100,,,,,,,TRUE,1
Grover Wilhelmsen,City Council Member,city,Harrisville,,TRUE,INCUMBENT — not on 2026 ballot,,,,https://harrisvillecity.gov/city-council/,gwilhelmsen@harrisvillecity.gov,(801) 782-4100,,,,,,,TRUE,2
Blair Christensen,City Council Member,city,Harrisville,,TRUE,INCUMBENT — not on 2026 ballot,,,,https://harrisvillecity.gov/city-council/,bchristensen@harrisvillecity.gov,(801) 782-4100,,,,,,,TRUE,3
Jason Hadley,City Council Member,city,Harrisville,,TRUE,INCUMBENT — not on 2026 ballot,,,,https://harrisvillecity.gov/city-council/,jhadley@harrisvillecity.gov,(801) 782-4100,,,,,,,TRUE,4
Greg Montgomery,City Council Member,city,Harrisville,,TRUE,INCUMBENT — not on 2026 ballot,,,,https://harrisvillecity.gov/city-council/,gmontgomery@harrisvillecity.gov,(801) 782-4100,,,,,,,TRUE,5
Annette Prall,City Council Member,city,Harrisville,,TRUE,INCUMBENT — not on 2026 ballot,,,,https://harrisvillecity.gov/city-council/,aprall@harrisvillecity.gov,(801) 782-4100,,,,,,,TRUE,6
Scott Van Leeuwen,Mayor,city,Marriott-Slaterville,,TRUE,INCUMBENT — not on 2026 ballot,,,,https://www.marriott-slaterville.org/government/page/executive-branch,,,,,,,,,TRUE,1
Erin Holley,City Council West District,city,Marriott-Slaterville,,TRUE,INCUMBENT — not on 2026 ballot,,,,https://www.marriott-slaterville.org/citycouncil,,,,,,,,,TRUE,2
Dennis Illum,City Council East District,city,Marriott-Slaterville,,TRUE,INCUMBENT — not on 2026 ballot,,,,https://www.marriott-slaterville.org/citycouncil,,,,,,,,,TRUE,3
Rob Smout,City Council West District,city,Marriott-Slaterville,,TRUE,INCUMBENT — not on 2026 ballot,,,,https://www.marriott-slaterville.org/citycouncil,,,,,,,,,TRUE,4
Brad Slater,City Council East District,city,Marriott-Slaterville,,TRUE,INCUMBENT — not on 2026 ballot,,,,https://www.marriott-slaterville.org/citycouncil,,,,,,,,,TRUE,5
Dee Christoffersen,City Council At-Large,city,Marriott-Slaterville,,TRUE,INCUMBENT — not on 2026 ballot,,,,https://www.marriott-slaterville.org/citycouncil,,,,,,,,,TRUE,6
Daniel Combe,Mayor,city,Uintah,,TRUE,INCUMBENT — not on 2026 ballot,,,,https://www.uintahcity.gov/city-council,,,,,,,,,TRUE,1
Michelle Roberts,City Council Member,city,Uintah,,TRUE,INCUMBENT — not on 2026 ballot,,,,https://www.uintahcity.gov/city-council,,,,,,,,,TRUE,2
Ross Patterson,City Council Member,city,Uintah,,TRUE,INCUMBENT — not on 2026 ballot,,,,https://www.uintahcity.gov/city-council,,,,,,,,,TRUE,3
Teague Sorenson,City Council Member,city,Uintah,,TRUE,INCUMBENT — not on 2026 ballot,,,,https://www.uintahcity.gov/city-council,,,,,,,,,TRUE,4
Richard Sorensen,Mayor,city,Huntsville,,TRUE,INCUMBENT — not on 2026 ballot,,,,https://huntsvilleutah.gov/mayor-and-town-council,,,,,,,,,TRUE,1
Lewis Johnson,Town Council Member,city,Huntsville,,TRUE,INCUMBENT — not on 2026 ballot,,,,https://huntsvilleutah.gov/mayor-and-town-council,,,,,,,,,TRUE,2
Bruce Ahlstrom,Town Council Member,city,Huntsville,,TRUE,INCUMBENT — not on 2026 ballot,,,,https://huntsvilleutah.gov/mayor-and-town-council,,,,,,,,,TRUE,3
Jim Truett,Town Council Member,city,Huntsville,,TRUE,INCUMBENT — not on 2026 ballot,,,,https://huntsvilleutah.gov/mayor-and-town-council,,,,,,,,,TRUE,4
Sandy Hunter,Town Council Member,city,Huntsville,,TRUE,INCUMBENT — not on 2026 ballot,,,,https://huntsvilleutah.gov/mayor-and-town-council,,,,,,,,,TRUE,5
Phil Meyer,Mayor,city,Plain City,,TRUE,INCUMBENT — not on 2026 ballot,,,,https://plaincityutah.gov/1255/Mayor-City-Council,philm@plaincityutah.gov,801-731-4908,,,,,,,TRUE,1
Jed Jenkins,City Council Member,city,Plain City,,TRUE,INCUMBENT — not on 2026 ballot,,,,https://plaincityutah.gov/1255/Mayor-City-Council,,,,,,,,,TRUE,2
Luigi Panunzio,City Council Member,city,Plain City,,TRUE,INCUMBENT — not on 2026 ballot,,,,https://plaincityutah.gov/1255/Mayor-City-Council,,,,,,,,,TRUE,3
Rachael Beal,City Council Member,city,Plain City,,TRUE,INCUMBENT — not on 2026 ballot,,,,https://plaincityutah.gov/1255/Mayor-City-Council,,,,,,,,,TRUE,4
Jan Wilson,City Council Member,city,Plain City,,TRUE,INCUMBENT — not on 2026 ballot,,,,https://plaincityutah.gov/1255/Mayor-City-Council,,,,,,,,,TRUE,5
Adam Favero,City Council Member,city,Plain City,,TRUE,INCUMBENT — not on 2026 ballot,,,,https://plaincityutah.gov/1255/Mayor-City-Council,,,,,,,,,TRUE,6
Janet Wampler,Mayor,city,Ogden Valley City,,TRUE,INCUMBENT — not on 2026 ballot,,,,https://ogdenvalley.gov/mayor-city-council/,,,,,,,,,TRUE,1
Tia Shaw,City Council District 1,city,Ogden Valley City,,TRUE,INCUMBENT — not on 2026 ballot,,,,https://ogdenvalley.gov/?p=197,tshaw@ogdenvalley.gov,801-348-0031,,,,,,,TRUE,2
Peggy Dooling Baker,City Council District 2,city,Ogden Valley City,,TRUE,INCUMBENT — not on 2026 ballot,,,,https://ogdenvalley.gov/?p=197,pdoolingbaker@ogdenvalley.gov,801-348-0028,,,,,,,TRUE,3
Kay Hoogland,City Council District 3,city,Ogden Valley City,,TRUE,INCUMBENT — not on 2026 ballot,,,,https://ogdenvalley.gov/?p=197,khoogland@ogdenvalley.gov,801-348-0026,,,,,,,TRUE,4
Chad Booth,City Council District 4,city,Ogden Valley City,,TRUE,INCUMBENT — not on 2026 ballot,,,,https://ogdenvalley.gov/?p=197,cbooth@ogdenvalley.gov,801-348-0032,,,,,,,TRUE,5
Don Hickman,City Council District 5,city,Ogden Valley City,,TRUE,INCUMBENT — not on 2026 ballot,,,,https://ogdenvalley.gov/?p=197,dhickman@ogdenvalley.gov,801-348-0025,,,,,,,TRUE,6
"Dennis J. ""DJ"" Bott",Mayor,city,Brigham City,,TRUE,INCUMBENT — not on 2026 ballot,,,,https://bcutah.gov/page/mayor-and-city-council,,,,,,,,,TRUE,1
Dave Hipp,City Council Member,city,Brigham City,,TRUE,INCUMBENT — not on 2026 ballot,,,,https://bcutah.gov/page/mayor-and-city-council,,,,,,,,,TRUE,2
Dave Jeffries,City Council Member,city,Brigham City,,TRUE,INCUMBENT — not on 2026 ballot,,,,https://bcutah.gov/page/mayor-and-city-council,,,,,,,,,TRUE,3
Matthew Jensen,City Council Member,city,Brigham City,,TRUE,INCUMBENT — not on 2026 ballot,,,,https://bcutah.gov/page/mayor-and-city-council,,,,,,,,,TRUE,4
Ryan D. Smith,City Council Member,city,Brigham City,,TRUE,INCUMBENT — not on 2026 ballot,,,,https://bcutah.gov/page/mayor-and-city-council,,,,,,,,,TRUE,5
Robin Troxell,City Council Member,city,Brigham City,,TRUE,INCUMBENT — not on 2026 ballot,,,,https://bcutah.gov/page/mayor-and-city-council,,,,,,,,,TRUE,6
Bret Rohde,Mayor,city,Tremonton,,TRUE,INCUMBENT — not on 2026 ballot,,,,https://tremontoncity.gov/government/officials/,,435-257-9500,,,,,,,TRUE,1
Blair Westergard,City Council Member,city,Tremonton,,TRUE,INCUMBENT — not on 2026 ballot,,,,https://tremontoncity.gov/government/officials/,,435-257-9500,,,,,,,TRUE,2
Beau Lewis,City Council Member,city,Tremonton,,TRUE,INCUMBENT — not on 2026 ballot,,,,https://tremontoncity.gov/government/officials/,,435-257-9500,,,,,,,TRUE,3
Brent Jex,City Council Member,city,Tremonton,,TRUE,INCUMBENT — not on 2026 ballot,,,,https://tremontoncity.gov/government/officials/,,435-257-9500,,,,,,,TRUE,4
Kristie Bowcutt,City Council Member,city,Tremonton,,TRUE,INCUMBENT — not on 2026 ballot,,,,https://tremontoncity.gov/government/officials/,,435-257-9500,,,,,,,TRUE,5
Sharri Oyler,City Council Member,city,Tremonton,,TRUE,INCUMBENT — not on 2026 ballot,,,,https://tremontoncity.gov/government/officials/,,435-257-9500,,,,,,,TRUE,6
Kevin Jeppsen,Mayor,city,Perry,,TRUE,INCUMBENT — not on 2026 ballot,,,,https://www.perrycity.org/,,,,,,,,,TRUE,1
Nathan Tueller,City Council Member,city,Perry,,TRUE,INCUMBENT — not on 2026 ballot,,,,https://www.perrycity.org/,,,,,,,,,TRUE,2
Toby Wright,City Council Member,city,Perry,,TRUE,INCUMBENT — not on 2026 ballot,,,,https://www.perrycity.org/,,,,,,,,,TRUE,3
Blake Ostler,City Council Member,city,Perry,,TRUE,INCUMBENT — not on 2026 ballot,,,,https://www.perrycity.org/,,,,,,,,,TRUE,4
David Walker,City Council Member,city,Perry,,TRUE,INCUMBENT — not on 2026 ballot,,,,https://www.perrycity.org/,,,,,,,,,TRUE,5
Ashley Young,City Council Member,city,Perry,,TRUE,INCUMBENT — not on 2026 ballot,,,,https://www.perrycity.org/,,,,,,,,,TRUE,6
Danny Austin,Mayor,city,Garland,,TRUE,INCUMBENT — not on 2026 ballot,,,,https://www.garlandutah.gov/city-council/,danny@garlandutah.gov,(435) 257-3118,,,,,,,TRUE,1
Jim Hall,City Council Member,city,Garland,,TRUE,INCUMBENT — not on 2026 ballot,,,,https://www.garlandutah.gov/city-council/,jim@garlandutah.gov,(435) 257-3118,,,,,,,TRUE,2
Jeanette Atkinson,City Council Member,city,Garland,,TRUE,INCUMBENT — not on 2026 ballot,,,,https://www.garlandutah.gov/city-council/,jeanette@garlandutah.gov,(435) 257-3118,,,,,,,TRUE,3
Angie Johnsen,City Council Member,city,Garland,,TRUE,INCUMBENT — not on 2026 ballot,,,,https://www.garlandutah.gov/city-council/,angie@garlandutah.gov,(435) 257-3118,,,,,,,TRUE,4
Josh Munns,City Council Member,city,Garland,,TRUE,INCUMBENT — not on 2026 ballot,,,,https://www.garlandutah.gov/city-council/,josh@garlandutah.gov,(435) 257-3118,,,,,,,TRUE,5
Tena Allen,City Council Member,city,Garland,,TRUE,INCUMBENT — not on 2026 ballot,,,,https://www.garlandutah.gov/city-council/,tena@garlandutah.gov,(435) 257-3118,,,,,,,TRUE,6
Travis Mote,Mayor,city,Willard,,TRUE,INCUMBENT — not on 2026 ballot,,,,https://www.willardcityut.gov/citycouncil,,(435) 734-9881,,,,,,,TRUE,1
Mike Braegger,City Council Member,city,Willard,,TRUE,INCUMBENT — not on 2026 ballot,,,,https://www.willardcityut.gov/citycouncil,,(435) 734-9881,,,,,,,TRUE,2
Jacob Bodily,City Council Member,city,Willard,,TRUE,INCUMBENT — not on 2026 ballot,,,,https://www.willardcityut.gov/citycouncil,,(435) 734-9881,,,,,,,TRUE,3
Rex Christensen,City Council Member,city,Willard,,TRUE,INCUMBENT — not on 2026 ballot,,,,https://www.willardcityut.gov/citycouncil,,(435) 734-9881,,,,,,,TRUE,4
Jordan Hulsey,City Council Member,city,Willard,,TRUE,INCUMBENT — not on 2026 ballot,,,,https://www.willardcityut.gov/citycouncil,,(435) 734-9881,,,,,,,TRUE,5
Rod Mund,City Council Member,city,Willard,,TRUE,INCUMBENT — not on 2026 ballot,,,,https://www.willardcityut.gov/citycouncil,,(435) 734-9881,,,,,,,TRUE,6
Bruce Nelson,Mayor,city,Honeyville,,TRUE,INCUMBENT — not on 2026 ballot,,,,http://www.honeyvillecity.com/,,,,,,,,,TRUE,1
Codey Illum,City Council Member,city,Honeyville,,TRUE,INCUMBENT — not on 2026 ballot,,,,http://www.honeyvillecity.com/,,,,,,,,,TRUE,2
Trevor Gardner,City Council Member,city,Honeyville,,TRUE,INCUMBENT — not on 2026 ballot,,,,http://www.honeyvillecity.com/,,,,,,,,,TRUE,3
Kami Anderson,City Council Member,city,Honeyville,,TRUE,INCUMBENT — not on 2026 ballot,,,,http://www.honeyvillecity.com/,,,,,,,,,TRUE,4
Ryan Adams,City Council Member,city,Honeyville,,TRUE,INCUMBENT — not on 2026 ballot,,,,http://www.honeyvillecity.com/,,,,,,,,,TRUE,5
Dusty Bingham,City Council Member,city,Honeyville,,TRUE,INCUMBENT — not on 2026 ballot,,,,http://www.honeyvillecity.com/,,,,,,,,,TRUE,6
Annette Ash,Mayor,city,Mantua,,TRUE,INCUMBENT — not on 2026 ballot,,,,https://www.mantuautah.gov/administrative,Aash@mantuautah.gov,,,,,,,,TRUE,1
Matt Jeppsen,Town Council Member,city,Mantua,,TRUE,INCUMBENT — not on 2026 ballot,,,,https://www.mantuautah.gov/administrative,Mcjeppsen@mantuautah.gov,,,,,,,,TRUE,2
Scott Ross,Town Council Member,city,Mantua,,TRUE,INCUMBENT — not on 2026 ballot,,,,https://www.mantuautah.gov/administrative,Sross@mantuautah.gov,,,,,,,,TRUE,3
Cheryl Burgan,Town Council Member,city,Mantua,,TRUE,INCUMBENT — not on 2026 ballot,,,,https://www.mantuautah.gov/administrative,Cburgan@mantuautah.gov,,,,,,,,TRUE,4
Hank Dovey,Town Council Member,city,Mantua,,TRUE,INCUMBENT — not on 2026 ballot,,,,https://www.mantuautah.gov/administrative,Hdovey@mantuautah.gov,,,,,,,,TRUE,5
Scott Goodliffe,Mayor,city,Elwood,,TRUE,INCUMBENT — not on 2026 ballot,,,,https://elwoodtown.gov/council,sgoodliffe@elwoodtown.com,435-257-5518,,,,,,,TRUE,1
Brian Davis,Town Council Member,city,Elwood,,TRUE,INCUMBENT — not on 2026 ballot,,,,https://elwoodtown.gov/council,bdavis@elwoodtown.com,435-257-5518,,,,,,,TRUE,2
Mark Lay,Town Council Member,city,Elwood,,TRUE,INCUMBENT — not on 2026 ballot,,,,https://elwoodtown.gov/council,mlay@elwoodtown.com,801-243-4343,,,,,,,TRUE,3
Phil Shimek,Town Council Member,city,Elwood,,TRUE,INCUMBENT — not on 2026 ballot,,,,https://elwoodtown.gov/council,pshimek@elwoodtown.com,435-257-5518,,,,,,,TRUE,4
Curtis Crouch,Town Council Member,city,Elwood,,TRUE,INCUMBENT — not on 2026 ballot,,,,https://elwoodtown.gov/council,ccrouch@elwoodtown.com,435-257-5518,,,,,,,TRUE,5
Bear River City Mayor & Council,Mayor & Council,city,Bear River City,,TRUE,INCUMBENT — not on 2026 ballot,,,,https://www.utah.gov/pmn/,,(435)279-9047,,,,,,,TRUE,1
Shane Baton,Mayor,city,Corinne,,TRUE,INCUMBENT — not on 2026 ballot,,,,https://www.corinnecity.gov/,,(435) 744-5566,,,,,,,TRUE,1
Karen Caldwell,City Council Member,city,Corinne,,TRUE,INCUMBENT — not on 2026 ballot,,,,https://www.corinnecity.gov/,,(435) 744-5566,,,,,,,TRUE,2
Tom Little,City Council Member,city,Corinne,,TRUE,INCUMBENT — not on 2026 ballot,,,,https://www.corinnecity.gov/,,(435) 744-5566,,,,,,,TRUE,3
Joshua Morris,City Council Member,city,Corinne,,TRUE,INCUMBENT — not on 2026 ballot,,,,https://www.corinnecity.gov/,,(435) 744-5566,,,,,,,TRUE,4
Krista Hardman,City Council Member,city,Corinne,,TRUE,INCUMBENT — not on 2026 ballot,,,,https://www.corinnecity.gov/,,(435) 744-5566,,,,,,,TRUE,5
Tausha Job,City Council Member,city,Corinne,,TRUE,INCUMBENT — not on 2026 ballot,,,,https://www.corinnecity.gov/,,(435) 744-5566,,,,,,,TRUE,6
Chuck Earl,Mayor,city,Fielding,,TRUE,INCUMBENT — not on 2026 ballot,,,,https://www.utah.gov/pmn/,,,,,,,,,TRUE,1
Trevor Earl,Town Council Member,city,Fielding,,TRUE,INCUMBENT — not on 2026 ballot,,,,https://www.utah.gov/pmn/,,,,,,,,,TRUE,2
Heather Marsh,Town Council Member,city,Fielding,,TRUE,INCUMBENT — not on 2026 ballot,,,,https://www.utah.gov/pmn/,,,,,,,,,TRUE,3
Kelly Nokes,Town Council Member,city,Fielding,,TRUE,INCUMBENT — not on 2026 ballot,,,,https://www.utah.gov/pmn/,,,,,,,,,TRUE,4
Plymouth Mayor & Council,Mayor & Council,city,Plymouth,,TRUE,INCUMBENT — not on 2026 ballot,,,,https://www.utah.gov/pmn/,,435-239-7278,,,,,,,TRUE,1
Curt Whiteford,Mayor,city,Deweyville,,TRUE,INCUMBENT — not on 2026 ballot,,,,https://www.utah.gov/pmn/,,,,,,,,,TRUE,1
Nathan Spackman,Town Council Member,city,Deweyville,,TRUE,INCUMBENT — not on 2026 ballot,,,,https://www.utah.gov/pmn/,,,,,,,,,TRUE,2
Eric Page,Town Council Member,city,Deweyville,,TRUE,INCUMBENT — not on 2026 ballot,,,,https://www.utah.gov/pmn/,,,,,,,,,TRUE,3
Melanie Hunsaker,Town Council Member,city,Deweyville,,TRUE,INCUMBENT — not on 2026 ballot,,,,https://www.utah.gov/pmn/,,,,,,,,,TRUE,4
Marlene Berger,Town Council Member,city,Deweyville,,TRUE,INCUMBENT — not on 2026 ballot,,,,https://www.utah.gov/pmn/,,,,,,,,,TRUE,5
Portage Mayor & Council,Mayor & Council,city,Portage,,TRUE,INCUMBENT — not on 2026 ballot,,,,https://www.utah.gov/pmn/,,,,,,,,,TRUE,1
Bruce Morris,Mayor,city,Howell,,TRUE,INCUMBENT — not on 2026 ballot,,,,https://www.howelltown.utah.gov/mayor-and-council,,435-279-0367,,,,,,,TRUE,1
Josh Anderson,Town Council Member,city,Howell,,TRUE,INCUMBENT — not on 2026 ballot,,,,https://www.howelltown.utah.gov/mayor-and-council,,435-452-8040,,,,,,,TRUE,2
McKenzie Sorensen,Town Council Member,city,Howell,,TRUE,INCUMBENT — not on 2026 ballot,,,,https://www.howelltown.utah.gov/mayor-and-council,,435-279-0554,,,,,,,TRUE,3
Rex Nessen,Town Council Member,city,Howell,,TRUE,INCUMBENT — not on 2026 ballot,,,,https://www.howelltown.utah.gov/mayor-and-council,,435-279-6557,,,,,,,TRUE,4
Drew Sorensen,Town Council Member,city,Howell,,TRUE,INCUMBENT — not on 2026 ballot,,,,https://www.howelltown.utah.gov/mayor-and-council,,435-279-0496,,,,,,,TRUE,5
Snowville Mayor & Council,Mayor & Council,city,Snowville,,TRUE,INCUMBENT — not on 2026 ballot,,,,https://www.utah.gov/pmn/,,,,,,,,,TRUE,1
Mike Farrar,Mayor,city,Apple Valley,,TRUE,INCUMBENT — not on 2026 ballot,,,,https://www.applevalleyut.gov/towncouncil,mayor@applevalleyut.gov,435.877.1190,,,,,,,TRUE,1
Kevin Sair,Town Council Member,city,Apple Valley,,TRUE,INCUMBENT — not on 2026 ballot,,,,https://www.applevalleyut.gov/towncouncil,ksair@applevalleyut.gov,435.877.1190,,,,,,,TRUE,2
Annie Spendlove,Town Council Member,city,Apple Valley,,TRUE,INCUMBENT — not on 2026 ballot,,,,https://www.applevalleyut.gov/towncouncil,aspendlove@applevalleyut.gov,435.877.1190,,,,,,,TRUE,3
Scott Taylor,Town Council Member,city,Apple Valley,,TRUE,INCUMBENT — not on 2026 ballot,,,,https://www.applevalleyut.gov/towncouncil,staylor@applevalleyut.gov,435.877.1190,,,,,,,TRUE,4
Richard Palmer,Town Council Member,city,Apple Valley,,TRUE,INCUMBENT — not on 2026 ballot,,,,https://www.applevalleyut.gov/towncouncil,rpalmer@applevalleyut.gov,435.877.1190,,,,,,,TRUE,5
Jean Krause,Mayor,city,Virgin,,TRUE,INCUMBENT — not on 2026 ballot,,,,https://virgin.utah.gov/174/Town-Council,,435-635-4695,,,,,,,TRUE,1
Jim Kietzman,Town Council Member,city,Virgin,,TRUE,INCUMBENT — not on 2026 ballot,,,,https://virgin.utah.gov/174/Town-Council,,435-635-4695,,,,,,,TRUE,2
Paul Luwe,Town Council Member,city,Virgin,,TRUE,INCUMBENT — not on 2026 ballot,,,,https://virgin.utah.gov/174/Town-Council,,435-635-4695,,,,,,,TRUE,3
April McKeon,Town Council Member,city,Virgin,,TRUE,INCUMBENT — not on 2026 ballot,,,,https://virgin.utah.gov/174/Town-Council,,435-635-4695,,,,,,,TRUE,4
Valerie Wenz,Town Council Member,city,Virgin,,TRUE,INCUMBENT — not on 2026 ballot,,,,https://virgin.utah.gov/174/Town-Council,,435-635-4695,,,,,,,TRUE,5
Rockville Mayor & Council,Mayor & Council,city,Rockville,,TRUE,INCUMBENT — not on 2026 ballot,,,,https://rockvilleutah.gov/town-council/,rockville@rockvilleutah.gov,(435) 772-0992,,,,,,,TRUE,1
David Schmuker,Mayor,city,Big Water,,TRUE,INCUMBENT — not on 2026 ballot,,,,https://bigwaterut.gov/town-council/,dwschmuker@gmail.com,(435) 675-3760,,,,,,,TRUE,1
Jim Loyd,Town Council Member,city,Big Water,,TRUE,INCUMBENT — not on 2026 ballot,,,,https://bigwaterut.gov/town-council/,htoad@vcn.com,(435) 675-3760,,,,,,,TRUE,2
Jim Lybarger,Town Council Member,city,Big Water,,TRUE,INCUMBENT — not on 2026 ballot,,,,https://bigwaterut.gov/town-council/,jimlybargerbigwatertc@gmail.com,(435) 675-3760,,,,,,,TRUE,3
Jennie Lassen,Town Council Member,city,Big Water,,TRUE,INCUMBENT — not on 2026 ballot,,,,https://bigwaterut.gov/town-council/,,(435) 675-3760,,,,,,,TRUE,4
Mark Gangola,Town Council Member,city,Big Water,,TRUE,INCUMBENT — not on 2026 ballot,,,,https://bigwaterut.gov/town-council/,it@bigwaterut.gov,(435) 675-3760,,,,,,,TRUE,5
Glendale Mayor & Council,Mayor & Council,city,Glendale,,TRUE,INCUMBENT — not on 2026 ballot,,,,https://www.utah.gov/pmn/,,,,,,,,,TRUE,1
Alton Mayor & Council,Mayor & Council,city,Alton,,TRUE,INCUMBENT — not on 2026 ballot,,,,https://www.utah.gov/pmn/,,,,,,,,,TRUE,1
Paragonah Mayor & Council,Mayor & Council,city,Paragonah,,TRUE,INCUMBENT — not on 2026 ballot,,,,https://www.utah.gov/pmn/,,,,,,,,,TRUE,1
Kanarraville Mayor & Council,Mayor & Council,city,Kanarraville,,TRUE,INCUMBENT — not on 2026 ballot,,,,https://www.utah.gov/pmn/,,,,,,,,,TRUE,1
Clayton Calloway,Mayor,city,Brian Head,,TRUE,INCUMBENT — not on 2026 ballot,,,,https://brianheadtown.utah.gov/mayor-and-council,ccalloway@bhtown.utah.gov,,,,,,,,TRUE,1
Larry Freeberg,Town Council Member,city,Brian Head,,TRUE,INCUMBENT — not on 2026 ballot,,,,https://brianheadtown.utah.gov/mayor-and-council,lfreeberg@bhtown.utah.gov,,,,,,,,TRUE,2
Duane Nyen,Town Council Member,city,Brian Head,,TRUE,INCUMBENT — not on 2026 ballot,,,,https://brianheadtown.utah.gov/mayor-and-council,duanenyen@bhtown.utah.gov,,,,,,,,TRUE,3
Logan Cruz,Town Council Member,city,Brian Head,,TRUE,INCUMBENT — not on 2026 ballot,,,,https://brianheadtown.utah.gov/mayor-and-council,logancruz@bhtown.utah.gov,,,,,,,,TRUE,4
Martin Tidwell,Town Council Member,city,Brian Head,,TRUE,INCUMBENT — not on 2026 ballot,,,,https://brianheadtown.utah.gov/mayor-and-council,martintidwell@bhtown.utah.gov,,,,,,,,TRUE,5
Cristy Simons,Mayor,city,Salem,,TRUE,INCUMBENT — not on 2026 ballot,,,,https://www.salemutah.gov,,,,,,,,,TRUE,1
Tim De Graw,City Council Member,city,Salem,,TRUE,INCUMBENT — not on 2026 ballot,,,,https://www.salemutah.gov,,,,,,,,,TRUE,2
Cynthia Deveraux Rees,City Council Member,city,Salem,,TRUE,INCUMBENT — not on 2026 ballot,,,,https://www.salemutah.gov,,,,,,,,,TRUE,3
Paul Taylor,City Council Member,city,Salem,,TRUE,INCUMBENT — not on 2026 ballot,,,,https://www.salemutah.gov,,,,,,,,,TRUE,4
Craig Sacco,City Council Member,city,Salem,,TRUE,INCUMBENT — not on 2026 ballot,,,,https://www.salemutah.gov,,,,,,,,,TRUE,5
Delys Snyder,City Council Member,city,Salem,,TRUE,INCUMBENT — not on 2026 ballot,,,,https://www.salemutah.gov,,,,,,,,,TRUE,6
Denise Andersen,Mayor,city,Cedar Hills,,TRUE,INCUMBENT — not on 2026 ballot,,,,https://www.cedarhills.org,,,,,,,,,TRUE,1
Laura Ellison,City Council Member,city,Cedar Hills,,TRUE,INCUMBENT — not on 2026 ballot,,,,https://www.cedarhills.org,,,,,,,,,TRUE,2
Mike Geddes,City Council Member,city,Cedar Hills,,TRUE,INCUMBENT — not on 2026 ballot,,,,https://www.cedarhills.org,,,,,,,,,TRUE,3
Bob Morgan,City Council Member,city,Cedar Hills,,TRUE,INCUMBENT — not on 2026 ballot,,,,https://www.cedarhills.org,,,,,,,,,TRUE,4
Erika Price,City Council Member,city,Cedar Hills,,TRUE,INCUMBENT — not on 2026 ballot,,,,https://www.cedarhills.org,,,,,,,,,TRUE,5
Kelly Smith,City Council Member,city,Cedar Hills,,TRUE,INCUMBENT — not on 2026 ballot,,,,https://www.cedarhills.org,,,,,,,,,TRUE,6
Benjamin Hillyard,Mayor,city,Woodland Hills,,TRUE,INCUMBENT — not on 2026 ballot,,,,https://woodlandhills-ut.gov,,,,,,,,,TRUE,1
Brian Hutchings,City Council Member,city,Woodland Hills,,TRUE,INCUMBENT — not on 2026 ballot,,,,https://woodlandhills-ut.gov,,,,,,,,,TRUE,2
Steve Johns,City Council Member,city,Woodland Hills,,TRUE,INCUMBENT — not on 2026 ballot,,,,https://woodlandhills-ut.gov,,,,,,,,,TRUE,3
Janet Lunt,City Council Member,city,Woodland Hills,,TRUE,INCUMBENT — not on 2026 ballot,,,,https://woodlandhills-ut.gov,,,,,,,,,TRUE,4
Kari Malkovich,City Council Member,city,Woodland Hills,,TRUE,INCUMBENT — not on 2026 ballot,,,,https://woodlandhills-ut.gov,,,,,,,,,TRUE,5
Dan Roden,City Council Member,city,Woodland Hills,,TRUE,INCUMBENT — not on 2026 ballot,,,,https://woodlandhills-ut.gov,,,,,,,,,TRUE,6
Steven Staheli,Mayor,city,Goshen,,TRUE,INCUMBENT — not on 2026 ballot,,,,https://www.utah.gov/pmn/files/1472613.doc,,,,,,,,,TRUE,1
Alisha Williams,Town Council Member,city,Goshen,,TRUE,INCUMBENT — not on 2026 ballot,,,,https://www.utah.gov/pmn/files/1472613.doc,,,,,,,,,TRUE,2
Charles Pipkin,Town Council Member,city,Goshen,,TRUE,INCUMBENT — not on 2026 ballot,,,,https://www.utah.gov/pmn/files/1472613.doc,,,,,,,,,TRUE,3
Jonathan Maclee,Town Council Member,city,Goshen,,TRUE,INCUMBENT — not on 2026 ballot,,,,https://www.utah.gov/pmn/files/1472613.doc,,,,,,,,,TRUE,4
JC Reynolds,Town Council Member,city,Goshen,,TRUE,INCUMBENT — not on 2026 ballot,,,,https://www.utah.gov/pmn/files/1472613.doc,,,,,,,,,TRUE,5
Randy Thomas,Town Council Member,city,Goshen,,TRUE,INCUMBENT — not on 2026 ballot,,,,https://www.utah.gov/pmn/files/1472613.doc,,,,,,,,,TRUE,6
Wyatt Cook,Mayor,city,Cedar Fort,,TRUE,INCUMBENT — not on 2026 ballot,,,,https://www.utah.gov/pmn/sitemap/notice/1108747.html,,,,,,,,,TRUE,1
Alex Carter,Town Council Member,city,Cedar Fort,,TRUE,INCUMBENT — not on 2026 ballot,,,,https://www.utah.gov/pmn/sitemap/notice/1108747.html,,,,,,,,,TRUE,2
Eric Boud,Town Council Member,city,Cedar Fort,,TRUE,INCUMBENT — not on 2026 ballot,,,,https://www.utah.gov/pmn/sitemap/notice/1108747.html,,,,,,,,,TRUE,3
Jed Berry,Town Council Member,city,Cedar Fort,,TRUE,INCUMBENT — not on 2026 ballot,,,,https://www.utah.gov/pmn/sitemap/notice/1108747.html,,,,,,,,,TRUE,4
Travis Giles,Town Council Member,city,Cedar Fort,,TRUE,INCUMBENT — not on 2026 ballot,,,,https://www.utah.gov/pmn/sitemap/notice/1108747.html,,,,,,,,,TRUE,5
Hollie McKinney,Mayor,city,Fairfield,,TRUE,INCUMBENT — not on 2026 ballot,,,,https://fairfieldtown.org,,,,,,,,,TRUE,1
RL Panek,Town Council Member,city,Fairfield,,TRUE,INCUMBENT — not on 2026 ballot,,,,https://fairfieldtown.org,,,,,,,,,TRUE,2
Tyler Thomas,Town Council Member,city,Fairfield,,TRUE,INCUMBENT — not on 2026 ballot,,,,https://fairfieldtown.org,,,,,,,,,TRUE,3
Richard Cameron,Town Council Member,city,Fairfield,,TRUE,INCUMBENT — not on 2026 ballot,,,,https://fairfieldtown.org,,,,,,,,,TRUE,4
Michael Weber,Town Council Member,city,Fairfield,,TRUE,INCUMBENT — not on 2026 ballot,,,,https://fairfieldtown.org,,,,,,,,,TRUE,5
Wade Menlove,Mayor,city,Spring Lake,,TRUE,INCUMBENT — not on 2026 ballot,,,,https://www.utah.gov/pmn/files/1482529.pdf,,,,,,,,,TRUE,1
Sharon Bascom,Town Council Member,city,Spring Lake,,TRUE,INCUMBENT — not on 2026 ballot,,,,https://www.utah.gov/pmn/files/1482529.pdf,,,,,,,,,TRUE,2
David Charles,Town Council Member,city,Spring Lake,,TRUE,INCUMBENT — not on 2026 ballot,,,,https://www.utah.gov/pmn/files/1482529.pdf,,,,,,,,,TRUE,3
Donna Judd,Town Council Member,city,Spring Lake,,TRUE,INCUMBENT — not on 2026 ballot,,,,https://www.utah.gov/pmn/files/1482529.pdf,,,,,,,,,TRUE,4
Robert C. Marsh,Town Council Member,city,Spring Lake,,TRUE,INCUMBENT — not on 2026 ballot,,,,https://www.utah.gov/pmn/files/1482529.pdf,,,,,,,,,TRUE,5
Ryan Westergard,Mayor,city,Woods Cross,,TRUE,INCUMBENT — not on 2026 ballot,,,,https://www.woodscross.gov,,,,,,,,,TRUE,1
Julie Checketts,City Council Member,city,Woods Cross,,TRUE,INCUMBENT — not on 2026 ballot,,,,https://www.woodscross.gov,,,,,,,,,TRUE,2
Wally Larrabee,City Council Member,city,Woods Cross,,TRUE,INCUMBENT — not on 2026 ballot,,,,https://www.woodscross.gov,,,,,,,,,TRUE,3
Eric Jones,City Council Member,city,Woods Cross,,TRUE,INCUMBENT — not on 2026 ballot,,,,https://www.woodscross.gov,,,,,,,,,TRUE,4
Rachel Peterson,City Council Member,city,Woods Cross,,TRUE,INCUMBENT — not on 2026 ballot,,,,https://www.woodscross.gov,,,,,,,,,TRUE,5
Jim Grover,City Council Member,city,Woods Cross,,TRUE,INCUMBENT — not on 2026 ballot,,,,https://www.woodscross.gov,,,,,,,,,TRUE,6
Scott Wiggill,Mayor,city,Sunset,,TRUE,INCUMBENT — not on 2026 ballot,,,,https://sunsetut.gov,swiggill@sunsetut.gov,(801) 814-7705,,,,,,,TRUE,1
Nakisha Rigley,City Council Member,city,Sunset,,TRUE,INCUMBENT — not on 2026 ballot,,,,https://sunsetut.gov,nrigley@sunsetut.gov,(801) 649-7822,,,,,,,TRUE,2
Nancy Smalling,City Council Member,city,Sunset,,TRUE,INCUMBENT — not on 2026 ballot,,,,https://sunsetut.gov,nsmalling@sunsetut.gov,(801) 390-5072,,,,,,,TRUE,3
Ricky Carlson,City Council Member,city,Sunset,,TRUE,INCUMBENT — not on 2026 ballot,,,,https://sunsetut.gov,rcarlson@sunsetut.gov,(801) 510-9498,,,,,,,TRUE,4
Hope Thompson,City Council Member,city,Sunset,,TRUE,INCUMBENT — not on 2026 ballot,,,,https://sunsetut.gov,hthompson@sunsetut.gov,801-499-3994,,,,,,,TRUE,5
Katherine Hunter,City Council Member,city,Sunset,,TRUE,INCUMBENT — not on 2026 ballot,,,,https://sunsetut.gov,khunter@sunsetut.gov,425-595-0651,,,,,,,TRUE,6
Steve Gale,Mayor,city,Morgan,,TRUE,INCUMBENT — not on 2026 ballot,,,,https://www.morganutah.gov,,,,,,,,,TRUE,1
Jeffery Richins,City Council Member,city,Morgan,,TRUE,INCUMBENT — not on 2026 ballot,,,,https://www.morganutah.gov,,,,,,,,,TRUE,2
Laurann McGuire,City Council Member,city,Morgan,,TRUE,INCUMBENT — not on 2026 ballot,,,,https://www.morganutah.gov,,,,,,,,,TRUE,3
David Alexander,City Council Member,city,Morgan,,TRUE,INCUMBENT — not on 2026 ballot,,,,https://www.morganutah.gov,,,,,,,,,TRUE,4
Tony London,City Council Member,city,Morgan,,TRUE,INCUMBENT — not on 2026 ballot,,,,https://www.morganutah.gov,,,,,,,,,TRUE,5
Jeff Wardell,City Council Member,city,Morgan,,TRUE,INCUMBENT — not on 2026 ballot,,,,https://www.morganutah.gov,,,,,,,,,TRUE,6
John Simeon Bell,Mayor,city,Randolph,,TRUE,INCUMBENT — not on 2026 ballot,,,,https://www.townofrandolphut.gov,randolph@allwest.net,435-793-3185,,,,,,,TRUE,1
Brandon Hatch,Town Council Member,city,Randolph,,TRUE,INCUMBENT — not on 2026 ballot,,,,https://www.townofrandolphut.gov,,,,,,,,,TRUE,2
Clay Barker,Town Council Member,city,Randolph,,TRUE,INCUMBENT — not on 2026 ballot,,,,https://www.townofrandolphut.gov,,,,,,,,,TRUE,3
Brandon Miller,Town Council Member,city,Randolph,,TRUE,INCUMBENT — not on 2026 ballot,,,,https://www.townofrandolphut.gov,,,,,,,,,TRUE,4
Kathy Argyle,Town Council Member,city,Randolph,,TRUE,INCUMBENT — not on 2026 ballot,,,,https://www.townofrandolphut.gov,,,,,,,,,TRUE,5
Monika Schulthess,Mayor,city,Woodruff,,TRUE,INCUMBENT — not on 2026 ballot,,,,https://www.utah.gov/pmn/sitemap/notice/1090281.html,mayor@woodruff.utah.gov,(435) 881-9098,,,,,,,TRUE,1
Tyler Walker,Town Council Member,city,Woodruff,,TRUE,INCUMBENT — not on 2026 ballot,,,,https://www.utah.gov/pmn/sitemap/notice/1090281.html,,(801) 589-4588,,,,,,,TRUE,2
Joel Marler,Town Council Member,city,Woodruff,,TRUE,INCUMBENT — not on 2026 ballot,,,,https://www.utah.gov/pmn/sitemap/notice/1090281.html,,(801) 567-1195,,,,,,,TRUE,3
Raymond Frandsen,Town Council Member,city,Woodruff,,TRUE,INCUMBENT — not on 2026 ballot,,,,https://www.utah.gov/pmn/sitemap/notice/1090281.html,,(801) 448-1545,,,,,,,TRUE,4
Briton Brown,Town Council Member,city,Woodruff,,TRUE,INCUMBENT — not on 2026 ballot,,,,https://www.utah.gov/pmn/sitemap/notice/1090281.html,,(801) 243-2238,,,,,,,TRUE,5
Erick Simmonds,Mayor,city,Trenton,,TRUE,INCUMBENT — not on 2026 ballot,,,,https://trenton-ut.gov,,,,,,,,,TRUE,1
Kyle Kingston,Town Council Member,city,Trenton,,TRUE,INCUMBENT — not on 2026 ballot,,,,https://trenton-ut.gov,,,,,,,,,TRUE,2
Stacey Wangsgard,Town Council Member,city,Trenton,,TRUE,INCUMBENT — not on 2026 ballot,,,,https://trenton-ut.gov,,,,,,,,,TRUE,3
John Nelson,Town Council Member,city,Trenton,,TRUE,INCUMBENT — not on 2026 ballot,,,,https://trenton-ut.gov,,,,,,,,,TRUE,4
Donny Merrill,Town Council Member,city,Trenton,,TRUE,INCUMBENT — not on 2026 ballot,,,,https://trenton-ut.gov,,,,,,,,,TRUE,5
Kelly Wilson,Mayor,city,La Verkin,,TRUE,INCUMBENT — not on 2026 ballot,,,,https://www.laverkin.gov,,,,,,,,,TRUE,1
Micah Gubler,City Council Member,city,La Verkin,,TRUE,INCUMBENT — not on 2026 ballot,,,,https://www.laverkin.gov,,,,,,,,,TRUE,2
Darren Prince,City Council Member,city,La Verkin,,TRUE,INCUMBENT — not on 2026 ballot,,,,https://www.laverkin.gov,,,,,,,,,TRUE,3
Scot Pectol,City Council Member,city,La Verkin,,TRUE,INCUMBENT — not on 2026 ballot,,,,https://www.laverkin.gov,,,,,,,,,TRUE,4
Amanda Barr,City Council Member,city,La Verkin,,TRUE,INCUMBENT — not on 2026 ballot,,,,https://www.laverkin.gov,,,,,,,,,TRUE,5
John Valenti,City Council Member,city,La Verkin,,TRUE,INCUMBENT — not on 2026 ballot,,,,https://www.laverkin.gov,,,,,,,,,TRUE,6
Brandon Humphries,Mayor,city,Enterprise,,TRUE,INCUMBENT — not on 2026 ballot,,,,https://www.enterpriseutah.gov,,,,,,,,,TRUE,1
Justin Seegmiller,City Council Member,city,Enterprise,,TRUE,INCUMBENT — not on 2026 ballot,,,,https://www.enterpriseutah.gov,,,,,,,,,TRUE,2
Roy Adams,City Council Member,city,Enterprise,,TRUE,INCUMBENT — not on 2026 ballot,,,,https://www.enterpriseutah.gov,,,,,,,,,TRUE,3
Delbert Staheli,City Council Member,city,Enterprise,,TRUE,INCUMBENT — not on 2026 ballot,,,,https://www.enterpriseutah.gov,,,,,,,,,TRUE,4
Kanton Vause,City Council Member,city,Enterprise,,TRUE,INCUMBENT — not on 2026 ballot,,,,https://www.enterpriseutah.gov,,,,,,,,,TRUE,5
Bill Fowler,City Council Member,city,Enterprise,,TRUE,INCUMBENT — not on 2026 ballot,,,,https://www.enterpriseutah.gov,,,,,,,,,TRUE,6
Dan Catlin,Mayor,city,Toquerville,,TRUE,INCUMBENT — not on 2026 ballot,,,,https://toquerville.org,,,,,,,,,TRUE,1
Valerie Preslar,City Council Member,city,Toquerville,,TRUE,INCUMBENT — not on 2026 ballot,,,,https://toquerville.org,,,,,,,,,TRUE,2
Jenny Chamberlain,City Council Member,city,Toquerville,,TRUE,INCUMBENT — not on 2026 ballot,,,,https://toquerville.org,,,,,,,,,TRUE,3
Todd Sands,City Council Member,city,Toquerville,,TRUE,INCUMBENT — not on 2026 ballot,,,,https://toquerville.org,,,,,,,,,TRUE,4
Joey Campbell,City Council Member,city,Toquerville,,TRUE,INCUMBENT — not on 2026 ballot,,,,https://toquerville.org,,,,,,,,,TRUE,5
Wayne Olsen,City Council Member,city,Toquerville,,TRUE,INCUMBENT — not on 2026 ballot,,,,https://toquerville.org,,,,,,,,,TRUE,6
Ronald Allred,Mayor,city,Rocky Ridge,,TRUE,INCUMBENT — not on 2026 ballot,,,,https://rockyridgetown.com,clerk@rockyridgeut.gov,(435) 623-1249,,,,,,,TRUE,1
Andrew Aagard,Town Council Member,city,Rocky Ridge,,TRUE,INCUMBENT — not on 2026 ballot,,,,https://rockyridgetown.com,,,,,,,,,TRUE,2
Byron Allred,Town Council Member,city,Rocky Ridge,,TRUE,INCUMBENT — not on 2026 ballot,,,,https://rockyridgetown.com,,,,,,,,,TRUE,3
Joanna Covington,Town Council Member,city,Rocky Ridge,,TRUE,INCUMBENT — not on 2026 ballot,,,,https://rockyridgetown.com,,,,,,,,,TRUE,4
Chuck Todd,Town Council Member,city,Rocky Ridge,,TRUE,INCUMBENT — not on 2026 ballot,,,,https://rockyridgetown.com,,,,,,,,,TRUE,5
Michael Wanner,Mayor,city,Gunnison,,TRUE,INCUMBENT — not on 2026 ballot,,,,https://www.gunnisoncityut.gov,,,,,,,,,TRUE,1
Brian Nielson,City Council Member,city,Gunnison,,TRUE,INCUMBENT — not on 2026 ballot,,,,https://www.gunnisoncityut.gov,,,,,,,,,TRUE,2
Donald Childs,City Council Member,city,Gunnison,,TRUE,INCUMBENT — not on 2026 ballot,,,,https://www.gunnisoncityut.gov,,,,,,,,,TRUE,3
Kim Pickett,City Council Member,city,Gunnison,,TRUE,INCUMBENT — not on 2026 ballot,,,,https://www.gunnisoncityut.gov,,,,,,,,,TRUE,4
Rohn Peterson,City Council Member,city,Gunnison,,TRUE,INCUMBENT — not on 2026 ballot,,,,https://www.gunnisoncityut.gov,,,,,,,,,TRUE,5
Brad Welch,Mayor,city,Fairview,,TRUE,INCUMBENT — not on 2026 ballot,,,,https://fairviewcityut.gov,,,,,,,,,TRUE,1
Mike MacKay,City Council Member,city,Fairview,,TRUE,INCUMBENT — not on 2026 ballot,,,,https://fairviewcityut.gov,,,,,,,,,TRUE,2
Shirlene Rasmussen,City Council Member,city,Fairview,,TRUE,INCUMBENT — not on 2026 ballot,,,,https://fairviewcityut.gov,,,,,,,,,TRUE,3
Mike Ricks,City Council Member,city,Fairview,,TRUE,INCUMBENT — not on 2026 ballot,,,,https://fairviewcityut.gov,,,,,,,,,TRUE,4
Robert St. Jacques,City Council Member,city,Fairview,,TRUE,INCUMBENT — not on 2026 ballot,,,,https://fairviewcityut.gov,,,,,,,,,TRUE,5
Kelly Rosenlund,City Council Member,city,Fairview,,TRUE,INCUMBENT — not on 2026 ballot,,,,https://fairviewcityut.gov,,,,,,,,,TRUE,6
James Roberts,Mayor,city,Wales,,TRUE,INCUMBENT — not on 2026 ballot,,,,https://walesutah.gov,,(435) 851-4872,,,,,,,TRUE,1
Brian Smith,Town Council Member,city,Wales,,TRUE,INCUMBENT — not on 2026 ballot,,,,https://walesutah.gov,,(801) 361-8439,,,,,,,TRUE,2
Hayden Nicholes,Town Council Member,city,Wales,,TRUE,INCUMBENT — not on 2026 ballot,,,,https://walesutah.gov,,,,,,,,,TRUE,3
Brandon Rees,Town Council Member,city,Wales,,TRUE,INCUMBENT — not on 2026 ballot,,,,https://walesutah.gov,,(435) 262-0606,,,,,,,TRUE,4
Helen Clawson,Town Council Member,city,Wales,,TRUE,INCUMBENT — not on 2026 ballot,,,,https://walesutah.gov,,(405) 409-1098,,,,,,,TRUE,5
David Larson,Town Council Member,city,Wales,,TRUE,INCUMBENT — not on 2026 ballot,,,,https://walesutah.gov,,(801) 319-7345,,,,,,,TRUE,6
Zeb Wignall,Mayor,city,Sterling,,TRUE,INCUMBENT — not on 2026 ballot,,,,https://www.utah.gov/pmn/sitemap/publicbody/2364.html,,,,,,,,,TRUE,1
Yvonne Larsen,Town Council Member,city,Sterling,,TRUE,INCUMBENT — not on 2026 ballot,,,,https://www.utah.gov/pmn/sitemap/publicbody/2364.html,,,,,,,,,TRUE,2
Kim Killpack,Town Council Member,city,Sterling,,TRUE,INCUMBENT — not on 2026 ballot,,,,https://www.utah.gov/pmn/sitemap/publicbody/2364.html,,,,,,,,,TRUE,3
Brad Wilson,Town Council Member,city,Sterling,,TRUE,INCUMBENT — not on 2026 ballot,,,,https://www.utah.gov/pmn/sitemap/publicbody/2364.html,,,,,,,,,TRUE,4
Nick Lyon,Town Council Member,city,Sterling,,TRUE,INCUMBENT — not on 2026 ballot,,,,https://www.utah.gov/pmn/sitemap/publicbody/2364.html,,,,,,,,,TRUE,5
Jed Bartholomew,Mayor,city,Fayette,,TRUE,INCUMBENT — not on 2026 ballot,,,,https://fayetteutah.gov,clerk@fayetteutah.gov,435-528-5882,,,,,,,TRUE,1
Joe Mellor,Town Council Member,city,Fayette,,TRUE,INCUMBENT — not on 2026 ballot,,,,https://fayetteutah.gov,,,,,,,,,TRUE,2
Melissa Mellor,Town Council Member,city,Fayette,,TRUE,INCUMBENT — not on 2026 ballot,,,,https://fayetteutah.gov,,,,,,,,,TRUE,3
Breanne Mashek,Town Council Member,city,Fayette,,TRUE,INCUMBENT — not on 2026 ballot,,,,https://fayetteutah.gov,,,,,,,,,TRUE,4
Danielle Bown,Town Council Member,city,Fayette,,TRUE,INCUMBENT — not on 2026 ballot,,,,https://fayetteutah.gov,,,,,,,,,TRUE,5
Valerie Hopper,Mayor,city,Elsinore,,TRUE,INCUMBENT — not on 2026 ballot,,,,https://www.utah.gov/pmn/sitemap/notice/1101325.html,,,,,,,,,TRUE,1
Devin Moore,Town Council Member,city,Elsinore,,TRUE,INCUMBENT — not on 2026 ballot,,,,https://www.utah.gov/pmn/sitemap/notice/1101325.html,,,,,,,,,TRUE,2
Ken Jensen,Town Council Member,city,Elsinore,,TRUE,INCUMBENT — not on 2026 ballot,,,,https://www.utah.gov/pmn/sitemap/notice/1101325.html,,,,,,,,,TRUE,3
Jerred LeFevre,Town Council Member,city,Elsinore,,TRUE,INCUMBENT — not on 2026 ballot,,,,https://www.utah.gov/pmn/sitemap/notice/1101325.html,,,,,,,,,TRUE,4
Weston Southwick,Town Council Member,city,Elsinore,,TRUE,INCUMBENT — not on 2026 ballot,,,,https://www.utah.gov/pmn/sitemap/notice/1101325.html,,,,,,,,,TRUE,5
Lyman Anderson,Mayor,city,Redmond,,TRUE,INCUMBENT — not on 2026 ballot,,,,https://www.utah.gov/pmn/sitemap/notice/1093687.html,,,,,,,,,TRUE,1
Nichole Thurston,Town Council Member,city,Redmond,,TRUE,INCUMBENT — not on 2026 ballot,,,,https://www.utah.gov/pmn/sitemap/notice/1093687.html,,,,,,,,,TRUE,2
Travis Jensen,Town Council Member,city,Redmond,,TRUE,INCUMBENT — not on 2026 ballot,,,,https://www.utah.gov/pmn/sitemap/notice/1093687.html,,,,,,,,,TRUE,3
Levi Noyes,Town Council Member,city,Redmond,,TRUE,INCUMBENT — not on 2026 ballot,,,,https://www.utah.gov/pmn/sitemap/notice/1093687.html,,,,,,,,,TRUE,4
Burke Williams,Town Council Member,city,Redmond,,TRUE,INCUMBENT — not on 2026 ballot,,,,https://www.utah.gov/pmn/sitemap/notice/1093687.html,,,,,,,,,TRUE,5
Gary Barney,Mayor,city,Central Valley,,TRUE,INCUMBENT — not on 2026 ballot,,,,https://www.utah.gov/pmn/sitemap/notice/1073465.html,,,,,,,,,TRUE,1
David Nielson,Town Council Member,city,Central Valley,,TRUE,INCUMBENT — not on 2026 ballot,,,,https://www.utah.gov/pmn/sitemap/notice/1073465.html,,,,,,,,,TRUE,2
Susan Outzen,Town Council Member,city,Central Valley,,TRUE,INCUMBENT — not on 2026 ballot,,,,https://www.utah.gov/pmn/sitemap/notice/1073465.html,,,,,,,,,TRUE,3
Joe Reynolds,Town Council Member,city,Central Valley,,TRUE,INCUMBENT — not on 2026 ballot,,,,https://www.utah.gov/pmn/sitemap/notice/1073465.html,,,,,,,,,TRUE,4
Ron Cropper,Town Council Member,city,Central Valley,,TRUE,INCUMBENT — not on 2026 ballot,,,,https://www.utah.gov/pmn/sitemap/notice/1073465.html,,,,,,,,,TRUE,5
Phil Singleton,Mayor,city,Glenwood,,TRUE,INCUMBENT — not on 2026 ballot,,,,https://glenwoodtownut.gov,philsing76@gmail.com,(435) 553-7396,,,,,,,TRUE,1
Cheryl Hendrickson,Town Council Member,city,Glenwood,,TRUE,INCUMBENT — not on 2026 ballot,,,,https://glenwoodtownut.gov,cheryl.hendrickson@hotmail.com,(435) 201-2254,,,,,,,TRUE,2
Kenra Martinez,Town Council Member,city,Glenwood,,TRUE,INCUMBENT — not on 2026 ballot,,,,https://glenwoodtownut.gov,mrswaldo@hotmail.com,(801) 554-9293,,,,,,,TRUE,3
Ben Hill,Town Council Member,city,Glenwood,,TRUE,INCUMBENT — not on 2026 ballot,,,,https://glenwoodtownut.gov,wbenhill@gmail.com,(801) 822-2369,,,,,,,TRUE,4
Chris Johnson,Town Council Member,city,Glenwood,,TRUE,INCUMBENT — not on 2026 ballot,,,,https://glenwoodtownut.gov,acjohnsonfam14@gmail.com,(435) 896-7133,,,,,,,TRUE,5
Jennifer Bastian,Mayor,city,Sigurd,,TRUE,INCUMBENT — not on 2026 ballot,,,,https://www.utah.gov/pmn/sitemap/notice/1081901.html,,,,,,,,,TRUE,1
Kayla Tanner,Town Council Member,city,Sigurd,,TRUE,INCUMBENT — not on 2026 ballot,,,,https://www.utah.gov/pmn/sitemap/notice/1081901.html,,,,,,,,,TRUE,2
Michele Visarraga,Town Council Member,city,Sigurd,,TRUE,INCUMBENT — not on 2026 ballot,,,,https://www.utah.gov/pmn/sitemap/notice/1081901.html,,,,,,,,,TRUE,3
Audie Ekker,Town Council Member,city,Sigurd,,TRUE,INCUMBENT — not on 2026 ballot,,,,https://www.utah.gov/pmn/sitemap/notice/1081901.html,,,,,,,,,TRUE,4
Gary Hart,Town Council Member,city,Sigurd,,TRUE,INCUMBENT — not on 2026 ballot,,,,https://www.utah.gov/pmn/sitemap/notice/1081901.html,,,,,,,,,TRUE,5
Jared Campbell,Mayor,city,Joseph,,TRUE,INCUMBENT — not on 2026 ballot,,,,https://www.utah.gov/pmn/sitemap/publicbody/783.html,jotownclerkho@gmail.com,(435) 527-4394,,,,,,,TRUE,1
Doug Nowell,Town Council Member,city,Joseph,,TRUE,INCUMBENT — not on 2026 ballot,,,,https://www.utah.gov/pmn/sitemap/publicbody/783.html,,,,,,,,,TRUE,2
Troy Campbell,Town Council Member,city,Joseph,,TRUE,INCUMBENT — not on 2026 ballot,,,,https://www.utah.gov/pmn/sitemap/publicbody/783.html,,,,,,,,,TRUE,3
Gene Gestring,Town Council Member,city,Joseph,,TRUE,INCUMBENT — not on 2026 ballot,,,,https://www.utah.gov/pmn/sitemap/publicbody/783.html,,,,,,,,,TRUE,4
Zac Kearney,Town Council Member,city,Joseph,,TRUE,INCUMBENT — not on 2026 ballot,,,,https://www.utah.gov/pmn/sitemap/publicbody/783.html,,,,,,,,,TRUE,5
Nikole Campbell,Town Council Member,city,Joseph,,TRUE,INCUMBENT — not on 2026 ballot,,,,https://www.utah.gov/pmn/sitemap/publicbody/783.html,,,,,,,,,TRUE,6
Megan Bagley,Mayor,city,Koosharem,,TRUE,INCUMBENT — not on 2026 ballot,,,,https://www.utah.gov/pmn/sitemap/publicbody/190.html,,,,,,,,,TRUE,1
Sandy Luscher,Town Council Member,city,Koosharem,,TRUE,INCUMBENT — not on 2026 ballot,,,,https://www.utah.gov/pmn/sitemap/publicbody/190.html,,,,,,,,,TRUE,2
Brian Woolsey,Town Council Member,city,Koosharem,,TRUE,INCUMBENT — not on 2026 ballot,,,,https://www.utah.gov/pmn/sitemap/publicbody/190.html,,,,,,,,,TRUE,3
Tina Perry,Town Council Member,city,Koosharem,,TRUE,INCUMBENT — not on 2026 ballot,,,,https://www.utah.gov/pmn/sitemap/publicbody/190.html,,,,,,,,,TRUE,4
Jeff Hatch,Town Council Member,city,Koosharem,,TRUE,INCUMBENT — not on 2026 ballot,,,,https://www.utah.gov/pmn/sitemap/publicbody/190.html,,,,,,,,,TRUE,5
Lyman Mayor & Council,Mayor & Council,city,Lyman,,TRUE,INCUMBENT — not on 2026 ballot,,,,https://www.utah.gov/pmn/sitemap/publicbody/5995.html,lymantown@scinternet.net,(435) 425-1107,,,,,,,TRUE,1
Mickey Wright,Mayor,city,Torrey,,TRUE,INCUMBENT — not on 2026 ballot,,,,https://torreyutah.gov,contact@torreyutah.gov,(435) 425-3600,,,,,,,TRUE,1
Renée Reel,Town Council Member,city,Torrey,,TRUE,INCUMBENT — not on 2026 ballot,,,,https://torreyutah.gov,,,,,,,,,TRUE,2
Jordan Pace,Town Council Member,city,Torrey,,TRUE,INCUMBENT — not on 2026 ballot,,,,https://torreyutah.gov,,,,,,,,,TRUE,3
Pat Kearney,Town Council Member,city,Torrey,,TRUE,INCUMBENT — not on 2026 ballot,,,,https://torreyutah.gov,,,,,,,,,TRUE,4
Richard Braaten,Town Council Member,city,Torrey,,TRUE,INCUMBENT — not on 2026 ballot,,,,https://torreyutah.gov,,,,,,,,,TRUE,5
Caleb Evans,Mayor,city,Minersville,,TRUE,INCUMBENT — not on 2026 ballot,,,,https://minersvilleut.gov,,,,,,,,,TRUE,1
Sidney Marshall,Town Council Member,city,Minersville,,TRUE,INCUMBENT — not on 2026 ballot,,,,https://minersvilleut.gov,,,,,,,,,TRUE,2
Brandon Wiseman,Town Council Member,city,Minersville,,TRUE,INCUMBENT — not on 2026 ballot,,,,https://minersvilleut.gov,,,,,,,,,TRUE,3
Chelsea Thompson,Town Council Member,city,Minersville,,TRUE,INCUMBENT — not on 2026 ballot,,,,https://minersvilleut.gov,,,,,,,,,TRUE,4
Bradley Eyre,Town Council Member,city,Minersville,,TRUE,INCUMBENT — not on 2026 ballot,,,,https://minersvilleut.gov,,,,,,,,,TRUE,5
Kerry Barney,Mayor,city,Hatch,,TRUE,INCUMBENT — not on 2026 ballot,,,,https://hatchutah.gov,mayor@hatchutah.gov,,,,,,,,TRUE,1
Gary Goble,Town Council Member,city,Hatch,,TRUE,INCUMBENT — not on 2026 ballot,,,,https://hatchutah.gov,,,,,,,,,TRUE,2
Russ Riggs,Town Council Member,city,Hatch,,TRUE,INCUMBENT — not on 2026 ballot,,,,https://hatchutah.gov,,,,,,,,,TRUE,3
Kurt Sawyer,Town Council Member,city,Hatch,,TRUE,INCUMBENT — not on 2026 ballot,,,,https://hatchutah.gov,,,,,,,,,TRUE,4
Jack Clark,Mayor,city,Wellington,,TRUE,INCUMBENT — not on 2026 ballot,,,,https://www.wellingtonutah.us,,,,,,,,,TRUE,1
Bill Juber,City Council Member,city,Wellington,,TRUE,INCUMBENT — not on 2026 ballot,,,,https://www.wellingtonutah.us,,,,,,,,,TRUE,2
Bryan Thayn,City Council Member,city,Wellington,,TRUE,INCUMBENT — not on 2026 ballot,,,,https://www.wellingtonutah.us,,,,,,,,,TRUE,3
Kathy Hascall,City Council Member,city,Wellington,,TRUE,INCUMBENT — not on 2026 ballot,,,,https://www.wellingtonutah.us,,,,,,,,,TRUE,4
Cody Austin,City Council Member,city,Wellington,,TRUE,INCUMBENT — not on 2026 ballot,,,,https://www.wellingtonutah.us,,,,,,,,,TRUE,5
Kyle Monson,City Council Member,city,Wellington,,TRUE,INCUMBENT — not on 2026 ballot,,,,https://www.wellingtonutah.us,,,,,,,,,TRUE,6
Jim Levanger,Mayor,city,Scofield,,TRUE,INCUMBENT — not on 2026 ballot,,,,https://www.utah.gov/pmn/sitemap/notice/1081687.html,scofield84526@gmail.com,,,,,,,,TRUE,1
Meliss Holloway,Town Council Member,city,Scofield,,TRUE,INCUMBENT — not on 2026 ballot,,,,https://www.utah.gov/pmn/sitemap/notice/1081687.html,,,,,,,,,TRUE,2
Brad Peacock,Town Council Member,city,Scofield,,TRUE,INCUMBENT — not on 2026 ballot,,,,https://www.utah.gov/pmn/sitemap/notice/1081687.html,,,,,,,,,TRUE,3
Ralph Brinkerhoff,Town Council Member,city,Scofield,,TRUE,INCUMBENT — not on 2026 ballot,,,,https://www.utah.gov/pmn/sitemap/notice/1081687.html,,,,,,,,,TRUE,4
Kim Erkkila,Town Council Member,city,Scofield,,TRUE,INCUMBENT — not on 2026 ballot,,,,https://www.utah.gov/pmn/sitemap/notice/1081687.html,,,,,,,,,TRUE,5
Debbie Redford,Town Council Member,city,Scofield,,TRUE,INCUMBENT — not on 2026 ballot,,,,https://www.utah.gov/pmn/sitemap/notice/1081687.html,,,,,,,,,TRUE,6
Leonard Norton,Mayor,city,Huntington,,TRUE,INCUMBENT — not on 2026 ballot,,,,https://huntingtonut.com,,,,,,,,,TRUE,1
Judd Beagley,City Council Member,city,Huntington,,TRUE,INCUMBENT — not on 2026 ballot,,,,https://huntingtonut.com,,,,,,,,,TRUE,2
Tom Kay,City Council Member,city,Huntington,,TRUE,INCUMBENT — not on 2026 ballot,,,,https://huntingtonut.com,,,,,,,,,TRUE,3
Lesa Miller,City Council Member,city,Huntington,,TRUE,INCUMBENT — not on 2026 ballot,,,,https://huntingtonut.com,,,,,,,,,TRUE,4
Devin Wilson,City Council Member,city,Huntington,,TRUE,INCUMBENT — not on 2026 ballot,,,,https://huntingtonut.com,,,,,,,,,TRUE,5
Gloria Wilson,City Council Member,city,Huntington,,TRUE,INCUMBENT — not on 2026 ballot,,,,https://huntingtonut.com,,,,,,,,,TRUE,6
Danny Van Wagoner,Mayor,city,Castle Dale,,TRUE,INCUMBENT — not on 2026 ballot,,,,https://www.utah.gov/pmn/sitemap/notice/1094025.html,,(435) 381-2115,,,,,,,TRUE,1
Mike Jorgensen,City Council Member,city,Castle Dale,,TRUE,INCUMBENT — not on 2026 ballot,,,,https://www.utah.gov/pmn/sitemap/notice/1094025.html,,,,,,,,,TRUE,2
Glen Gerber,City Council Member,city,Castle Dale,,TRUE,INCUMBENT — not on 2026 ballot,,,,https://www.utah.gov/pmn/sitemap/notice/1094025.html,,,,,,,,,TRUE,3
Larry Packer,Mayor,city,Green River,,TRUE,INCUMBENT — not on 2026 ballot,,,,https://www.utah.gov/pmn/files/1390621.pdf,,,,,,,,,TRUE,1
Bo Harrison,City Council Member,city,Green River,,TRUE,INCUMBENT — not on 2026 ballot,,,,https://www.utah.gov/pmn/files/1390621.pdf,,,,,,,,,TRUE,2
Kent Nelson,City Council Member,city,Green River,,TRUE,INCUMBENT — not on 2026 ballot,,,,https://www.utah.gov/pmn/files/1390621.pdf,,,,,,,,,TRUE,3
Guy Webster,City Council Member,city,Green River,,TRUE,INCUMBENT — not on 2026 ballot,,,,https://www.utah.gov/pmn/files/1390621.pdf,,,,,,,,,TRUE,4
Stephanie Crabtree,City Council Member,city,Green River,,TRUE,INCUMBENT — not on 2026 ballot,,,,https://www.utah.gov/pmn/files/1390621.pdf,,,,,,,,,TRUE,5
Tonya Bigelow,City Council Member,city,Green River,,TRUE,INCUMBENT — not on 2026 ballot,,,,https://www.utah.gov/pmn/files/1390621.pdf,,,,,,,,,TRUE,6
Shawna Horrocks,Mayor,city,Cleveland,,TRUE,INCUMBENT — not on 2026 ballot,,,,https://www.utah.gov/pmn/sitemap/notice/1094155.html,Shawnarocks@etv.net,435-749-9955,,,,,,,TRUE,1
Kristen Vose,Town Council Member,city,Cleveland,,TRUE,INCUMBENT — not on 2026 ballot,,,,https://www.utah.gov/pmn/sitemap/notice/1094155.html,vose2003@yahoo.com,435-749-2102,,,,,,,TRUE,2
Whitney Guymon,Town Council Member,city,Cleveland,,TRUE,INCUMBENT — not on 2026 ballot,,,,https://www.utah.gov/pmn/sitemap/notice/1094155.html,whitneyguymon12@yahoo.com,435-609-0716,,,,,,,TRUE,3
Chance Thompson,Town Council Member,city,Cleveland,,TRUE,INCUMBENT — not on 2026 ballot,,,,https://www.utah.gov/pmn/sitemap/notice/1094155.html,chancethompson880@yahoo.com,435-609-9271,,,,,,,TRUE,4
Carl Sitterud,Town Council Member,city,Cleveland,,TRUE,INCUMBENT — not on 2026 ballot,,,,https://www.utah.gov/pmn/sitemap/notice/1094155.html,sitterudcarl@gmail.com,435-749-9229,,,,,,,TRUE,5
Jack Funk,Mayor,city,Emery,,TRUE,INCUMBENT — not on 2026 ballot,,,,https://www.utah.gov/pmn/files/1475597.docx,,,,,,,,,TRUE,1
Kim Hansen,Town Council Member,city,Emery,,TRUE,INCUMBENT — not on 2026 ballot,,,,https://www.utah.gov/pmn/files/1475597.docx,,,,,,,,,TRUE,2
Melissa Durfey,Town Council Member,city,Emery,,TRUE,INCUMBENT — not on 2026 ballot,,,,https://www.utah.gov/pmn/files/1475597.docx,,,,,,,,,TRUE,3
Mistie Christiansen,Town Council Member,city,Emery,,TRUE,INCUMBENT — not on 2026 ballot,,,,https://www.utah.gov/pmn/files/1475597.docx,,,,,,,,,TRUE,4
Slate Stewart,Town Council Member,city,Emery,,TRUE,INCUMBENT — not on 2026 ballot,,,,https://www.utah.gov/pmn/files/1475597.docx,,,,,,,,,TRUE,5
Gary Price,Mayor,city,Clawson,,TRUE,INCUMBENT — not on 2026 ballot,,,,https://www.utah.gov/pmn/sitemap/notice/1071647.html,clawsontownclerk@gmail.com,,,,,,,,TRUE,1
Trinidi Price,Town Council Member,city,Clawson,,TRUE,INCUMBENT — not on 2026 ballot,,,,https://www.utah.gov/pmn/sitemap/notice/1071647.html,,,,,,,,,TRUE,2
Casey Jo Reid,Town Council Member,city,Clawson,,TRUE,INCUMBENT — not on 2026 ballot,,,,https://www.utah.gov/pmn/sitemap/notice/1071647.html,,,,,,,,,TRUE,3
Robby Riley,Town Council Member,city,Clawson,,TRUE,INCUMBENT — not on 2026 ballot,,,,https://www.utah.gov/pmn/sitemap/notice/1071647.html,,,,,,,,,TRUE,4
Jazmine Duncan,Mayor,city,Castle Valley,,TRUE,INCUMBENT — not on 2026 ballot,,,,https://www.utah.gov/pmn/sitemap/notice/1082037.html,,,,,,,,,TRUE,1
Robert O'Brien,Town Council Member,city,Castle Valley,,TRUE,INCUMBENT — not on 2026 ballot,,,,https://www.utah.gov/pmn/sitemap/notice/1082037.html,,,,,,,,,TRUE,2
Harry Holland,Town Council Member,city,Castle Valley,,TRUE,INCUMBENT — not on 2026 ballot,,,,https://www.utah.gov/pmn/sitemap/notice/1082037.html,,,,,,,,,TRUE,3
Charlie Taylor,City Council Member,city,Blanding,,TRUE,INCUMBENT — not on 2026 ballot,,,,https://www.blanding-ut.gov,,,,,,,,,TRUE,2
Chris Ewald,City Council Member,city,Blanding,,TRUE,INCUMBENT — not on 2026 ballot,,,,https://www.blanding-ut.gov,,,,,,,,,TRUE,3
Kellen Nielson,City Council Member,city,Blanding,,TRUE,INCUMBENT — not on 2026 ballot,,,,https://www.blanding-ut.gov,,,,,,,,,TRUE,4
Chad Moses,City Council Member,city,Blanding,,TRUE,INCUMBENT — not on 2026 ballot,,,,https://www.blanding-ut.gov,,,,,,,,,TRUE,5
Jesse Grover,City Council Member,city,Blanding,,TRUE,INCUMBENT — not on 2026 ballot,,,,https://www.blanding-ut.gov,,,,,,,,,TRUE,6
Kevin Dunn,Mayor,city,Monticello,,TRUE,INCUMBENT — not on 2026 ballot,,,,https://monticelloutah.org,,,,,,,,,TRUE,1
Kirk Crowley,City Council Member,city,Monticello,,TRUE,INCUMBENT — not on 2026 ballot,,,,https://monticelloutah.org,,,,,,,,,TRUE,2
Ron Skinner,City Council Member,city,Monticello,,TRUE,INCUMBENT — not on 2026 ballot,,,,https://monticelloutah.org,,,,,,,,,TRUE,3
Nathan Chamberlain,City Council Member,city,Monticello,,TRUE,INCUMBENT — not on 2026 ballot,,,,https://monticelloutah.org,,,,,,,,,TRUE,4
Shane Brewer,City Council Member,city,Monticello,,TRUE,INCUMBENT — not on 2026 ballot,,,,https://monticelloutah.org,,,,,,,,,TRUE,5
Todd Westcott,City Council Member,city,Monticello,,TRUE,INCUMBENT — not on 2026 ballot,,,,https://monticelloutah.org,,,,,,,,,TRUE,6
Josh Ewing,Mayor,city,Bluff,,TRUE,INCUMBENT — not on 2026 ballot,,,,https://townofbluffutah.gov,,,,,,,,,TRUE,1
Jennifer Davila,Town Council Member,city,Bluff,,TRUE,INCUMBENT — not on 2026 ballot,,,,https://townofbluffutah.gov,,,,,,,,,TRUE,2
Gary Haws,Town Council Member,city,Bluff,,TRUE,INCUMBENT — not on 2026 ballot,,,,https://townofbluffutah.gov,,,,,,,,,TRUE,3
Britt Hornsby,Town Council Member,city,Bluff,,TRUE,INCUMBENT — not on 2026 ballot,,,,https://townofbluffutah.gov,,,,,,,,,TRUE,4
Spencer Wade,Town Council Member,city,Bluff,,TRUE,INCUMBENT — not on 2026 ballot,,,,https://townofbluffutah.gov,,,,,,,,,TRUE,5
Deborah Herron,Mayor,city,Duchesne,,TRUE,INCUMBENT — not on 2026 ballot,,,,https://duchesnecityut.gov,,,,,,,,,TRUE,1
Mark Nielsen,City Council Member,city,Duchesne,,TRUE,INCUMBENT — not on 2026 ballot,,,,https://duchesnecityut.gov,,,,,,,,,TRUE,2
Marty Herrera,City Council Member,city,Duchesne,,TRUE,INCUMBENT — not on 2026 ballot,,,,https://duchesnecityut.gov,,,,,,,,,TRUE,3
Bryce Hamilton,City Council Member,city,Duchesne,,TRUE,INCUMBENT — not on 2026 ballot,,,,https://duchesnecityut.gov,,,,,,,,,TRUE,4
Jason Baker,City Council Member,city,Duchesne,,TRUE,INCUMBENT — not on 2026 ballot,,,,https://duchesnecityut.gov,,,,,,,,,TRUE,5
Cody Ivie,City Council Member,city,Duchesne,,TRUE,INCUMBENT — not on 2026 ballot,,,,https://duchesnecityut.gov,,,,,,,,,TRUE,6
Terry Hughes,Mayor,city,Tabiona,,TRUE,INCUMBENT — not on 2026 ballot,,,,https://tabionatownut.gov,,,,,,,,,TRUE,1
Tanna Lee Strebel,Town Council Member,city,Tabiona,,TRUE,INCUMBENT — not on 2026 ballot,,,,https://tabionatownut.gov,,,,,,,,,TRUE,2
Dalas Jones,Town Council Member,city,Tabiona,,TRUE,INCUMBENT — not on 2026 ballot,,,,https://tabionatownut.gov,,,,,,,,,TRUE,3
Makayla Pippy,Town Council Member,city,Tabiona,,TRUE,INCUMBENT — not on 2026 ballot,,,,https://tabionatownut.gov,,,,,,,,,TRUE,4
Jacob Hughes,Town Council Member,city,Tabiona,,TRUE,INCUMBENT — not on 2026 ballot,,,,https://tabionatownut.gov,,,,,,,,,TRUE,5
Kathi Knight,Mayor,city,Manila,,TRUE,INCUMBENT — not on 2026 ballot,,,,https://www.manilautah.gov,,435-784-3143,,,,,,,TRUE,1
William Rylander,Town Council Member,city,Manila,,TRUE,INCUMBENT — not on 2026 ballot,,,,https://www.manilautah.gov,,,,,,,,,TRUE,2
Gretchen Northcott,Town Council Member,city,Manila,,TRUE,INCUMBENT — not on 2026 ballot,,,,https://www.manilautah.gov,,,,,,,,,TRUE,3
Deb Brown,Town Council Member,city,Manila,,TRUE,INCUMBENT — not on 2026 ballot,,,,https://www.manilautah.gov,,,,,,,,,TRUE,4
Sara Mraz,Town Council Member,city,Manila,,TRUE,INCUMBENT — not on 2026 ballot,,,,https://www.manilautah.gov,,,,,,,,,TRUE,5
Lester V. Johns,Mayor,city,Dutch John,,TRUE,INCUMBENT — not on 2026 ballot,,,,https://dutchjohn.gov,,,,,,,,,TRUE,1
Harriet Dickerson,Town Council Member,city,Dutch John,,TRUE,INCUMBENT — not on 2026 ballot,,,,https://dutchjohn.gov,,,,,,,,,TRUE,2
Sandy Kunkel,Town Council Member,city,Dutch John,,TRUE,INCUMBENT — not on 2026 ballot,,,,https://dutchjohn.gov,,,,,,,,,TRUE,3
Amy McDonald,Town Council Member,city,Dutch John,,TRUE,INCUMBENT — not on 2026 ballot,,,,https://dutchjohn.gov,,,,,,,,,TRUE,4
Rachel Albritton,Town Council Member,city,Dutch John,,TRUE,INCUMBENT — not on 2026 ballot,,,,https://dutchjohn.gov,,,,,,,,,TRUE,5
Junction Mayor & Council,Mayor & Council,city,Junction,,TRUE,INCUMBENT — not on 2026 ballot,,,,https://www.utah.gov/pmn/sitemap/notice/1101405.html,junction.town@yahoo.com,(435) 577-2667,,,,,,,TRUE,1
Kingston Mayor & Council,Mayor & Council,city,Kingston,,TRUE,INCUMBENT — not on 2026 ballot,,,,https://www.utah.gov/pmn/sitemap/publicbody/4019.html,kaligleave@yahoo.com,435-577-2850,,,,,,,TRUE,1
Shiloh Syrett,Mayor,city,Bryce Canyon City,,TRUE,INCUMBENT — not on 2026 ballot,,,,https://brycecanyoncityut.gov,shiloh@brycecanyoncityut.gov,435-231-2052,,,,,,,TRUE,1
Mike Stevens,Town Council Member,city,Bryce Canyon City,,TRUE,INCUMBENT — not on 2026 ballot,,,,https://brycecanyoncityut.gov,mike@brycecanyoncityut.gov,435-231-5062,,,,,,,TRUE,2
Gary Syrett,Town Council Member,city,Bryce Canyon City,,TRUE,INCUMBENT — not on 2026 ballot,,,,https://brycecanyoncityut.gov,gary@brycecanyoncityut.gov,435-231-2222,,,,,,,TRUE,3
Cherrie Tebbs,Town Council Member,city,Bryce Canyon City,,TRUE,INCUMBENT — not on 2026 ballot,,,,https://brycecanyoncityut.gov,cherrie@brycecanyoncityut.gov,435-616-5258,,,,,,,TRUE,4
Bryce Syrett,Town Council Member,city,Bryce Canyon City,,TRUE,INCUMBENT — not on 2026 ballot,,,,https://brycecanyoncityut.gov,bryce@brycecanyoncityut.gov,435-231-1866,,,,,,,TRUE,5
Kameron Roundy,Town Council Member,city,Bryce Canyon City,,TRUE,INCUMBENT — not on 2026 ballot,,,,https://brycecanyoncityut.gov,kameron@brycecanyoncityut.gov,435-592-1740,,,,,,,TRUE,6
