Name,Office,DistrictType,District,Party,Incumbent,Status,PhotoURL,Bio,Website,OfficialURL,Email,Phone,Facebook,Instagram,X,VolunteerURL,DonateURL,TopIssues,Active,Order,Source
Erin Mendenhall,Mayor,city,Salt Lake City,,TRUE,INCUMBENT — not on 2026 ballot,,,,https://www.slc.gov/council/contact-us/,,801-535-7704,,,,,,,TRUE,1,https://www.slc.gov/council/contact-us/ ; https://www.slc.gov/mayor/contact/
Victoria Petro,City Council District 1,city,Salt Lake City,,TRUE,INCUMBENT — not on 2026 ballot,,,,https://www.slc.gov/council/contact-us/,victoria.petro@slc.gov,801-535-7723,,,,,,,TRUE,2,https://www.slc.gov/council/contact-us/ ; https://www.slc.gov/mayor/contact/
Alejandro Puy,City Council District 2,city,Salt Lake City,,TRUE,INCUMBENT — not on 2026 ballot,,,,https://www.slc.gov/council/contact-us/,alejandro.puy@slc.gov,801-535-7781,,,,,,,TRUE,3,https://www.slc.gov/council/contact-us/ ; https://www.slc.gov/mayor/contact/
Chris Wharton,City Council District 3,city,Salt Lake City,,TRUE,INCUMBENT — not on 2026 ballot,,,,https://www.slc.gov/council/contact-us/,chris.wharton@slc.gov,801-535-7726,,,,,,,TRUE,4,https://www.slc.gov/council/contact-us/ ; https://www.slc.gov/mayor/contact/
Jennifer Napier-Pearce,City Council District 4,city,Salt Lake City,,TRUE,INCUMBENT — not on 2026 ballot,,,,https://www.slc.gov/council/contact-us/,JNP@slc.gov,801-535-7782,,,,,,,TRUE,5,https://www.slc.gov/council/contact-us/ ; https://www.slc.gov/mayor/contact/
Erika Carlsen,City Council District 5,city,Salt Lake City,,TRUE,INCUMBENT — not on 2026 ballot,,,,https://www.slc.gov/council/contact-us/,erika.carlsen@slc.gov,801-535-7786,,,,,,,TRUE,6,https://www.slc.gov/council/contact-us/ ; https://www.slc.gov/mayor/contact/
Dan Dugan,City Council District 6,city,Salt Lake City,,TRUE,INCUMBENT — not on 2026 ballot,,,,https://www.slc.gov/council/contact-us/,dan.dugan@slc.gov,801-535-7784,,,,,,,TRUE,7,https://www.slc.gov/council/contact-us/ ; https://www.slc.gov/mayor/contact/
Sarah Young,City Council District 7,city,Salt Lake City,,TRUE,INCUMBENT — not on 2026 ballot,,,,https://www.slc.gov/council/contact-us/,sarah.young@slc.gov,801-535-7715,,,,,,,TRUE,8,https://www.slc.gov/council/contact-us/ ; https://www.slc.gov/mayor/contact/
Karen Lang,Mayor,city,West Valley City,,TRUE,INCUMBENT — not on 2026 ballot,,,,https://www.wvc-ut.gov/government/city_council/city_council_members/index.php,,801-963-3380,,,,,,,TRUE,1,"https://www.wvc-ut.gov/government/city_council/city_council_members/index.php ; individual pages (phones); no email published, contact form only"
Tom Huynh,City Council District 1,city,West Valley City,,TRUE,INCUMBENT — not on 2026 ballot,,,,https://www.wvc-ut.gov/government/city_council/city_council_members/index.php,,801-963-3374,,,,,,,TRUE,2,"https://www.wvc-ut.gov/government/city_council/city_council_members/index.php ; individual pages (phones); no email published, contact form only"
Scott Harmon,City Council District 2,city,West Valley City,,TRUE,INCUMBENT — not on 2026 ballot,,,,https://www.wvc-ut.gov/government/city_council/city_council_members/index.php,,801-963-3373,,,,,,,TRUE,3,"https://www.wvc-ut.gov/government/city_council/city_council_members/index.php ; individual pages (phones); no email published, contact form only"
William Whetstone,City Council District 3,city,West Valley City,,TRUE,INCUMBENT — not on 2026 ballot,,,,https://www.wvc-ut.gov/government/city_council/city_council_members/index.php,,801-955-3603,,,,,,,TRUE,4,"https://www.wvc-ut.gov/government/city_council/city_council_members/index.php ; individual pages (phones); no email published, contact form only"
Cindy Wood,City Council District 4,city,West Valley City,,TRUE,INCUMBENT — not on 2026 ballot,,,,https://www.wvc-ut.gov/government/city_council/city_council_members/index.php,,801-232-0870,,,,,,,TRUE,5,"https://www.wvc-ut.gov/government/city_council/city_council_members/index.php ; individual pages (phones); no email published, contact form only"
Don Christensen,City Council At-Large,city,West Valley City,,TRUE,INCUMBENT — not on 2026 ballot,,,,https://www.wvc-ut.gov/government/city_council/city_council_members/index.php,,801-963-3371,,,,,,,TRUE,6,"https://www.wvc-ut.gov/government/city_council/city_council_members/index.php ; individual pages (phones); no email published, contact form only"
Lars Nordfelt,City Council At-Large,city,West Valley City,,TRUE,INCUMBENT — not on 2026 ballot,,,,https://www.wvc-ut.gov/government/city_council/city_council_members/index.php,,801-955-3696,,,,,,,TRUE,6,"https://www.wvc-ut.gov/government/city_council/city_council_members/index.php ; individual pages (phones); no email published, contact form only"
Dirk Burton,Mayor,city,West Jordan,,TRUE,INCUMBENT — not on 2026 ballot,,,,https://www.westjordan.utah.gov/citycouncil/councilmembers/,mayor@westjordan.utah.gov,,,,,,,,TRUE,1,"https://www.westjordan.utah.gov/citycouncil/councilmembers/ ; https://www.westjordan.utah.gov/mayor/ ; council email councilcomments@ is auto-forwarded to all members (council-wide); mayor@ is the mayor office address. At-large Wignall per Jan 2026 swearing-in news (West Jordan Journal), not on fetched page"
Chad Lamb,City Council District 1,city,West Jordan,,TRUE,INCUMBENT — not on 2026 ballot,,,,https://www.westjordan.utah.gov/citycouncil/councilmembers/,councilcomments@westjordan.utah.gov,,,,,,,,TRUE,2,"https://www.westjordan.utah.gov/citycouncil/councilmembers/ ; https://www.westjordan.utah.gov/mayor/ ; council email councilcomments@ is auto-forwarded to all members (council-wide); mayor@ is the mayor office address. At-large Wignall per Jan 2026 swearing-in news (West Jordan Journal), not on fetched page"
Bob Bedore,City Council District 2,city,West Jordan,,TRUE,INCUMBENT — not on 2026 ballot,,,,https://www.westjordan.utah.gov/citycouncil/councilmembers/,councilcomments@westjordan.utah.gov,,,,,,,,TRUE,3,"https://www.westjordan.utah.gov/citycouncil/councilmembers/ ; https://www.westjordan.utah.gov/mayor/ ; council email councilcomments@ is auto-forwarded to all members (council-wide); mayor@ is the mayor office address. At-large Wignall per Jan 2026 swearing-in news (West Jordan Journal), not on fetched page"
Zach Jacob,City Council District 3,city,West Jordan,,TRUE,INCUMBENT — not on 2026 ballot,,,,https://www.westjordan.utah.gov/citycouncil/councilmembers/,councilcomments@westjordan.utah.gov,,,,,,,,TRUE,4,"https://www.westjordan.utah.gov/citycouncil/councilmembers/ ; https://www.westjordan.utah.gov/mayor/ ; council email councilcomments@ is auto-forwarded to all members (council-wide); mayor@ is the mayor office address. At-large Wignall per Jan 2026 swearing-in news (West Jordan Journal), not on fetched page"
Kent Shelton,City Council District 4,city,West Jordan,,TRUE,INCUMBENT — not on 2026 ballot,,,,https://www.westjordan.utah.gov/citycouncil/councilmembers/,councilcomments@westjordan.utah.gov,,,,,,,,TRUE,5,"https://www.westjordan.utah.gov/citycouncil/councilmembers/ ; https://www.westjordan.utah.gov/mayor/ ; council email councilcomments@ is auto-forwarded to all members (council-wide); mayor@ is the mayor office address. At-large Wignall per Jan 2026 swearing-in news (West Jordan Journal), not on fetched page"
Annette Harris,City Council At-Large,city,West Jordan,,TRUE,INCUMBENT — not on 2026 ballot,,,,https://www.westjordan.utah.gov/citycouncil/councilmembers/,councilcomments@westjordan.utah.gov,,,,,,,,TRUE,6,"https://www.westjordan.utah.gov/citycouncil/councilmembers/ ; https://www.westjordan.utah.gov/mayor/ ; council email councilcomments@ is auto-forwarded to all members (council-wide); mayor@ is the mayor office address. At-large Wignall per Jan 2026 swearing-in news (West Jordan Journal), not on fetched page"
Kayleen Whitelock,City Council At-Large,city,West Jordan,,TRUE,INCUMBENT — not on 2026 ballot,,,,https://www.westjordan.utah.gov/citycouncil/councilmembers/,councilcomments@westjordan.utah.gov,,,,,,,,TRUE,6,"https://www.westjordan.utah.gov/citycouncil/councilmembers/ ; https://www.westjordan.utah.gov/mayor/ ; council email councilcomments@ is auto-forwarded to all members (council-wide); mayor@ is the mayor office address. At-large Wignall per Jan 2026 swearing-in news (West Jordan Journal), not on fetched page"
Jessica Wignall,City Council At-Large,city,West Jordan,,TRUE,INCUMBENT — not on 2026 ballot,,,,https://www.westjordan.utah.gov/citycouncil/councilmembers/,councilcomments@westjordan.utah.gov,,,,,,,,TRUE,6,"https://www.westjordan.utah.gov/citycouncil/councilmembers/ ; https://www.westjordan.utah.gov/mayor/ ; council email councilcomments@ is auto-forwarded to all members (council-wide); mayor@ is the mayor office address. At-large Wignall per Jan 2026 swearing-in news (West Jordan Journal), not on fetched page"
Dawn R. Ramsey,Mayor,city,South Jordan,,TRUE,INCUMBENT — not on 2026 ballot,,,,https://www.sjc.utah.gov/241/City-Council,dramsey@sjc.utah.gov,801-446-4357,,,,,,,TRUE,1,https://www.sjc.utah.gov/241/City-Council
Patrick Harris,City Council District 1,city,South Jordan,,TRUE,INCUMBENT — not on 2026 ballot,,,,https://www.sjc.utah.gov/241/City-Council,pharris@sjc.utah.gov,801-446-4357,,,,,,,TRUE,2,https://www.sjc.utah.gov/241/City-Council
Kathie L. Johnson,City Council District 2,city,South Jordan,,TRUE,INCUMBENT — not on 2026 ballot,,,,https://www.sjc.utah.gov/241/City-Council,kjohnson@sjc.utah.gov,801-446-4357,,,,,,,TRUE,3,https://www.sjc.utah.gov/241/City-Council
Donald J. Shelton,City Council District 3,city,South Jordan,,TRUE,INCUMBENT — not on 2026 ballot,,,,https://www.sjc.utah.gov/241/City-Council,dshelton@sjc.utah.gov,801-446-4357,,,,,,,TRUE,4,https://www.sjc.utah.gov/241/City-Council
Tamara Zander,City Council District 4,city,South Jordan,,TRUE,INCUMBENT — not on 2026 ballot,,,,https://www.sjc.utah.gov/241/City-Council,tzander@sjc.utah.gov,801-446-4357,,,,,,,TRUE,5,https://www.sjc.utah.gov/241/City-Council
Jason T. McGuire,City Council District 5,city,South Jordan,,TRUE,INCUMBENT — not on 2026 ballot,,,,https://www.sjc.utah.gov/241/City-Council,jmcguire@sjc.utah.gov,801-446-4357,,,,,,,TRUE,6,https://www.sjc.utah.gov/241/City-Council
Cheri Jackson,Mayor,city,Millcreek,,TRUE,INCUMBENT — not on 2026 ballot,,,,https://www.millcreekut.gov/180/City-Council,cjackson@millcreekut.gov,801-214-2705,,,,,,,TRUE,1,https://www.millcreekut.gov/180/City-Council ; https://www.millcreekut.gov/231/City-Council . Mayor Jackson appointed Nov 2025; Nicole Handy appointed/serving D3
Silvia Catten,City Council District 1,city,Millcreek,,TRUE,INCUMBENT — not on 2026 ballot,,,,https://www.millcreekut.gov/180/City-Council,scatten@millcreekut.gov,801-214-2701,,,,,,,TRUE,2,https://www.millcreekut.gov/180/City-Council ; https://www.millcreekut.gov/231/City-Council . Mayor Jackson appointed Nov 2025; Nicole Handy appointed/serving D3
Thom DeSirant,City Council District 2,city,Millcreek,,TRUE,INCUMBENT — not on 2026 ballot,,,,https://www.millcreekut.gov/180/City-Council,tdesirant@millcreekut.gov,801-214-2702,,,,,,,TRUE,3,https://www.millcreekut.gov/180/City-Council ; https://www.millcreekut.gov/231/City-Council . Mayor Jackson appointed Nov 2025; Nicole Handy appointed/serving D3
Nicole Handy,City Council District 3,city,Millcreek,,TRUE,INCUMBENT — not on 2026 ballot,,,,https://www.millcreekut.gov/180/City-Council,nhandy@millcreekut.gov,801-214-2703,,,,,,,TRUE,4,https://www.millcreekut.gov/180/City-Council ; https://www.millcreekut.gov/231/City-Council . Mayor Jackson appointed Nov 2025; Nicole Handy appointed/serving D3
Bev Uipi,City Council District 4,city,Millcreek,,TRUE,INCUMBENT — not on 2026 ballot,,,,https://www.millcreekut.gov/180/City-Council,buipi@millcreekut.gov,801-214-2704,,,,,,,TRUE,5,https://www.millcreekut.gov/180/City-Council ; https://www.millcreekut.gov/231/City-Council . Mayor Jackson appointed Nov 2025; Nicole Handy appointed/serving D3
Lorin Palmer,Mayor,city,Herriman,,TRUE,INCUMBENT — not on 2026 ballot,,,,https://www.herriman.gov/city-council,mayorpalmer@herriman.gov,,,,,,,,TRUE,1,https://www.herriman.gov/city-council
Jared Henderson,City Council District 1,city,Herriman,,TRUE,INCUMBENT — not on 2026 ballot,,,,https://www.herriman.gov/city-council,jhenderson@herriman.gov,,,,,,,,TRUE,2,https://www.herriman.gov/city-council
Teddy Hodges,City Council District 2,city,Herriman,,TRUE,INCUMBENT — not on 2026 ballot,,,,https://www.herriman.gov/city-council,thodges@herriman.gov,,,,,,,,TRUE,3,https://www.herriman.gov/city-council
Matt Basham,City Council District 3,city,Herriman,,TRUE,INCUMBENT — not on 2026 ballot,,,,https://www.herriman.gov/city-council,mbasham@herriman.gov,,,,,,,,TRUE,4,https://www.herriman.gov/city-council
Terrah Anderson,City Council District 4,city,Herriman,,TRUE,INCUMBENT — not on 2026 ballot,,,,https://www.herriman.gov/city-council,tanderson@herriman.gov,,,,,,,,TRUE,5,https://www.herriman.gov/city-council
Troy Walker,Mayor,city,Draper,,TRUE,INCUMBENT — not on 2026 ballot,,,,https://www.draperutah.gov/city-government/mayor-and-council/,troy.walker@draperutah.gov,801-576-6513,,,,,,,TRUE,1,https://www.draperutah.gov/city-government/mayor-and-council/ and individual member pages (council seats are at-large/unnumbered)
Kathryn Dahlin,City Council Member,city,Draper,,TRUE,INCUMBENT — not on 2026 ballot,,,,https://www.draperutah.gov/city-government/mayor-and-council/,kathryn.dahlin@draperutah.gov,801-576-6500,,,,,,,TRUE,2,https://www.draperutah.gov/city-government/mayor-and-council/ and individual member pages (council seats are at-large/unnumbered)
Mike Green,City Council Member,city,Draper,,TRUE,INCUMBENT — not on 2026 ballot,,,,https://www.draperutah.gov/city-government/mayor-and-council/,mike.green@draperutah.gov,801-576-6500,,,,,,,TRUE,2,https://www.draperutah.gov/city-government/mayor-and-council/ and individual member pages (council seats are at-large/unnumbered)
Bryn Heather Johnson,City Council Member,city,Draper,,TRUE,INCUMBENT — not on 2026 ballot,,,,https://www.draperutah.gov/city-government/mayor-and-council/,bryn.johnson@draperutah.gov,801-576-6500,,,,,,,TRUE,2,https://www.draperutah.gov/city-government/mayor-and-council/ and individual member pages (council seats are at-large/unnumbered)
Tasha Lowery,City Council Member,city,Draper,,TRUE,INCUMBENT — not on 2026 ballot,,,,https://www.draperutah.gov/city-government/mayor-and-council/,tasha.lowery@draperutah.gov,801-576-6500,,,,,,,TRUE,2,https://www.draperutah.gov/city-government/mayor-and-council/ and individual member pages (council seats are at-large/unnumbered)
Fred Lowry,City Council Member,city,Draper,,TRUE,INCUMBENT — not on 2026 ballot,,,,https://www.draperutah.gov/city-government/mayor-and-council/,fred.lowry@draperutah.gov,801-576-6500,,,,,,,TRUE,2,https://www.draperutah.gov/city-government/mayor-and-council/ and individual member pages (council seats are at-large/unnumbered)
Tish Buroker,Mayor,city,Riverton,,TRUE,INCUMBENT — not on 2026 ballot,,,,https://www.rivertonutah.gov/government/city-council/index.php,tburoker@rivertonutah.gov,801-208-3129,,,,,,,TRUE,1,https://www.rivertonutah.gov/government/city-council/index.php ; https://www.rivertonutah.gov/government/mayor/index.php
Andy Pierucci,City Council District 1,city,Riverton,,TRUE,INCUMBENT — not on 2026 ballot,,,,https://www.rivertonutah.gov/government/city-council/index.php,apierucci@rivertonutah.gov,801-999-0195,,,,,,,TRUE,2,https://www.rivertonutah.gov/government/city-council/index.php ; https://www.rivertonutah.gov/government/mayor/index.php
Troy McDougal,City Council District 2,city,Riverton,,TRUE,INCUMBENT — not on 2026 ballot,,,,https://www.rivertonutah.gov/government/city-council/index.php,tmcdougal@rivertonutah.gov,801-931-9933,,,,,,,TRUE,3,https://www.rivertonutah.gov/government/city-council/index.php ; https://www.rivertonutah.gov/government/mayor/index.php
Alexander Johnson,City Council District 3,city,Riverton,,TRUE,INCUMBENT — not on 2026 ballot,,,,https://www.rivertonutah.gov/government/city-council/index.php,ajohnson@rivertonutah.gov,801-810-0612,,,,,,,TRUE,4,https://www.rivertonutah.gov/government/city-council/index.php ; https://www.rivertonutah.gov/government/mayor/index.php
Shannon Smith,City Council District 4,city,Riverton,,TRUE,INCUMBENT — not on 2026 ballot,,,,https://www.rivertonutah.gov/government/city-council/index.php,ssmith@rivertonutah.gov,801-520-4136,,,,,,,TRUE,5,https://www.rivertonutah.gov/government/city-council/index.php ; https://www.rivertonutah.gov/government/mayor/index.php
Spencer Haymond,City Council District 5,city,Riverton,,TRUE,INCUMBENT — not on 2026 ballot,,,,https://www.rivertonutah.gov/government/city-council/index.php,shaymond@rivertonutah.gov,801-381-5757,,,,,,,TRUE,6,https://www.rivertonutah.gov/government/city-council/index.php ; https://www.rivertonutah.gov/government/mayor/index.php
Brett A. Hales,Mayor,city,Murray,,TRUE,INCUMBENT — not on 2026 ballot,,,,https://www.murray.utah.gov/683/Council-Members,,801-264-2600,,,,,,,TRUE,1,"https://www.murray.utah.gov/683/Council-Members ; https://www.murray.utah.gov/113/Mayors-Biography (mayor Brett A. Hales per official bio page, which describes 2022 oath; could not confirm 2026 term start - verify). Council Dist 3 Bullen sworn Jan 2026 for term to 2027"
Paul Pickett,City Council District 1,city,Murray,,TRUE,INCUMBENT — not on 2026 ballot,,,,https://www.murray.utah.gov/683/Council-Members,ppickett@murray.utah.gov,801-743-0911,,,,,,,TRUE,2,"https://www.murray.utah.gov/683/Council-Members ; https://www.murray.utah.gov/113/Mayors-Biography (mayor Brett A. Hales per official bio page, which describes 2022 oath; could not confirm 2026 term start - verify). Council Dist 3 Bullen sworn Jan 2026 for term to 2027"
Pam Cotter,City Council District 2,city,Murray,,TRUE,INCUMBENT — not on 2026 ballot,,,,https://www.murray.utah.gov/683/Council-Members,pcotter@murray.utah.gov,801-541-8364,,,,,,,TRUE,3,"https://www.murray.utah.gov/683/Council-Members ; https://www.murray.utah.gov/113/Mayors-Biography (mayor Brett A. Hales per official bio page, which describes 2022 oath; could not confirm 2026 term start - verify). Council Dist 3 Bullen sworn Jan 2026 for term to 2027"
Clark Bullen,City Council District 3,city,Murray,,TRUE,INCUMBENT — not on 2026 ballot,,,,https://www.murray.utah.gov/683/Council-Members,cbullen@murray.utah.gov,801-718-2017,,,,,,,TRUE,4,"https://www.murray.utah.gov/683/Council-Members ; https://www.murray.utah.gov/113/Mayors-Biography (mayor Brett A. Hales per official bio page, which describes 2022 oath; could not confirm 2026 term start - verify). Council Dist 3 Bullen sworn Jan 2026 for term to 2027"
Diane Turner,City Council District 4,city,Murray,,TRUE,INCUMBENT — not on 2026 ballot,,,,https://www.murray.utah.gov/683/Council-Members,dturner@murray.utah.gov,801-635-6382,,,,,,,TRUE,5,"https://www.murray.utah.gov/683/Council-Members ; https://www.murray.utah.gov/113/Mayors-Biography (mayor Brett A. Hales per official bio page, which describes 2022 oath; could not confirm 2026 term start - verify). Council Dist 3 Bullen sworn Jan 2026 for term to 2027"
Adam Hock,City Council District 5,city,Murray,,TRUE,INCUMBENT — not on 2026 ballot,,,,https://www.murray.utah.gov/683/Council-Members,ahock@murray.utah.gov,801-557-1346,,,,,,,TRUE,6,"https://www.murray.utah.gov/683/Council-Members ; https://www.murray.utah.gov/113/Mayors-Biography (mayor Brett A. Hales per official bio page, which describes 2022 oath; could not confirm 2026 term start - verify). Council Dist 3 Bullen sworn Jan 2026 for term to 2027"
Marsha Judkins,Mayor,city,Provo,,TRUE,INCUMBENT — not on 2026 ballot,,,,https://www.provo.gov/Directory.aspx?did=22,,,,,,,,,TRUE,1,Search results/BYU Universe/Herald Extra (Jan 2026); provo.gov blocked fetch so no emails; seat labels from search summary
Craig Christensen,City Council District 1,city,Provo,,TRUE,INCUMBENT — not on 2026 ballot,,,,https://www.provo.gov/Directory.aspx?did=22,,,,,,,,,TRUE,2,Search results/BYU Universe/Herald Extra (Jan 2026); provo.gov blocked fetch so no emails; seat labels from search summary
Jeff Whitlock,City Council District 2,city,Provo,,TRUE,INCUMBENT — not on 2026 ballot,,,,https://www.provo.gov/Directory.aspx?did=22,,,,,,,,,TRUE,3,Search results/BYU Universe/Herald Extra (Jan 2026); provo.gov blocked fetch so no emails; seat labels from search summary
Becky Bogdin,City Council District 3,city,Provo,,TRUE,INCUMBENT — not on 2026 ballot,,,,https://www.provo.gov/Directory.aspx?did=22,,,,,,,,,TRUE,4,Search results/BYU Universe/Herald Extra (Jan 2026); provo.gov blocked fetch so no emails; seat labels from search summary
Travis Hoban,City Council District 4,city,Provo,,TRUE,INCUMBENT — not on 2026 ballot,,,,https://www.provo.gov/Directory.aspx?did=22,,,,,,,,,TRUE,5,Search results/BYU Universe/Herald Extra (Jan 2026); provo.gov blocked fetch so no emails; seat labels from search summary
Rachel Whipple,City Council District 5,city,Provo,,TRUE,INCUMBENT — not on 2026 ballot,,,,https://www.provo.gov/Directory.aspx?did=22,,,,,,,,,TRUE,6,Search results/BYU Universe/Herald Extra (Jan 2026); provo.gov blocked fetch so no emails; seat labels from search summary
Katrice MacKay,City Council Citywide Seat I,city,Provo,,TRUE,INCUMBENT — not on 2026 ballot,,,,https://www.provo.gov/Directory.aspx?did=22,,,,,,,,,TRUE,7,Search results/BYU Universe/Herald Extra (Jan 2026); provo.gov blocked fetch so no emails; seat labels from search summary
Gary Garrett,City Council Citywide Seat II,city,Provo,,TRUE,INCUMBENT — not on 2026 ballot,,,,https://www.provo.gov/Directory.aspx?did=22,,,,,,,,,TRUE,8,Search results/BYU Universe/Herald Extra (Jan 2026); provo.gov blocked fetch so no emails; seat labels from search summary
Karen McCandless,Mayor,city,Orem,,TRUE,INCUMBENT — not on 2026 ballot,,,,https://orem.gov/citycouncil/,,801-724-3803,,,,,,,TRUE,1,"https://orem.gov/citycouncil/ (emails obfuscated on page, omitted; seat numbers not listed)"
Jeff Lambson,City Council Member,city,Orem,,TRUE,INCUMBENT — not on 2026 ballot,,,,https://orem.gov/citycouncil/,,(801) 787-4306,,,,,,,TRUE,2,"https://orem.gov/citycouncil/ (emails obfuscated on page, omitted; seat numbers not listed)"
Jenn Gale,City Council Member,city,Orem,,TRUE,INCUMBENT — not on 2026 ballot,,,,https://orem.gov/citycouncil/,,801-368-3852,,,,,,,TRUE,2,"https://orem.gov/citycouncil/ (emails obfuscated on page, omitted; seat numbers not listed)"
Chris Killpack,City Council Member,city,Orem,,TRUE,INCUMBENT — not on 2026 ballot,,,,https://orem.gov/citycouncil/,,(801) 420-1505,,,,,,,TRUE,2,"https://orem.gov/citycouncil/ (emails obfuscated on page, omitted; seat numbers not listed)"
Quinn Mecham,City Council Member,city,Orem,,TRUE,INCUMBENT — not on 2026 ballot,,,,https://orem.gov/citycouncil/,,,,,,,,,TRUE,2,"https://orem.gov/citycouncil/ (emails obfuscated on page, omitted; seat numbers not listed)"
LaNae Millett,City Council Member,city,Orem,,TRUE,INCUMBENT — not on 2026 ballot,,,,https://orem.gov/citycouncil/,,(801) 836-8733,,,,,,,TRUE,2,"https://orem.gov/citycouncil/ (emails obfuscated on page, omitted; seat numbers not listed)"
Crystal Muhlestein,City Council Member,city,Orem,,TRUE,INCUMBENT — not on 2026 ballot,,,,https://orem.gov/citycouncil/,,,,,,,,,TRUE,2,"https://orem.gov/citycouncil/ (emails obfuscated on page, omitted; seat numbers not listed)"
Paul Binns,Mayor,city,Lehi,,TRUE,INCUMBENT — not on 2026 ballot,,,,https://www.lehi-ut.gov/government/mayor-and-council/,sbenson@lehi-ut.gov,385.201.2274,,,,,,,TRUE,1,https://www.lehi-ut.gov/government/mayor-and-council/
Rachel Freeman,City Council At-Large,city,Lehi,,TRUE,INCUMBENT — not on 2026 ballot,,,,https://www.lehi-ut.gov/government/mayor-and-council/,rfreeman@lehi-ut.gov,801.341.9133,,,,,,,TRUE,2,https://www.lehi-ut.gov/government/mayor-and-council/
James Harrison,City Council At-Large,city,Lehi,,TRUE,INCUMBENT — not on 2026 ballot,,,,https://www.lehi-ut.gov/government/mayor-and-council/,jharrison@lehi-ut.gov,385.549.6567,,,,,,,TRUE,2,https://www.lehi-ut.gov/government/mayor-and-council/
Emily Lockhart,City Council At-Large,city,Lehi,,TRUE,INCUMBENT — not on 2026 ballot,,,,https://www.lehi-ut.gov/government/mayor-and-council/,elockhart@lehi-ut.gov,801.310.0803,,,,,,,TRUE,2,https://www.lehi-ut.gov/government/mayor-and-council/
Heather Newall,City Council At-Large,city,Lehi,,TRUE,INCUMBENT — not on 2026 ballot,,,,https://www.lehi-ut.gov/government/mayor-and-council/,hnewall@lehi-ut.gov,801.901.3710,,,,,,,TRUE,2,https://www.lehi-ut.gov/government/mayor-and-council/
Michelle Stallings,City Council At-Large,city,Lehi,,TRUE,INCUMBENT — not on 2026 ballot,,,,https://www.lehi-ut.gov/government/mayor-and-council/,mstallings@lehi-ut.gov,801.636.4846,,,,,,,TRUE,2,https://www.lehi-ut.gov/government/mayor-and-council/
Jared Gray,Mayor,city,Eagle Mountain,,TRUE,INCUMBENT — not on 2026 ballot,,,,https://eaglemountain.gov/government/mayor-city-council/,mayor@eaglemountain.gov,(801) 789-6603,,,,,,,TRUE,1,https://eaglemountain.gov/government/mayor-city-council/
Melissa Clark,City Council Member,city,Eagle Mountain,,TRUE,INCUMBENT — not on 2026 ballot,,,,https://eaglemountain.gov/government/mayor-city-council/,mclark@eaglemountain.gov,(801) 357-9156,,,,,,,TRUE,2,https://eaglemountain.gov/government/mayor-city-council/
Zachory Huish,City Council Member,city,Eagle Mountain,,TRUE,INCUMBENT — not on 2026 ballot,,,,https://eaglemountain.gov/government/mayor-city-council/,zhuish@eaglemountain.gov,(801) 643-9728,,,,,,,TRUE,2,https://eaglemountain.gov/government/mayor-city-council/
Craig Whiting,City Council Member,city,Eagle Mountain,,TRUE,INCUMBENT — not on 2026 ballot,,,,https://eaglemountain.gov/government/mayor-city-council/,cwhiting@eaglemountain.gov,(801) 879-4642,,,,,,,TRUE,2,https://eaglemountain.gov/government/mayor-city-council/
Rich Wood,City Council Member,city,Eagle Mountain,,TRUE,INCUMBENT — not on 2026 ballot,,,,https://eaglemountain.gov/government/mayor-city-council/,rwood@eaglemountain.gov,(801) 634-8855,,,,,,,TRUE,2,https://eaglemountain.gov/government/mayor-city-council/
Brett Wright,City Council Member,city,Eagle Mountain,,TRUE,INCUMBENT — not on 2026 ballot,,,,https://eaglemountain.gov/government/mayor-city-council/,bwright@eaglemountain.gov,(801) 722-9644,,,,,,,TRUE,2,https://eaglemountain.gov/government/mayor-city-council/
Christopher Carn,Mayor,city,Saratoga Springs,,TRUE,INCUMBENT — not on 2026 ballot,,,,https://www.saratogasprings-ut.gov/27/Government,,801-766-9793,,,,,,,TRUE,1,https://www.saratogasprings-ut.gov/27/Government (names only; no individual emails found; general comments@saratogasprings-ut.gov not used)
Audrey Barton,City Council Member,city,Saratoga Springs,,TRUE,INCUMBENT — not on 2026 ballot,,,,https://www.saratogasprings-ut.gov/27/Government,,801-766-9793,,,,,,,TRUE,2,https://www.saratogasprings-ut.gov/27/Government (names only; no individual emails found; general comments@saratogasprings-ut.gov not used)
Edon Davenport,City Council Member,city,Saratoga Springs,,TRUE,INCUMBENT — not on 2026 ballot,,,,https://www.saratogasprings-ut.gov/27/Government,,801-766-9793,,,,,,,TRUE,2,https://www.saratogasprings-ut.gov/27/Government (names only; no individual emails found; general comments@saratogasprings-ut.gov not used)
Robert Taylor,City Council Member,city,Saratoga Springs,,TRUE,INCUMBENT — not on 2026 ballot,,,,https://www.saratogasprings-ut.gov/27/Government,,801-766-9793,,,,,,,TRUE,2,https://www.saratogasprings-ut.gov/27/Government (names only; no individual emails found; general comments@saratogasprings-ut.gov not used)
Lance Wadman,City Council Member,city,Saratoga Springs,,TRUE,INCUMBENT — not on 2026 ballot,,,,https://www.saratogasprings-ut.gov/27/Government,,801-766-9793,,,,,,,TRUE,2,https://www.saratogasprings-ut.gov/27/Government (names only; no individual emails found; general comments@saratogasprings-ut.gov not used)
Emma Wilson,City Council Member,city,Saratoga Springs,,TRUE,INCUMBENT — not on 2026 ballot,,,,https://www.saratogasprings-ut.gov/27/Government,,801-766-9793,,,,,,,TRUE,2,https://www.saratogasprings-ut.gov/27/Government (names only; no individual emails found; general comments@saratogasprings-ut.gov not used)
Mike Mendenhall,Mayor,city,Spanish Fork,,TRUE,INCUMBENT — not on 2026 ballot,,,,https://www.spanishfork.gov/government/mayor_and_city_council/index.php,mmendenhall@spanishfork.gov,(801) 804-4500,,,,,,,TRUE,1,https://www.spanishfork.gov/government/mayor_and_city_council/index.php (page date unknown — may be stale; not verified against Jan 2026 swearing-in)
Stacy Beck,City Council Member,city,Spanish Fork,,TRUE,INCUMBENT — not on 2026 ballot,,,,https://www.spanishfork.gov/government/mayor_and_city_council/index.php,sbeck@spanishfork.gov,,,,,,,,TRUE,2,https://www.spanishfork.gov/government/mayor_and_city_council/index.php (page date unknown — may be stale; not verified against Jan 2026 swearing-in)
Jesse Cardon,City Council Member,city,Spanish Fork,,TRUE,INCUMBENT — not on 2026 ballot,,,,https://www.spanishfork.gov/government/mayor_and_city_council/index.php,jcardon@spanishfork.gov,,,,,,,,TRUE,2,https://www.spanishfork.gov/government/mayor_and_city_council/index.php (page date unknown — may be stale; not verified against Jan 2026 swearing-in)
Shane Marshall,City Council Member,city,Spanish Fork,,TRUE,INCUMBENT — not on 2026 ballot,,,,https://www.spanishfork.gov/government/mayor_and_city_council/index.php,smarshall@spanishfork.gov,,,,,,,,TRUE,2,https://www.spanishfork.gov/government/mayor_and_city_council/index.php (page date unknown — may be stale; not verified against Jan 2026 swearing-in)
Kevin Oyler,City Council Member,city,Spanish Fork,,TRUE,INCUMBENT — not on 2026 ballot,,,,https://www.spanishfork.gov/government/mayor_and_city_council/index.php,koyler@spanishfork.gov,,,,,,,,TRUE,2,https://www.spanishfork.gov/government/mayor_and_city_council/index.php (page date unknown — may be stale; not verified against Jan 2026 swearing-in)
Landon Tooke,City Council Member,city,Spanish Fork,,TRUE,INCUMBENT — not on 2026 ballot,,,,https://www.spanishfork.gov/government/mayor_and_city_council/index.php,ltooke@spanishfork.gov,,,,,,,,TRUE,2,https://www.spanishfork.gov/government/mayor_and_city_council/index.php (page date unknown — may be stale; not verified against Jan 2026 swearing-in)
Eric Jensen,Mayor,city,Pleasant Grove,,TRUE,INCUMBENT — not on 2026 ballot,,,,https://www.pgcityutah.gov/government/mayor_council.php,mayor@pgcityutah.gov,(801) 785-5045,,,,,,,TRUE,1,https://www.pgcityutah.gov/government/mayor_council.php
Dianna Andersen,City Council Member,city,Pleasant Grove,,TRUE,INCUMBENT — not on 2026 ballot,,,,https://www.pgcityutah.gov/government/mayor_council.php,dandersen@pgcityutah.gov,(801) 785-5045,,,,,,,TRUE,2,https://www.pgcityutah.gov/government/mayor_council.php
Cyd LeMone,City Council Member,city,Pleasant Grove,,TRUE,INCUMBENT — not on 2026 ballot,,,,https://www.pgcityutah.gov/government/mayor_council.php,clemone@pgcityutah.gov,(801) 785-5045,,,,,,,TRUE,2,https://www.pgcityutah.gov/government/mayor_council.php
Steve Rogers,City Council Member,city,Pleasant Grove,,TRUE,INCUMBENT — not on 2026 ballot,,,,https://www.pgcityutah.gov/government/mayor_council.php,srogers@pgcityutah.gov,(801) 785-5045,,,,,,,TRUE,2,https://www.pgcityutah.gov/government/mayor_council.php
Todd Williams,City Council Member,city,Pleasant Grove,,TRUE,INCUMBENT — not on 2026 ballot,,,,https://www.pgcityutah.gov/government/mayor_council.php,twilliams@pgcityutah.gov,(801) 785-5045,,,,,,,TRUE,2,https://www.pgcityutah.gov/government/mayor_council.php
Dustin Phillips,City Council Member,city,Pleasant Grove,,TRUE,INCUMBENT — not on 2026 ballot,,,,https://www.pgcityutah.gov/government/mayor_council.php,dphillips@pgcityutah.gov,(801) 785-5045,,,,,,,TRUE,2,https://www.pgcityutah.gov/government/mayor_council.php
Brad Frost,Mayor,city,American Fork,,TRUE,INCUMBENT — not on 2026 ballot,,,,https://www.americanfork.gov/678/Mayor-City-Council,mayor@americanfork.gov,801-763-3000,,,,,,,TRUE,1,https://www.americanfork.gov/678/Mayor-City-Council (page shows older term dates; names match Jan 2026 swearing-in minutes per search)
Staci Carroll,City Council Member,city,American Fork,,TRUE,INCUMBENT — not on 2026 ballot,,,,https://www.americanfork.gov/678/Mayor-City-Council,scarroll@americanfork.gov,801-763-3000,,,,,,,TRUE,2,https://www.americanfork.gov/678/Mayor-City-Council (page shows older term dates; names match Jan 2026 swearing-in minutes per search)
Ryan Hunter,City Council Member,city,American Fork,,TRUE,INCUMBENT — not on 2026 ballot,,,,https://www.americanfork.gov/678/Mayor-City-Council,rhunter@americanfork.gov,801-763-3000,,,,,,,TRUE,2,https://www.americanfork.gov/678/Mayor-City-Council (page shows older term dates; names match Jan 2026 swearing-in minutes per search)
Clark Taylor,City Council Member,city,American Fork,,TRUE,INCUMBENT — not on 2026 ballot,,,,https://www.americanfork.gov/678/Mayor-City-Council,ctaylor@americanfork.gov,801-763-3000,,,,,,,TRUE,2,https://www.americanfork.gov/678/Mayor-City-Council (page shows older term dates; names match Jan 2026 swearing-in minutes per search)
Tim Holley,City Council Member,city,American Fork,,TRUE,INCUMBENT — not on 2026 ballot,,,,https://www.americanfork.gov/678/Mayor-City-Council,tholley@americanfork.gov,801-763-3000,,,,,,,TRUE,2,https://www.americanfork.gov/678/Mayor-City-Council (page shows older term dates; names match Jan 2026 swearing-in minutes per search)
Ernie John,City Council Member,city,American Fork,,TRUE,INCUMBENT — not on 2026 ballot,,,,https://www.americanfork.gov/678/Mayor-City-Council,ejohn@americanfork.gov,801-763-3000,,,,,,,TRUE,2,https://www.americanfork.gov/678/Mayor-City-Council (page shows older term dates; names match Jan 2026 swearing-in minutes per search)
Matt Packard,Mayor,city,Springville,,TRUE,INCUMBENT — not on 2026 ballot,,,,https://www.springvilleutah.gov/government/,,(801) 489-2700,,,,,,,TRUE,1,https://www.springvilleutah.gov/government/ (no individual emails shown; city phone only)
Logan Millsap,City Council Member,city,Springville,,TRUE,INCUMBENT — not on 2026 ballot,,,,https://www.springvilleutah.gov/government/,,(801) 489-2700,,,,,,,TRUE,2,https://www.springvilleutah.gov/government/ (no individual emails shown; city phone only)
Karen Ellingson,City Council Member,city,Springville,,TRUE,INCUMBENT — not on 2026 ballot,,,,https://www.springvilleutah.gov/government/,,(801) 489-2700,,,,,,,TRUE,2,https://www.springvilleutah.gov/government/ (no individual emails shown; city phone only)
Mike Snelson,City Council Member,city,Springville,,TRUE,INCUMBENT — not on 2026 ballot,,,,https://www.springvilleutah.gov/government/,,(801) 489-2700,,,,,,,TRUE,2,https://www.springvilleutah.gov/government/ (no individual emails shown; city phone only)
Jake Smith,City Council Member,city,Springville,,TRUE,INCUMBENT — not on 2026 ballot,,,,https://www.springvilleutah.gov/government/,,(801) 489-2700,,,,,,,TRUE,2,https://www.springvilleutah.gov/government/ (no individual emails shown; city phone only)
Mindi Wright,City Council Member,city,Springville,,TRUE,INCUMBENT — not on 2026 ballot,,,,https://www.springvilleutah.gov/government/,,(801) 489-2700,,,,,,,TRUE,2,https://www.springvilleutah.gov/government/ (no individual emails shown; city phone only)
William R. Wright,Mayor,city,Payson,,TRUE,INCUMBENT — not on 2026 ballot,,,,https://www.payson.org/,,,,,,,,,TRUE,1,"Search of 2026 council minutes (utah.gov/pmn); city site unreachable — names only, URL is homepage"
Brian Hulet,City Council Member,city,Payson,,TRUE,INCUMBENT — not on 2026 ballot,,,,https://www.payson.org/,,,,,,,,,TRUE,2,"Search of 2026 council minutes (utah.gov/pmn); city site unreachable — names only, URL is homepage"
Anne Moss,City Council Member,city,Payson,,TRUE,INCUMBENT — not on 2026 ballot,,,,https://www.payson.org/,,,,,,,,,TRUE,2,"Search of 2026 council minutes (utah.gov/pmn); city site unreachable — names only, URL is homepage"
Bob Provstgaard,City Council Member,city,Payson,,TRUE,INCUMBENT — not on 2026 ballot,,,,https://www.payson.org/,,,,,,,,,TRUE,2,"Search of 2026 council minutes (utah.gov/pmn); city site unreachable — names only, URL is homepage"
Ryan Rowley,City Council Member,city,Payson,,TRUE,INCUMBENT — not on 2026 ballot,,,,https://www.payson.org/,,,,,,,,,TRUE,2,"Search of 2026 council minutes (utah.gov/pmn); city site unreachable — names only, URL is homepage"
Lacee Smith,City Council Member,city,Payson,,TRUE,INCUMBENT — not on 2026 ballot,,,,https://www.payson.org/,,,,,,,,,TRUE,2,"Search of 2026 council minutes (utah.gov/pmn); city site unreachable — names only, URL is homepage"
Brittney P. Bills,Mayor,city,Highland,,TRUE,INCUMBENT — not on 2026 ballot,,,,https://www.highlandut.gov/Directory.aspx,mayor@highlandut.gov,801-756-5751,,,,,,,TRUE,1,Search of Highland oath-of-office Jan 6 2026 notices + staff directory (mayor email/phone); council page not retrieved
Ron Campbell,City Council Member,city,Highland,,TRUE,INCUMBENT — not on 2026 ballot,,,,https://www.highlandut.gov/Directory.aspx,,,,,,,,,TRUE,2,Search of Highland oath-of-office Jan 6 2026 notices + staff directory (mayor email/phone); council page not retrieved
Doug Cortney,City Council Member,city,Highland,,TRUE,INCUMBENT — not on 2026 ballot,,,,https://www.highlandut.gov/Directory.aspx,,,,,,,,,TRUE,2,Search of Highland oath-of-office Jan 6 2026 notices + staff directory (mayor email/phone); council page not retrieved
Liz Rice,City Council Member,city,Highland,,TRUE,INCUMBENT — not on 2026 ballot,,,,https://www.highlandut.gov/Directory.aspx,,,,,,,,,TRUE,2,Search of Highland oath-of-office Jan 6 2026 notices + staff directory (mayor email/phone); council page not retrieved
Kim Rodela,City Council Member,city,Highland,,TRUE,INCUMBENT — not on 2026 ballot,,,,https://www.highlandut.gov/Directory.aspx,,,,,,,,,TRUE,2,Search of Highland oath-of-office Jan 6 2026 notices + staff directory (mayor email/phone); council page not retrieved
Scott L. Smith,City Council Member,city,Highland,,TRUE,INCUMBENT — not on 2026 ballot,,,,https://www.highlandut.gov/Directory.aspx,,,,,,,,,TRUE,2,Search of Highland oath-of-office Jan 6 2026 notices + staff directory (mayor email/phone); council page not retrieved
Zack Stratton,Mayor,city,Vineyard,,TRUE,INCUMBENT — not on 2026 ballot,,,,https://www.vineyardutah.gov/government/city_council2.php,mayor@vineyardutah.gov,801.226.1929,,,,,,,TRUE,1,https://www.vineyardutah.gov/government/city_council2.php
Chip Price,City Council Member,city,Vineyard,,TRUE,INCUMBENT — not on 2026 ballot,,,,https://www.vineyardutah.gov/government/city_council2.php,chipp@vineyardutah.gov,801.226.1929,,,,,,,TRUE,2,https://www.vineyardutah.gov/government/city_council2.php
David Lauret,City Council Member,city,Vineyard,,TRUE,INCUMBENT — not on 2026 ballot,,,,https://www.vineyardutah.gov/government/city_council2.php,davidl@vineyardutah.gov,801.226.1929,,,,,,,TRUE,2,https://www.vineyardutah.gov/government/city_council2.php
Jacob Holdaway,City Council Member,city,Vineyard,,TRUE,INCUMBENT — not on 2026 ballot,,,,https://www.vineyardutah.gov/government/city_council2.php,jacobh@vineyardutah.gov,801.226.1929,,,,,,,TRUE,2,https://www.vineyardutah.gov/government/city_council2.php
Jacob Wood,City Council Member,city,Vineyard,,TRUE,INCUMBENT — not on 2026 ballot,,,,https://www.vineyardutah.gov/government/city_council2.php,jacobw@vineyardutah.gov,801.226.1929,,,,,,,TRUE,2,https://www.vineyardutah.gov/government/city_council2.php
Parker McCumber,City Council Member,city,Vineyard,,TRUE,INCUMBENT — not on 2026 ballot,,,,https://www.vineyardutah.gov/government/city_council2.php,parkerm@vineyardutah.gov,801.226.1929,,,,,,,TRUE,2,https://www.vineyardutah.gov/government/city_council2.php
Therin Garrett,Mayor,city,Mapleton,,TRUE,INCUMBENT — not on 2026 ballot,,,,https://www.mapleton.org/_government/mayor___city_council/index.php,,801-489-5655,,,,,,,TRUE,1,Mapleton city page (names) + 2026 council minutes; individual emails not shown on overview
Kasey Beck,City Council Member,city,Mapleton,,TRUE,INCUMBENT — not on 2026 ballot,,,,https://www.mapleton.org/_government/mayor___city_council/index.php,,801-489-5655,,,,,,,TRUE,2,Mapleton city page (names) + 2026 council minutes; individual emails not shown on overview
Melanie Bott,City Council Member,city,Mapleton,,TRUE,INCUMBENT — not on 2026 ballot,,,,https://www.mapleton.org/_government/mayor___city_council/index.php,,801-489-5655,,,,,,,TRUE,2,Mapleton city page (names) + 2026 council minutes; individual emails not shown on overview
Jessica Egbert,City Council Member,city,Mapleton,,TRUE,INCUMBENT — not on 2026 ballot,,,,https://www.mapleton.org/_government/mayor___city_council/index.php,,801-489-5655,,,,,,,TRUE,2,Mapleton city page (names) + 2026 council minutes; individual emails not shown on overview
Leslie Jones,City Council Member,city,Mapleton,,TRUE,INCUMBENT — not on 2026 ballot,,,,https://www.mapleton.org/_government/mayor___city_council/index.php,,801-489-5655,,,,,,,TRUE,2,Mapleton city page (names) + 2026 council minutes; individual emails not shown on overview
Jake Lake,City Council Member,city,Mapleton,,TRUE,INCUMBENT — not on 2026 ballot,,,,https://www.mapleton.org/_government/mayor___city_council/index.php,,801-489-5655,,,,,,,TRUE,2,Mapleton city page (names) + 2026 council minutes; individual emails not shown on overview
Carolyn Lundberg,Mayor,city,Lindon,,TRUE,INCUMBENT — not on 2026 ballot,,,,https://lindon.gov/171/City-Council,,801-785-5043,,,,,,,TRUE,1,"https://lindon.gov/171/City-Council (names only; page date unknown, not cross-checked for Jan 2026)"
Van Broderick,City Council Member,city,Lindon,,TRUE,INCUMBENT — not on 2026 ballot,,,,https://lindon.gov/171/City-Council,,801-785-5043,,,,,,,TRUE,2,"https://lindon.gov/171/City-Council (names only; page date unknown, not cross-checked for Jan 2026)"
Cole Hooley,City Council Member,city,Lindon,,TRUE,INCUMBENT — not on 2026 ballot,,,,https://lindon.gov/171/City-Council,,801-785-5043,,,,,,,TRUE,2,"https://lindon.gov/171/City-Council (names only; page date unknown, not cross-checked for Jan 2026)"
Jake Hoyt,City Council Member,city,Lindon,,TRUE,INCUMBENT — not on 2026 ballot,,,,https://lindon.gov/171/City-Council,,801-785-5043,,,,,,,TRUE,2,"https://lindon.gov/171/City-Council (names only; page date unknown, not cross-checked for Jan 2026)"
Lincoln Jacobs,City Council Member,city,Lindon,,TRUE,INCUMBENT — not on 2026 ballot,,,,https://lindon.gov/171/City-Council,,801-785-5043,,,,,,,TRUE,2,"https://lindon.gov/171/City-Council (names only; page date unknown, not cross-checked for Jan 2026)"
Steve Stewart,City Council Member,city,Lindon,,TRUE,INCUMBENT — not on 2026 ballot,,,,https://lindon.gov/171/City-Council,,801-785-5043,,,,,,,TRUE,2,"https://lindon.gov/171/City-Council (names only; page date unknown, not cross-checked for Jan 2026)"
Carla Merrill,Mayor,city,Alpine,,TRUE,INCUMBENT — not on 2026 ballot,,,,https://www.alpineut.gov/178/Mayor-City-Council,,801-756-6347,,,,,,,TRUE,1,https://www.alpineut.gov/178/Mayor-City-Council (only Rummler email listed; page date unknown)
Sarah Blackwell,City Council Member,city,Alpine,,TRUE,INCUMBENT — not on 2026 ballot,,,,https://www.alpineut.gov/178/Mayor-City-Council,,801-756-6347,,,,,,,TRUE,2,https://www.alpineut.gov/178/Mayor-City-Council (only Rummler email listed; page date unknown)
Chrissy Hannemann,City Council Member,city,Alpine,,TRUE,INCUMBENT — not on 2026 ballot,,,,https://www.alpineut.gov/178/Mayor-City-Council,,801-756-6347,,,,,,,TRUE,2,https://www.alpineut.gov/178/Mayor-City-Council (only Rummler email listed; page date unknown)
Brent Rummler,City Council Member,city,Alpine,,TRUE,INCUMBENT — not on 2026 ballot,,,,https://www.alpineut.gov/178/Mayor-City-Council,brummler@alpineut.gov,801-756-6347,,,,,,,TRUE,2,https://www.alpineut.gov/178/Mayor-City-Council (only Rummler email listed; page date unknown)
Jessica Smuin,City Council Member,city,Alpine,,TRUE,INCUMBENT — not on 2026 ballot,,,,https://www.alpineut.gov/178/Mayor-City-Council,,801-756-6347,,,,,,,TRUE,2,https://www.alpineut.gov/178/Mayor-City-Council (only Rummler email listed; page date unknown)
Andrew Young,City Council Member,city,Alpine,,TRUE,INCUMBENT — not on 2026 ballot,,,,https://www.alpineut.gov/178/Mayor-City-Council,,801-756-6347,,,,,,,TRUE,2,https://www.alpineut.gov/178/Mayor-City-Council (only Rummler email listed; page date unknown)
Rob Haddock,Mayor,city,Elk Ridge,,TRUE,INCUMBENT — not on 2026 ballot,,,,https://www.elkridgeutah.gov/city-government,Mayor@ElkRidgeCity.Org,801-423-2300,,,,,,,TRUE,1,https://www.elkridgeutah.gov/city-government (page date unknown)
Cory Thompson,City Council Member,city,Elk Ridge,,TRUE,INCUMBENT — not on 2026 ballot,,,,https://www.elkridgeutah.gov/city-government,CoryT@ElkRidgeCity.org,801-423-2300,,,,,,,TRUE,2,https://www.elkridgeutah.gov/city-government (page date unknown)
Jared Peterson,City Council Member,city,Elk Ridge,,TRUE,INCUMBENT — not on 2026 ballot,,,,https://www.elkridgeutah.gov/city-government,JaredP@ElkRidgeCity.Org,801-423-2300,,,,,,,TRUE,2,https://www.elkridgeutah.gov/city-government (page date unknown)
Melanie Paxton,City Council Member,city,Elk Ridge,,TRUE,INCUMBENT — not on 2026 ballot,,,,https://www.elkridgeutah.gov/city-government,M.Paxton@ElkRidgeCity.Org,801-423-2300,,,,,,,TRUE,2,https://www.elkridgeutah.gov/city-government (page date unknown)
Charles Wixom,City Council Member,city,Elk Ridge,,TRUE,INCUMBENT — not on 2026 ballot,,,,https://www.elkridgeutah.gov/city-government,C.Wixom@ElkRidgeCity.org,801-423-2300,,,,,,,TRUE,2,https://www.elkridgeutah.gov/city-government (page date unknown)
Tanya Willis,City Council Member,city,Elk Ridge,,TRUE,INCUMBENT — not on 2026 ballot,,,,https://www.elkridgeutah.gov/city-government,T.Willis@ElkRidgeCity.Org,801-423-2300,,,,,,,TRUE,2,https://www.elkridgeutah.gov/city-government (page date unknown)
Neil Brown,Mayor,city,Genola,,TRUE,INCUMBENT — not on 2026 ballot,,,,https://genolaut.gov/town-officials,,(801) 754-5300,,,,,,,TRUE,1,"https://genolaut.gov/town-officials (emails obfuscated, omitted; page date unknown)"
Curtis Thomas,Town Council Member,city,Genola,,TRUE,INCUMBENT — not on 2026 ballot,,,,https://genolaut.gov/town-officials,,(801) 754-5300,,,,,,,TRUE,2,"https://genolaut.gov/town-officials (emails obfuscated, omitted; page date unknown)"
Chad Coburn,Town Council Member,city,Genola,,TRUE,INCUMBENT — not on 2026 ballot,,,,https://genolaut.gov/town-officials,,(801) 754-5300,,,,,,,TRUE,2,"https://genolaut.gov/town-officials (emails obfuscated, omitted; page date unknown)"
Grant Lundberg,Town Council Member,city,Genola,,TRUE,INCUMBENT — not on 2026 ballot,,,,https://genolaut.gov/town-officials,,(801) 754-5300,,,,,,,TRUE,2,"https://genolaut.gov/town-officials (emails obfuscated, omitted; page date unknown)"
Brenan Jackson,Town Council Member,city,Genola,,TRUE,INCUMBENT — not on 2026 ballot,,,,https://genolaut.gov/town-officials,,(801) 754-5300,,,,,,,TRUE,2,"https://genolaut.gov/town-officials (emails obfuscated, omitted; page date unknown)"
Joy Petro,Mayor,city,Layton,,TRUE,INCUMBENT — not on 2026 ballot,,,,https://www.laytoncityutah.gov/LC/Government/CouncilMembers,jpetro@laytoncityutah.gov,(801) 544-9612,,,,,,,TRUE,1,"https://www.laytoncityutah.gov/LC/Content/JSON/CouncilMembers.json ; https://www.laytoncityutah.gov/LC/Content/JSON/Mayor.json (city site data; seats are at-large, no seat numbers)"
Zach Bloxham,City Council Member,city,Layton,,TRUE,INCUMBENT — not on 2026 ballot,,,,https://www.laytoncityutah.gov/LC/Government/CouncilMembers,zbloxham@laytoncityutah.gov,(801) 814-4280,,,,,,,TRUE,2,"https://www.laytoncityutah.gov/LC/Content/JSON/CouncilMembers.json ; https://www.laytoncityutah.gov/LC/Content/JSON/Mayor.json (city site data; seats are at-large, no seat numbers)"
Bettina Smith Edmondson,City Council Member,city,Layton,,TRUE,INCUMBENT — not on 2026 ballot,,,,https://www.laytoncityutah.gov/LC/Government/CouncilMembers,bedmondson@laytoncityutah.gov,(385) 895-2248,,,,,,,TRUE,2,"https://www.laytoncityutah.gov/LC/Content/JSON/CouncilMembers.json ; https://www.laytoncityutah.gov/LC/Content/JSON/Mayor.json (city site data; seats are at-large, no seat numbers)"
Mike Kolendrianos,City Council Member,city,Layton,,TRUE,INCUMBENT — not on 2026 ballot,,,,https://www.laytoncityutah.gov/LC/Government/CouncilMembers,mkolendrianos@laytoncityutah.gov,(801) 725-1928,,,,,,,TRUE,2,"https://www.laytoncityutah.gov/LC/Content/JSON/CouncilMembers.json ; https://www.laytoncityutah.gov/LC/Content/JSON/Mayor.json (city site data; seats are at-large, no seat numbers)"
Clint Morris,City Council Member,city,Layton,,TRUE,INCUMBENT — not on 2026 ballot,,,,https://www.laytoncityutah.gov/LC/Government/CouncilMembers,cmorris@laytoncityutah.gov,(801) 721-4420,,,,,,,TRUE,2,"https://www.laytoncityutah.gov/LC/Content/JSON/CouncilMembers.json ; https://www.laytoncityutah.gov/LC/Content/JSON/Mayor.json (city site data; seats are at-large, no seat numbers)"
Dave Thomas,City Council Member,city,Layton,,TRUE,INCUMBENT — not on 2026 ballot,,,,https://www.laytoncityutah.gov/LC/Government/CouncilMembers,dthomas@laytoncityutah.gov,(801) 499-1860,,,,,,,TRUE,2,"https://www.laytoncityutah.gov/LC/Content/JSON/CouncilMembers.json ; https://www.laytoncityutah.gov/LC/Content/JSON/Mayor.json (city site data; seats are at-large, no seat numbers)"
Kate Bradshaw,Mayor,city,Bountiful,,TRUE,INCUMBENT — not on 2026 ballot,,,,https://www.bountiful.gov/172/Mayor-City-Council,kbradshaw@bountiful.gov,801-599-9017,,,,,,,TRUE,1,https://www.bountiful.gov/172/Mayor-City-Council (emails from page mailto links)
Dan Bell,City Council Member,city,Bountiful,,TRUE,INCUMBENT — not on 2026 ballot,,,,https://www.bountiful.gov/172/Mayor-City-Council,dbell@bountiful.gov,801-896-7388,,,,,,,TRUE,2,https://www.bountiful.gov/172/Mayor-City-Council (emails from page mailto links)
Millie Segura Bahr,City Council Member,city,Bountiful,,TRUE,INCUMBENT — not on 2026 ballot,,,,https://www.bountiful.gov/172/Mayor-City-Council,mbahr@bountiful.gov,801-935-1409,,,,,,,TRUE,2,https://www.bountiful.gov/172/Mayor-City-Council (emails from page mailto links)
Beth Child,City Council Member,city,Bountiful,,TRUE,INCUMBENT — not on 2026 ballot,,,,https://www.bountiful.gov/172/Mayor-City-Council,bchild@bountiful.gov,801-712-1638,,,,,,,TRUE,2,https://www.bountiful.gov/172/Mayor-City-Council (emails from page mailto links)
Matt Murri,City Council Member,city,Bountiful,,TRUE,INCUMBENT — not on 2026 ballot,,,,https://www.bountiful.gov/172/Mayor-City-Council,mattmurri@bountiful.gov,801-510-8210,,,,,,,TRUE,2,https://www.bountiful.gov/172/Mayor-City-Council (emails from page mailto links)
Richard Higginson,City Council Member,city,Bountiful,,TRUE,INCUMBENT — not on 2026 ballot,,,,https://www.bountiful.gov/172/Mayor-City-Council,rhigginson@bountiful.gov,801-554-5173,,,,,,,TRUE,2,https://www.bountiful.gov/172/Mayor-City-Council (emails from page mailto links)
Dave Maughan,Mayor,city,Syracuse,,TRUE,INCUMBENT — not on 2026 ballot,,,,https://www.syracuseut.gov/258/City-Council,,801-825-1477,,,,,,,TRUE,1,https://www.syracuseut.gov/258/City-Council ; no individual emails/phones published; phone is City Hall main line
Julie Robertson,City Council Member,city,Syracuse,,TRUE,INCUMBENT — not on 2026 ballot,,,,https://www.syracuseut.gov/258/City-Council,,801-825-1477,,,,,,,TRUE,2,https://www.syracuseut.gov/258/City-Council ; no individual emails/phones published; phone is City Hall main line
Paul Watson,City Council Member,city,Syracuse,,TRUE,INCUMBENT — not on 2026 ballot,,,,https://www.syracuseut.gov/258/City-Council,,801-825-1477,,,,,,,TRUE,2,https://www.syracuseut.gov/258/City-Council ; no individual emails/phones published; phone is City Hall main line
Brett Cragun,City Council Member,city,Syracuse,,TRUE,INCUMBENT — not on 2026 ballot,,,,https://www.syracuseut.gov/258/City-Council,,801-825-1477,,,,,,,TRUE,2,https://www.syracuseut.gov/258/City-Council ; no individual emails/phones published; phone is City Hall main line
Abraham Pollard,City Council Member,city,Syracuse,,TRUE,INCUMBENT — not on 2026 ballot,,,,https://www.syracuseut.gov/258/City-Council,,801-825-1477,,,,,,,TRUE,2,https://www.syracuseut.gov/258/City-Council ; no individual emails/phones published; phone is City Hall main line
Andrea Brown,City Council Member,city,Syracuse,,TRUE,INCUMBENT — not on 2026 ballot,,,,https://www.syracuseut.gov/258/City-Council,,801-825-1477,,,,,,,TRUE,2,https://www.syracuseut.gov/258/City-Council ; no individual emails/phones published; phone is City Hall main line
Mark Shepherd,Mayor,city,Clearfield,,TRUE,INCUMBENT — not on 2026 ballot,,,,https://clearfield.city/government/city-council/,mark.shepherd@clearfieldcityut.gov,801-540-0348,,,,,,,TRUE,1,https://clearfield.city/government/city-council/
Danielle King,City Council Member,city,Clearfield,,TRUE,INCUMBENT — not on 2026 ballot,,,,https://clearfield.city/government/city-council/,danielle.king@clearfieldcityut.gov,(407) 590-7505,,,,,,,TRUE,2,https://clearfield.city/government/city-council/
Karece Thompson,City Council Member,city,Clearfield,,TRUE,INCUMBENT — not on 2026 ballot,,,,https://clearfield.city/government/city-council/,karece.thompson@clearfieldcityut.gov,385-383-5600,,,,,,,TRUE,2,https://clearfield.city/government/city-council/
Dakota Wurth,City Council Member,city,Clearfield,,TRUE,INCUMBENT — not on 2026 ballot,,,,https://clearfield.city/government/city-council/,dakota.wurth@clearfieldcityut.gov,801-721-8498,,,,,,,TRUE,2,https://clearfield.city/government/city-council/
Megan Ratchford,City Council Member,city,Clearfield,,TRUE,INCUMBENT — not on 2026 ballot,,,,https://clearfield.city/government/city-council/,megan.ratchford@clearfieldcityut.gov,717-676-5212,,,,,,,TRUE,2,https://clearfield.city/government/city-council/
Nike Peterson,City Council Member,city,Clearfield,,TRUE,INCUMBENT — not on 2026 ballot,,,,https://clearfield.city/government/city-council/,nike.peterson@clearfieldcityut.gov,801-332-0323,,,,,,,TRUE,2,https://clearfield.city/government/city-council/
Tamara Tran,Mayor,city,Kaysville,,TRUE,INCUMBENT — not on 2026 ballot,,,,https://kaysville.gov/337/Mayor-City-Council,,801-546-1235,,,,,,,TRUE,1,https://kaysville.gov/337/Mayor-City-Council ; no individual emails/phones; phone is City Offices main line
John Swan Adams,City Council Member,city,Kaysville,,TRUE,INCUMBENT — not on 2026 ballot,,,,https://kaysville.gov/337/Mayor-City-Council,,801-546-1235,,,,,,,TRUE,2,https://kaysville.gov/337/Mayor-City-Council ; no individual emails/phones; phone is City Offices main line
Mike Blackham,City Council Member,city,Kaysville,,TRUE,INCUMBENT — not on 2026 ballot,,,,https://kaysville.gov/337/Mayor-City-Council,,801-546-1235,,,,,,,TRUE,2,https://kaysville.gov/337/Mayor-City-Council ; no individual emails/phones; phone is City Offices main line
Abbigayle Hunt,City Council Member,city,Kaysville,,TRUE,INCUMBENT — not on 2026 ballot,,,,https://kaysville.gov/337/Mayor-City-Council,,801-546-1235,,,,,,,TRUE,2,https://kaysville.gov/337/Mayor-City-Council ; no individual emails/phones; phone is City Offices main line
Nate Jackson,City Council Member,city,Kaysville,,TRUE,INCUMBENT — not on 2026 ballot,,,,https://kaysville.gov/337/Mayor-City-Council,,801-546-1235,,,,,,,TRUE,2,https://kaysville.gov/337/Mayor-City-Council ; no individual emails/phones; phone is City Offices main line
Joshua McBride,City Council Member,city,Kaysville,,TRUE,INCUMBENT — not on 2026 ballot,,,,https://kaysville.gov/337/Mayor-City-Council,,801-546-1235,,,,,,,TRUE,2,https://kaysville.gov/337/Mayor-City-Council ; no individual emails/phones; phone is City Offices main line
Brett Anderson,Mayor,city,Farmington,,TRUE,INCUMBENT — not on 2026 ballot,,,,https://www.farmington.utah.gov/174/Mayor-City-Council,banderson@farmington.utah.gov,801-451-2383,,,,,,,TRUE,1,https://www.farmington.utah.gov/174/Mayor-City-Council (emails decoded from page links); phone is City Office main line
Roger Child,City Council Member,city,Farmington,,TRUE,INCUMBENT — not on 2026 ballot,,,,https://www.farmington.utah.gov/174/Mayor-City-Council,rchild@farmington.utah.gov,801-451-2383,,,,,,,TRUE,2,https://www.farmington.utah.gov/174/Mayor-City-Council (emails decoded from page links); phone is City Office main line
Scott Isaacson,City Council Member,city,Farmington,,TRUE,INCUMBENT — not on 2026 ballot,,,,https://www.farmington.utah.gov/174/Mayor-City-Council,sisaacson@farmington.utah.gov,801-451-2383,,,,,,,TRUE,2,https://www.farmington.utah.gov/174/Mayor-City-Council (emails decoded from page links); phone is City Office main line
Melissa Layton,City Council Member,city,Farmington,,TRUE,INCUMBENT — not on 2026 ballot,,,,https://www.farmington.utah.gov/174/Mayor-City-Council,mlayton@farmington.utah.gov,801-451-2383,,,,,,,TRUE,2,https://www.farmington.utah.gov/174/Mayor-City-Council (emails decoded from page links); phone is City Office main line
Kristen Sherlock,City Council Member,city,Farmington,,TRUE,INCUMBENT — not on 2026 ballot,,,,https://www.farmington.utah.gov/174/Mayor-City-Council,ksherlock@farmington.utah.gov,801-451-2383,,,,,,,TRUE,2,https://www.farmington.utah.gov/174/Mayor-City-Council (emails decoded from page links); phone is City Office main line
Amy Shumway,City Council Member,city,Farmington,,TRUE,INCUMBENT — not on 2026 ballot,,,,https://www.farmington.utah.gov/174/Mayor-City-Council,ashumway@farmington.utah.gov,801-451-2383,,,,,,,TRUE,2,https://www.farmington.utah.gov/174/Mayor-City-Council (emails decoded from page links); phone is City Office main line
Marie Dougherty,Mayor,city,Clinton,,TRUE,INCUMBENT — not on 2026 ballot,,,,https://clintoncity.net/2156/Mayor-City-Council,mdougherty@clinton.utah.gov,(801) 784-0334,,,,,,,TRUE,1,https://clintoncity.net/2156/Mayor-City-Council ; only mayor email published; council phone is City Hall main line
Dane Searle,City Council Member,city,Clinton,,TRUE,INCUMBENT — not on 2026 ballot,,,,https://clintoncity.net/2156/Mayor-City-Council,,(801) 614-0700,,,,,,,TRUE,2,https://clintoncity.net/2156/Mayor-City-Council ; only mayor email published; council phone is City Hall main line
Spencer Arave,City Council Member,city,Clinton,,TRUE,INCUMBENT — not on 2026 ballot,,,,https://clintoncity.net/2156/Mayor-City-Council,,(801) 614-0700,,,,,,,TRUE,2,https://clintoncity.net/2156/Mayor-City-Council ; only mayor email published; council phone is City Hall main line
Jennifer Christensen,City Council Member,city,Clinton,,TRUE,INCUMBENT — not on 2026 ballot,,,,https://clintoncity.net/2156/Mayor-City-Council,,(801) 614-0700,,,,,,,TRUE,2,https://clintoncity.net/2156/Mayor-City-Council ; only mayor email published; council phone is City Hall main line
Adam Larsen,City Council Member,city,Clinton,,TRUE,INCUMBENT — not on 2026 ballot,,,,https://clintoncity.net/2156/Mayor-City-Council,,(801) 614-0700,,,,,,,TRUE,2,https://clintoncity.net/2156/Mayor-City-Council ; only mayor email published; council phone is City Hall main line
Chris Danson,City Council Member,city,Clinton,,TRUE,INCUMBENT — not on 2026 ballot,,,,https://clintoncity.net/2156/Mayor-City-Council,,(801) 614-0700,,,,,,,TRUE,2,https://clintoncity.net/2156/Mayor-City-Council ; only mayor email published; council phone is City Hall main line
Brian Horrocks,Mayor,city,North Salt Lake,,TRUE,INCUMBENT — not on 2026 ballot,,,,https://nslcity.org/111/Mayor-City-Council,Mayor@nslcity.gov,801-540-7886,,,,,,,TRUE,1,https://nslcity.org/111/Mayor-City-Council
Tammy Clayton,City Council Member,city,North Salt Lake,,TRUE,INCUMBENT — not on 2026 ballot,,,,https://nslcity.org/111/Mayor-City-Council,tammy.clayton@nslcity.gov,801-979-5568,,,,,,,TRUE,2,https://nslcity.org/111/Mayor-City-Council
Suzette Jackson,City Council Member,city,North Salt Lake,,TRUE,INCUMBENT — not on 2026 ballot,,,,https://nslcity.org/111/Mayor-City-Council,suzette.jackson@nslcity.gov,801-668-6468,,,,,,,TRUE,2,https://nslcity.org/111/Mayor-City-Council
Ted Knowlton,City Council Member,city,North Salt Lake,,TRUE,INCUMBENT — not on 2026 ballot,,,,https://nslcity.org/111/Mayor-City-Council,ted.knowlton@nslcity.gov,801-425-3534,,,,,,,TRUE,2,https://nslcity.org/111/Mayor-City-Council
Heidi Smoot,City Council Member,city,North Salt Lake,,TRUE,INCUMBENT — not on 2026 ballot,,,,https://nslcity.org/111/Mayor-City-Council,heidi.smoot@nslcity.gov,(801) 335-8700,,,,,,,TRUE,2,https://nslcity.org/111/Mayor-City-Council
Alisa Van Langeveld,City Council Member,city,North Salt Lake,,TRUE,INCUMBENT — not on 2026 ballot,,,,https://nslcity.org/111/Mayor-City-Council,alisa.vanlangeveld@nslcity.gov,801-335-8700,,,,,,,TRUE,2,https://nslcity.org/111/Mayor-City-Council
Clark Wilkinson,Mayor,city,Centerville,,TRUE,INCUMBENT — not on 2026 ballot,,,,https://www.centervilleutah.gov/your-government/mayor-and-council/,,801-295-3477,,,,,,,TRUE,1,https://www.centervilleutah.gov/your-government/mayor-and-council/ ; no individual emails/phones published on page; phone is City main line
Gina Hirst,City Council Member,city,Centerville,,TRUE,INCUMBENT — not on 2026 ballot,,,,https://www.centervilleutah.gov/your-government/mayor-and-council/,,801-295-3477,,,,,,,TRUE,2,https://www.centervilleutah.gov/your-government/mayor-and-council/ ; no individual emails/phones published on page; phone is City main line
Cheylynn Hayman,City Council Member,city,Centerville,,TRUE,INCUMBENT — not on 2026 ballot,,,,https://www.centervilleutah.gov/your-government/mayor-and-council/,,801-295-3477,,,,,,,TRUE,2,https://www.centervilleutah.gov/your-government/mayor-and-council/ ; no individual emails/phones published on page; phone is City main line
Brian Plummer,City Council Member,city,Centerville,,TRUE,INCUMBENT — not on 2026 ballot,,,,https://www.centervilleutah.gov/your-government/mayor-and-council/,,801-295-3477,,,,,,,TRUE,2,https://www.centervilleutah.gov/your-government/mayor-and-council/ ; no individual emails/phones published on page; phone is City main line
Robyn Mecham,City Council Member,city,Centerville,,TRUE,INCUMBENT — not on 2026 ballot,,,,https://www.centervilleutah.gov/your-government/mayor-and-council/,,801-295-3477,,,,,,,TRUE,2,https://www.centervilleutah.gov/your-government/mayor-and-council/ ; no individual emails/phones published on page; phone is City main line
Rick Bangerter,City Council Member,city,Centerville,,TRUE,INCUMBENT — not on 2026 ballot,,,,https://www.centervilleutah.gov/your-government/mayor-and-council/,,801-295-3477,,,,,,,TRUE,2,https://www.centervilleutah.gov/your-government/mayor-and-council/ ; no individual emails/phones published on page; phone is City main line
Brian Vincent,Mayor,city,West Point,,TRUE,INCUMBENT — not on 2026 ballot,,,,https://www.westpointutah.gov/223/City-Council-Mayor,brian.vincent@westpointutah.gov,801-776-0970,,,,,,,TRUE,1,https://www.westpointutah.gov/223/City-Council-Mayor (emails from page mailto links); phone is City Hall main line
Jerry Chatterton,City Council Member,city,West Point,,TRUE,INCUMBENT — not on 2026 ballot,,,,https://www.westpointutah.gov/223/City-Council-Mayor,jerry.chatterton@westpointutah.gov,801-776-0970,,,,,,,TRUE,2,https://www.westpointutah.gov/223/City-Council-Mayor (emails from page mailto links); phone is City Hall main line
Annette Judd,City Council Member,city,West Point,,TRUE,INCUMBENT — not on 2026 ballot,,,,https://www.westpointutah.gov/223/City-Council-Mayor,ajudd@westpointutah.gov,801-776-0970,,,,,,,TRUE,2,https://www.westpointutah.gov/223/City-Council-Mayor (emails from page mailto links); phone is City Hall main line
Michele Swenson,City Council Member,city,West Point,,TRUE,INCUMBENT — not on 2026 ballot,,,,https://www.westpointutah.gov/223/City-Council-Mayor,michele.swenson@westpointutah.gov,801-776-0970,,,,,,,TRUE,2,https://www.westpointutah.gov/223/City-Council-Mayor (emails from page mailto links); phone is City Hall main line
Trent Yarbrough,City Council Member,city,West Point,,TRUE,INCUMBENT — not on 2026 ballot,,,,https://www.westpointutah.gov/223/City-Council-Mayor,trent.yarbrough@westpointutah.gov,801-776-0970,,,,,,,TRUE,2,https://www.westpointutah.gov/223/City-Council-Mayor (emails from page mailto links); phone is City Hall main line
Jeremy Strong,City Council Member,city,West Point,,TRUE,INCUMBENT — not on 2026 ballot,,,,https://www.westpointutah.gov/223/City-Council-Mayor,jeremy.strong@westpointutah.gov,801-776-0970,,,,,,,TRUE,2,https://www.westpointutah.gov/223/City-Council-Mayor (emails from page mailto links); phone is City Hall main line
Rod Westbroek,Mayor,city,South Weber,,TRUE,INCUMBENT — not on 2026 ballot,,,,https://southwebercity.gov/government/mayor-and-city-council/,rwestbroek@southwebercity.gov,801-479-3177 ext 2220,,,,,,,TRUE,1,https://southwebercity.gov/government/mayor-and-city-council/ ; council phone is City main line
Blair Halverson,City Council Member,city,South Weber,,TRUE,INCUMBENT — not on 2026 ballot,,,,https://southwebercity.gov/government/mayor-and-city-council/,bhalverson@southwebercity.gov,801-479-3177,,,,,,,TRUE,2,https://southwebercity.gov/government/mayor-and-city-council/ ; council phone is City main line
Angie Petty,City Council Member,city,South Weber,,TRUE,INCUMBENT — not on 2026 ballot,,,,https://southwebercity.gov/government/mayor-and-city-council/,apetty@southwebercity.gov,801-479-3177,,,,,,,TRUE,2,https://southwebercity.gov/government/mayor-and-city-council/ ; council phone is City main line
Joel Dills,City Council Member,city,South Weber,,TRUE,INCUMBENT — not on 2026 ballot,,,,https://southwebercity.gov/government/mayor-and-city-council/,jdills@southwebercity.gov,801-479-3177,,,,,,,TRUE,2,https://southwebercity.gov/government/mayor-and-city-council/ ; council phone is City main line
Jeremy Davis,City Council Member,city,South Weber,,TRUE,INCUMBENT — not on 2026 ballot,,,,https://southwebercity.gov/government/mayor-and-city-council/,jdavis@southwebercity.gov,801-479-3177,,,,,,,TRUE,2,https://southwebercity.gov/government/mayor-and-city-council/ ; council phone is City main line
Wayne Winsor,City Council Member,city,South Weber,,TRUE,INCUMBENT — not on 2026 ballot,,,,https://southwebercity.gov/government/mayor-and-city-council/,wwinsor@southwebercity.gov,801-479-3177,,,,,,,TRUE,2,https://southwebercity.gov/government/mayor-and-city-council/ ; council phone is City main line
Jeanne Groberg,Mayor,city,Fruit Heights,,TRUE,INCUMBENT — not on 2026 ballot,,,,https://www.fruitheights.gov/345/Meet-Your-Council,jgroberg@fruitheights.gov,801-635-9053,,,,,,,TRUE,1,https://www.fruitheights.gov/345/Meet-Your-Council
Gary Anderson,City Council Member,city,Fruit Heights,,TRUE,INCUMBENT — not on 2026 ballot,,,,https://www.fruitheights.gov/345/Meet-Your-Council,ganderson@fruitheights.gov,801-739-3665,,,,,,,TRUE,2,https://www.fruitheights.gov/345/Meet-Your-Council
Mark Cottrell,City Council Member,city,Fruit Heights,,TRUE,INCUMBENT — not on 2026 ballot,,,,https://www.fruitheights.gov/345/Meet-Your-Council,mcottrell@fruitheights.gov,502-758-4011,,,,,,,TRUE,2,https://www.fruitheights.gov/345/Meet-Your-Council
David Hale,City Council Member,city,Fruit Heights,,TRUE,INCUMBENT — not on 2026 ballot,,,,https://www.fruitheights.gov/345/Meet-Your-Council,dhale@fruitheights.gov,801-870-0418,,,,,,,TRUE,2,https://www.fruitheights.gov/345/Meet-Your-Council
Eileen Moss,City Council Member,city,Fruit Heights,,TRUE,INCUMBENT — not on 2026 ballot,,,,https://www.fruitheights.gov/345/Meet-Your-Council,emoss@fruitheights.gov,801-721-9375,,,,,,,TRUE,2,https://www.fruitheights.gov/345/Meet-Your-Council
Blake Winslow,City Council Member,city,Fruit Heights,,TRUE,INCUMBENT — not on 2026 ballot,,,,https://www.fruitheights.gov/345/Meet-Your-Council,bwinslow@fruitheights.gov,801-819-9917,,,,,,,TRUE,2,https://www.fruitheights.gov/345/Meet-Your-Council
Kenneth Romney,Mayor,city,West Bountiful,,TRUE,INCUMBENT — not on 2026 ballot,,,,https://wbcityut.gov/city-council/,kenr@gramoll.com,(801) 312-9805,,,,,,,TRUE,1,https://wbcityut.gov/city-council/ ; https://wbcityut.gov/mayor/ ; emails as published on page (some are personal/work addresses); page lists Kelly Enquist term 2014-2025 so may be stale
James Ahlstrom,City Council Member,city,West Bountiful,,TRUE,INCUMBENT — not on 2026 ballot,,,,https://wbcityut.gov/city-council/,JAhlstrom@parrbrown.com,(801) 694-2496,,,,,,,TRUE,2,https://wbcityut.gov/city-council/ ; https://wbcityut.gov/mayor/ ; emails as published on page (some are personal/work addresses); page lists Kelly Enquist term 2014-2025 so may be stale
Dell Butterfield,City Council Member,city,West Bountiful,,TRUE,INCUMBENT — not on 2026 ballot,,,,https://wbcityut.gov/city-council/,Dbutterfield@wbcityut.gov,(801) 541-2450,,,,,,,TRUE,2,https://wbcityut.gov/city-council/ ; https://wbcityut.gov/mayor/ ; emails as published on page (some are personal/work addresses); page lists Kelly Enquist term 2014-2025 so may be stale
Kelly Enquist,City Council Member,city,West Bountiful,,TRUE,INCUMBENT — not on 2026 ballot,,,,https://wbcityut.gov/city-council/,KellyEnquist@yahoo.com,(801) 292-1234,,,,,,,TRUE,2,https://wbcityut.gov/city-council/ ; https://wbcityut.gov/mayor/ ; emails as published on page (some are personal/work addresses); page lists Kelly Enquist term 2014-2025 so may be stale
Jenn Nielsen,City Council Member,city,West Bountiful,,TRUE,INCUMBENT — not on 2026 ballot,,,,https://wbcityut.gov/city-council/,jnjnielsen696@gmail.com,801-671-2669,,,,,,,TRUE,2,https://wbcityut.gov/city-council/ ; https://wbcityut.gov/mayor/ ; emails as published on page (some are personal/work addresses); page lists Kelly Enquist term 2014-2025 so may be stale
Julie Thompson,City Council Member,city,West Bountiful,,TRUE,INCUMBENT — not on 2026 ballot,,,,https://wbcityut.gov/city-council/,JulieT@wbcityut.gov,(801) 698-1920,,,,,,,TRUE,2,https://wbcityut.gov/city-council/ ; https://wbcityut.gov/mayor/ ; emails as published on page (some are personal/work addresses); page lists Kelly Enquist term 2014-2025 so may be stale
Pat Argyle,Mayor,city,Garden City,,TRUE,INCUMBENT — not on 2026 ballot,,,,https://www.gardencityutah.gov/council,pata@gardencityutah.gov,435-757-4576,,,,,,,TRUE,1,https://www.gardencityutah.gov/council ; phone is Town office main line; Ken Hansen email published with typo (gardedncityutah.gov) so left blank
Ken Hansen,City Council Member,city,Garden City,,TRUE,INCUMBENT — not on 2026 ballot,,,,https://www.gardencityutah.gov/council,,(435) 946-2901,,,,,,,TRUE,2,https://www.gardencityutah.gov/council ; phone is Town office main line; Ken Hansen email published with typo (gardedncityutah.gov) so left blank
Dan R. Larsen,City Council Member,city,Garden City,,TRUE,INCUMBENT — not on 2026 ballot,,,,https://www.gardencityutah.gov/council,danl@gardencityutah.gov,(435) 946-2901,,,,,,,TRUE,2,https://www.gardencityutah.gov/council ; phone is Town office main line; Ken Hansen email published with typo (gardedncityutah.gov) so left blank
Susann House,City Council Member,city,Garden City,,TRUE,INCUMBENT — not on 2026 ballot,,,,https://www.gardencityutah.gov/council,susannh@gardencityutah.gov,(435) 946-2901,,,,,,,TRUE,2,https://www.gardencityutah.gov/council ; phone is Town office main line; Ken Hansen email published with typo (gardedncityutah.gov) so left blank
"James ""Brad"" Davis",City Council Member,city,Garden City,,TRUE,INCUMBENT — not on 2026 ballot,,,,https://www.gardencityutah.gov/council,bradd@gardencityutah.gov,(435) 946-2901,,,,,,,TRUE,2,https://www.gardencityutah.gov/council ; phone is Town office main line; Ken Hansen email published with typo (gardedncityutah.gov) so left blank
Brandon Willis,Mayor,city,Laketown,,TRUE,INCUMBENT — not on 2026 ballot,,,,https://laketown.utah.gov/government/,bwillis@laketown.utah.gov,(435) 946-9000,,,,,,,TRUE,1,https://laketown.utah.gov/government/ ; https://laketown.utah.gov/contact/ ; only 4 council members listed on page; council phone is town main line
Kris Hodges,Town Council Member,city,Laketown,,TRUE,INCUMBENT — not on 2026 ballot,,,,https://laketown.utah.gov/government/,,(435) 946-9000,,,,,,,TRUE,2,https://laketown.utah.gov/government/ ; https://laketown.utah.gov/contact/ ; only 4 council members listed on page; council phone is town main line
Burdette Weston,Town Council Member,city,Laketown,,TRUE,INCUMBENT — not on 2026 ballot,,,,https://laketown.utah.gov/government/,,(435) 946-9000,,,,,,,TRUE,2,https://laketown.utah.gov/government/ ; https://laketown.utah.gov/contact/ ; only 4 council members listed on page; council phone is town main line
Denise Johnson,Town Council Member,city,Laketown,,TRUE,INCUMBENT — not on 2026 ballot,,,,https://laketown.utah.gov/government/,,(435) 946-9000,,,,,,,TRUE,2,https://laketown.utah.gov/government/ ; https://laketown.utah.gov/contact/ ; only 4 council members listed on page; council phone is town main line
Kirsten Gash,Town Council Member,city,Laketown,,TRUE,INCUMBENT — not on 2026 ballot,,,,https://laketown.utah.gov/government/,,(435) 946-9000,,,,,,,TRUE,2,https://laketown.utah.gov/government/ ; https://laketown.utah.gov/contact/ ; only 4 council members listed on page; council phone is town main line
Aaron Rudie,Mayor,city,Smithfield,,TRUE,INCUMBENT — not on 2026 ballot,,,,https://smithfieldutah.gov/201/City-Council,arudie@smithfieldutah.gov,(435) 770-8259,,,,,,,TRUE,1,https://smithfieldutah.gov/201/City-Council (emails from mailto links in page order)
Jay Downs,City Council Member,city,Smithfield,,TRUE,INCUMBENT — not on 2026 ballot,,,,https://smithfieldutah.gov/201/City-Council,jdowns@smithfieldutah.gov,(435) 757-1579,,,,,,,TRUE,2,https://smithfieldutah.gov/201/City-Council (emails from mailto links in page order)
John Engler,City Council Member,city,Smithfield,,TRUE,INCUMBENT — not on 2026 ballot,,,,https://smithfieldutah.gov/201/City-Council,jengler@smithfieldutah.gov,(435) 881-6506,,,,,,,TRUE,3,https://smithfieldutah.gov/201/City-Council (emails from mailto links in page order)
Chris Olsen,City Council Member,city,Smithfield,,TRUE,INCUMBENT — not on 2026 ballot,,,,https://smithfieldutah.gov/201/City-Council,colsen@smithfieldutah.gov,(435) 232-0085,,,,,,,TRUE,4,https://smithfieldutah.gov/201/City-Council (emails from mailto links in page order)
Todd Orme,City Council Member,city,Smithfield,,TRUE,INCUMBENT — not on 2026 ballot,,,,https://smithfieldutah.gov/201/City-Council,torme@smithfieldutah.gov,(702) 348-8518,,,,,,,TRUE,5,https://smithfieldutah.gov/201/City-Council (emails from mailto links in page order)
Jenn Staker,City Council Member,city,Smithfield,,TRUE,INCUMBENT — not on 2026 ballot,,,,https://smithfieldutah.gov/201/City-Council,jstaker@smithfieldutah.gov,(435) 760-3415,,,,,,,TRUE,6,https://smithfieldutah.gov/201/City-Council (emails from mailto links in page order)
Lyndsay Peterson,Mayor,city,North Logan,,TRUE,INCUMBENT — not on 2026 ballot,,,,https://www.northlogancity.gov/contact-us,Lyndsay@northlogancity.gov,,,,,,,,TRUE,1,"https://www.northlogancity.gov/contact-us via search-result summary only (site is JS-rendered, could not fetch directly); names/terms 2026; spelling of Mullahkhel unverified; city main (435) 752-1310"
Buzzy Mullahkhel,City Council At-Large,city,North Logan,,TRUE,INCUMBENT — not on 2026 ballot,,,,https://www.northlogancity.gov/contact-us,Buzzy@northlogancity.gov,,,,,,,,TRUE,2,"https://www.northlogancity.gov/contact-us via search-result summary only (site is JS-rendered, could not fetch directly); names/terms 2026; spelling of Mullahkhel unverified; city main (435) 752-1310"
Emily Schmidt,City Council At-Large,city,North Logan,,TRUE,INCUMBENT — not on 2026 ballot,,,,https://www.northlogancity.gov/contact-us,Emily@northlogancity.gov,,,,,,,,TRUE,3,"https://www.northlogancity.gov/contact-us via search-result summary only (site is JS-rendered, could not fetch directly); names/terms 2026; spelling of Mullahkhel unverified; city main (435) 752-1310"
Kenneth Reese,City Council At-Large,city,North Logan,,TRUE,INCUMBENT — not on 2026 ballot,,,,https://www.northlogancity.gov/contact-us,Kenneth@northlogancity.gov,,,,,,,,TRUE,4,"https://www.northlogancity.gov/contact-us via search-result summary only (site is JS-rendered, could not fetch directly); names/terms 2026; spelling of Mullahkhel unverified; city main (435) 752-1310"
Mark Hancey,City Council At-Large,city,North Logan,,TRUE,INCUMBENT — not on 2026 ballot,,,,https://www.northlogancity.gov/contact-us,Mark@northlogancity.gov,,,,,,,,TRUE,5,"https://www.northlogancity.gov/contact-us via search-result summary only (site is JS-rendered, could not fetch directly); names/terms 2026; spelling of Mullahkhel unverified; city main (435) 752-1310"
Larry Hepworth,City Council At-Large,city,North Logan,,TRUE,INCUMBENT — not on 2026 ballot,,,,https://www.northlogancity.gov/contact-us,Larry@northlogancity.gov,,,,,,,,TRUE,6,"https://www.northlogancity.gov/contact-us via search-result summary only (site is JS-rendered, could not fetch directly); names/terms 2026; spelling of Mullahkhel unverified; city main (435) 752-1310"
Steve Miller,Mayor,city,Hyrum,,TRUE,INCUMBENT — not on 2026 ballot,,,,https://www.hyrumcity.gov/251/Mayor,steve.miller@hyrumcity.gov,435-245-6033,,,,,,,TRUE,1,https://www.hyrumcity.gov/248/Council-Members; https://www.hyrumcity.gov/251/Mayor (emails decoded from page; phone is city office)
Michael Nelson,City Council Member,city,Hyrum,,TRUE,INCUMBENT — not on 2026 ballot,,,,https://www.hyrumcity.gov/248/Council-Members,michael.nelson@hyrumcity.gov,435-245-6033,,,,,,,TRUE,2,https://www.hyrumcity.gov/248/Council-Members; https://www.hyrumcity.gov/251/Mayor (emails decoded from page; phone is city office)
Rebecca Foulger,City Council Member,city,Hyrum,,TRUE,INCUMBENT — not on 2026 ballot,,,,https://www.hyrumcity.gov/248/Council-Members,rebecca.foulger@hyrumcity.gov,435-245-6033,,,,,,,TRUE,3,https://www.hyrumcity.gov/248/Council-Members; https://www.hyrumcity.gov/251/Mayor (emails decoded from page; phone is city office)
Nalyn Nelson,City Council Member,city,Hyrum,,TRUE,INCUMBENT — not on 2026 ballot,,,,https://www.hyrumcity.gov/248/Council-Members,nalyn.nelson@hyrumcity.gov,435-245-6033,,,,,,,TRUE,4,https://www.hyrumcity.gov/248/Council-Members; https://www.hyrumcity.gov/251/Mayor (emails decoded from page; phone is city office)
Craig Rasmussen,City Council Member,city,Hyrum,,TRUE,INCUMBENT — not on 2026 ballot,,,,https://www.hyrumcity.gov/248/Council-Members,craig.rasmussen@hyrumcity.gov,435-245-6033,,,,,,,TRUE,5,https://www.hyrumcity.gov/248/Council-Members; https://www.hyrumcity.gov/251/Mayor (emails decoded from page; phone is city office)
Mont Wright,City Council Member,city,Hyrum,,TRUE,INCUMBENT — not on 2026 ballot,,,,https://www.hyrumcity.gov/248/Council-Members,mont.wright@hyrumcity.gov,435-245-6033,,,,,,,TRUE,6,https://www.hyrumcity.gov/248/Council-Members; https://www.hyrumcity.gov/251/Mayor (emails decoded from page; phone is city office)
Kathleen Alder,Mayor,city,Providence,,TRUE,INCUMBENT — not on 2026 ballot,,,,https://www.providencecity.com/city-council,,(435) 752-9441,,,,,,,TRUE,1,Names/phones from search-result summary of providencecity.com/city-council (site blocks direct fetch); council names corroborated by 2026 council minutes; mayor phone is city main line; no individual emails found
Scot Campbell,City Council Member,city,Providence,,TRUE,INCUMBENT — not on 2026 ballot,,,,https://www.providencecity.com/city-council,,(435) 764-7352,,,,,,,TRUE,2,Names/phones from search-result summary of providencecity.com/city-council (site blocks direct fetch); council names corroborated by 2026 council minutes; mayor phone is city main line; no individual emails found
Carrie Kirk,City Council Member,city,Providence,,TRUE,INCUMBENT — not on 2026 ballot,,,,https://www.providencecity.com/city-council,,(435) 757-1444,,,,,,,TRUE,3,Names/phones from search-result summary of providencecity.com/city-council (site blocks direct fetch); council names corroborated by 2026 council minutes; mayor phone is city main line; no individual emails found
David Kunz,City Council Member,city,Providence,,TRUE,INCUMBENT — not on 2026 ballot,,,,https://www.providencecity.com/city-council,,(435) 512-2049,,,,,,,TRUE,4,Names/phones from search-result summary of providencecity.com/city-council (site blocks direct fetch); council names corroborated by 2026 council minutes; mayor phone is city main line; no individual emails found
Jeanell S. Sealy,City Council Member,city,Providence,,TRUE,INCUMBENT — not on 2026 ballot,,,,https://www.providencecity.com/city-council,,(435) 227-5891,,,,,,,TRUE,5,Names/phones from search-result summary of providencecity.com/city-council (site blocks direct fetch); council names corroborated by 2026 council minutes; mayor phone is city main line; no individual emails found
Brent D. Speth,City Council Member,city,Providence,,TRUE,INCUMBENT — not on 2026 ballot,,,,https://www.providencecity.com/city-council,,(435) 757-3875,,,,,,,TRUE,6,Names/phones from search-result summary of providencecity.com/city-council (site blocks direct fetch); council names corroborated by 2026 council minutes; mayor phone is city main line; no individual emails found
Larry Jacobsen,Mayor,city,Nibley,,TRUE,INCUMBENT — not on 2026 ballot,,,,https://nibleycity.gov/mayor/,larryj@nibleycity.gov,(435) 512-7495,,,,,,,TRUE,1,https://nibleycity.gov/city-council/ ; https://nibleycity.gov/mayor/ ; individual bio pages (emails decoded)
Nathan Laursen,City Council Member,city,Nibley,,TRUE,INCUMBENT — not on 2026 ballot,,,,https://nibleycity.gov/city-council/,nathanl@nibleycity.gov,(435) 535-1312,,,,,,,TRUE,2,https://nibleycity.gov/city-council/ ; https://nibleycity.gov/mayor/ ; individual bio pages (emails decoded)
Erin Mann,City Council Member,city,Nibley,,TRUE,INCUMBENT — not on 2026 ballot,,,,https://nibleycity.gov/city-council/,erinm@nibleycity.gov,(801) 497-6823,,,,,,,TRUE,3,https://nibleycity.gov/city-council/ ; https://nibleycity.gov/mayor/ ; individual bio pages (emails decoded)
Garrett Mansell,City Council Member,city,Nibley,,TRUE,INCUMBENT — not on 2026 ballot,,,,https://nibleycity.gov/city-council/,garrettm@nibleycity.gov,(435) 213-5654,,,,,,,TRUE,4,https://nibleycity.gov/city-council/ ; https://nibleycity.gov/mayor/ ; individual bio pages (emails decoded)
Nick Kenczka,City Council Member,city,Nibley,,TRUE,INCUMBENT — not on 2026 ballot,,,,https://nibleycity.gov/city-council/,nickk@nibleycity.gov,(385) 222-5821,,,,,,,TRUE,5,https://nibleycity.gov/city-council/ ; https://nibleycity.gov/mayor/ ; individual bio pages (emails decoded)
Randy Spaulding,City Council Member,city,Nibley,,TRUE,INCUMBENT — not on 2026 ballot,,,,https://nibleycity.gov/city-council/,randys@nibleycity.gov,(435) 232-5991,,,,,,,TRUE,6,https://nibleycity.gov/city-council/ ; https://nibleycity.gov/mayor/ ; individual bio pages (emails decoded)
Tiffany Atkinson,Mayor,city,Hyde Park,,TRUE,INCUMBENT — not on 2026 ballot,,,,https://www.hpcutah.gov/city-personnel,tiffany.a@hpcutah.gov,(435) 563-6507,,,,,,,TRUE,1,https://www.hpcutah.gov/city-personnel (phone is city office; site mentions a mid-term mayor vacancy/appointment so mayor/council recently changed)
Stephanie Allred,City Council Member,city,Hyde Park,,TRUE,INCUMBENT — not on 2026 ballot,,,,https://www.hpcutah.gov/city-personnel,stephanie.a@hpcutah.gov,(435) 563-6507,,,,,,,TRUE,2,https://www.hpcutah.gov/city-personnel (phone is city office; site mentions a mid-term mayor vacancy/appointment so mayor/council recently changed)
Gerald Osborne,City Council Member,city,Hyde Park,,TRUE,INCUMBENT — not on 2026 ballot,,,,https://www.hpcutah.gov/city-personnel,gerald.o@hpcutah.gov,(435) 563-6507,,,,,,,TRUE,3,https://www.hpcutah.gov/city-personnel (phone is city office; site mentions a mid-term mayor vacancy/appointment so mayor/council recently changed)
Kirk Brower,City Council Member,city,Hyde Park,,TRUE,INCUMBENT — not on 2026 ballot,,,,https://www.hpcutah.gov/city-personnel,kirk.b@hpcutah.gov,(435) 563-6507,,,,,,,TRUE,4,https://www.hpcutah.gov/city-personnel (phone is city office; site mentions a mid-term mayor vacancy/appointment so mayor/council recently changed)
David Fowles,City Council Member,city,Hyde Park,,TRUE,INCUMBENT — not on 2026 ballot,,,,https://www.hpcutah.gov/city-personnel,david.f@hpcutah.gov,(435) 563-6507,,,,,,,TRUE,5,https://www.hpcutah.gov/city-personnel (phone is city office; site mentions a mid-term mayor vacancy/appointment so mayor/council recently changed)
Heather Taylor,City Council Member,city,Hyde Park,,TRUE,INCUMBENT — not on 2026 ballot,,,,https://www.hpcutah.gov/city-personnel,heather.t@hpcutah.gov,(435) 563-6507,,,,,,,TRUE,6,https://www.hpcutah.gov/city-personnel (phone is city office; site mentions a mid-term mayor vacancy/appointment so mayor/council recently changed)
Chad Lindley,Mayor,city,Wellsville,,TRUE,INCUMBENT — not on 2026 ballot,,,,https://www.wellsvillecity.com/mayor/,clindley@wellsvilleutah.gov,435-245-3686,,,,,,,TRUE,1,https://www.wellsvillecity.com/city-council/ ; https://www.wellsvillecity.com/mayor/ (site shows both wellsvilleutah.gov and wellsvillecity.com email domains; used the one on the individual council page/mayor page; mayor phone is city office)
Angie Olsen,City Council Member,city,Wellsville,,TRUE,INCUMBENT — not on 2026 ballot,,,,https://www.wellsvillecity.com/city-council/,aolsen@wellsvilleutah.gov,(435) 760-1919,,,,,,,TRUE,2,https://www.wellsvillecity.com/city-council/ ; https://www.wellsvillecity.com/mayor/ (site shows both wellsvilleutah.gov and wellsvillecity.com email domains; used the one on the individual council page/mayor page; mayor phone is city office)
Bob Lindley,City Council Member,city,Wellsville,,TRUE,INCUMBENT — not on 2026 ballot,,,,https://www.wellsvillecity.com/city-council/,blindley@wellsvilleutah.gov,(435) 881-4186,,,,,,,TRUE,3,https://www.wellsvillecity.com/city-council/ ; https://www.wellsvillecity.com/mayor/ (site shows both wellsvilleutah.gov and wellsvillecity.com email domains; used the one on the individual council page/mayor page; mayor phone is city office)
Carl Leatham,City Council Member,city,Wellsville,,TRUE,INCUMBENT — not on 2026 ballot,,,,https://www.wellsvillecity.com/city-council/,cleatham@wellsvilleutah.gov,(435) 757-7268,,,,,,,TRUE,4,https://www.wellsvillecity.com/city-council/ ; https://www.wellsvillecity.com/mayor/ (site shows both wellsvilleutah.gov and wellsvillecity.com email domains; used the one on the individual council page/mayor page; mayor phone is city office)
Denise Lindsay,City Council Member,city,Wellsville,,TRUE,INCUMBENT — not on 2026 ballot,,,,https://www.wellsvillecity.com/city-council/,dlindsay@wellsvilleutah.gov,(435) 770-3125,,,,,,,TRUE,5,https://www.wellsvillecity.com/city-council/ ; https://www.wellsvillecity.com/mayor/ (site shows both wellsvilleutah.gov and wellsvillecity.com email domains; used the one on the individual council page/mayor page; mayor phone is city office)
Tom Maughan,City Council Member,city,Wellsville,,TRUE,INCUMBENT — not on 2026 ballot,,,,https://www.wellsvillecity.com/city-council/,tmaughan@wellsvilleutah.gov,(435) 757-6385,,,,,,,TRUE,6,https://www.wellsvillecity.com/city-council/ ; https://www.wellsvillecity.com/mayor/ (site shows both wellsvilleutah.gov and wellsvillecity.com email domains; used the one on the individual council page/mayor page; mayor phone is city office)
Jeff Young,Mayor,city,Richmond,,TRUE,INCUMBENT — not on 2026 ballot,,,,https://www.richmondutah.gov/citycouncil,,(435) 232-8056,,,,,,,TRUE,1,"Names/terms/phones from search-result summary of richmondutah.gov/citycouncil (site blocks direct fetch); mayor and Black/Bair terms thru 2029, Schumann/Draxler/Wood thru 2027; no emails found"
Daryl Black,City Council Member,city,Richmond,,TRUE,INCUMBENT — not on 2026 ballot,,,,https://www.richmondutah.gov/citycouncil,,,,,,,,,TRUE,2,"Names/terms/phones from search-result summary of richmondutah.gov/citycouncil (site blocks direct fetch); mayor and Black/Bair terms thru 2029, Schumann/Draxler/Wood thru 2027; no emails found"
Lyle Bair,City Council Member,city,Richmond,,TRUE,INCUMBENT — not on 2026 ballot,,,,https://www.richmondutah.gov/citycouncil,,(435) 770-1938,,,,,,,TRUE,3,"Names/terms/phones from search-result summary of richmondutah.gov/citycouncil (site blocks direct fetch); mayor and Black/Bair terms thru 2029, Schumann/Draxler/Wood thru 2027; no emails found"
Fran Schumann,City Council Member,city,Richmond,,TRUE,INCUMBENT — not on 2026 ballot,,,,https://www.richmondutah.gov/citycouncil,,(435) 881-4894,,,,,,,TRUE,4,"Names/terms/phones from search-result summary of richmondutah.gov/citycouncil (site blocks direct fetch); mayor and Black/Bair terms thru 2029, Schumann/Draxler/Wood thru 2027; no emails found"
Joel Draxler,City Council Member,city,Richmond,,TRUE,INCUMBENT — not on 2026 ballot,,,,https://www.richmondutah.gov/citycouncil,,,,,,,,,TRUE,5,"Names/terms/phones from search-result summary of richmondutah.gov/citycouncil (site blocks direct fetch); mayor and Black/Bair terms thru 2029, Schumann/Draxler/Wood thru 2027; no emails found"
Bryce Wood,City Council Member,city,Richmond,,TRUE,INCUMBENT — not on 2026 ballot,,,,https://www.richmondutah.gov/citycouncil,,,,,,,,,TRUE,6,"Names/terms/phones from search-result summary of richmondutah.gov/citycouncil (site blocks direct fetch); mayor and Black/Bair terms thru 2029, Schumann/Draxler/Wood thru 2027; no emails found"
David Hair,Mayor,city,Millville,,TRUE,INCUMBENT — not on 2026 ballot,,,,https://millvilleut.gov/city-government/town-council/,david@millvilleut.gov,(435) 753-4547,,,,,,,TRUE,1,https://millvilleut.gov/city-government/town-council/
Jacob Ames,City Council Member,city,Millville,,TRUE,INCUMBENT — not on 2026 ballot,,,,https://millvilleut.gov/city-government/town-council/,jacob@millvilleut.gov,(801) 889-7887,,,,,,,TRUE,2,https://millvilleut.gov/city-government/town-council/
Pamela June,City Council Member,city,Millville,,TRUE,INCUMBENT — not on 2026 ballot,,,,https://millvilleut.gov/city-government/town-council/,pam@millvilleut.gov,(435) 760-8668,,,,,,,TRUE,3,https://millvilleut.gov/city-government/town-council/
Jeremy Ward,City Council Member,city,Millville,,TRUE,INCUMBENT — not on 2026 ballot,,,,https://millvilleut.gov/city-government/town-council/,jeremy@millvilleut.gov,(801) 888-8048,,,,,,,TRUE,4,https://millvilleut.gov/city-government/town-council/
Darcy Ripplinger,City Council Member,city,Millville,,TRUE,INCUMBENT — not on 2026 ballot,,,,https://millvilleut.gov/city-government/town-council/,darcy@millvilleut.gov,(435) 512-8889,,,,,,,TRUE,5,https://millvilleut.gov/city-government/town-council/
Ryan Zollinger,City Council Member,city,Millville,,TRUE,INCUMBENT — not on 2026 ballot,,,,https://millvilleut.gov/city-government/town-council/,ryan@millvilleut.gov,(435) 770-1966,,,,,,,TRUE,6,https://millvilleut.gov/city-government/town-council/
Blake Wright,Mayor,city,River Heights,,TRUE,INCUMBENT — not on 2026 ballot,,,,https://riverheights.gov/government/river-heights-mayor/,blakewright@riverheights.gov,435-278-8169,,,,,,,TRUE,1,"https://riverheights.gov/government/city-council/ ; https://riverheights.gov/government/river-heights-mayor/ (Kandi Evans email on page is inconsistent, left blank)"
Chris Milbank,City Council Member,city,River Heights,,TRUE,INCUMBENT — not on 2026 ballot,,,,https://riverheights.gov/government/city-council/,chrismilbank@riverheights.gov,435-890-0996,,,,,,,TRUE,2,"https://riverheights.gov/government/city-council/ ; https://riverheights.gov/government/river-heights-mayor/ (Kandi Evans email on page is inconsistent, left blank)"
Steve Roberts,City Council Member,city,River Heights,,TRUE,INCUMBENT — not on 2026 ballot,,,,https://riverheights.gov/government/city-council/,steveroberts@riverheights.gov,435-881-6895,,,,,,,TRUE,3,"https://riverheights.gov/government/city-council/ ; https://riverheights.gov/government/river-heights-mayor/ (Kandi Evans email on page is inconsistent, left blank)"
Kandi Evans,City Council Member,city,River Heights,,TRUE,INCUMBENT — not on 2026 ballot,,,,https://riverheights.gov/government/city-council/,,801-735-4816,,,,,,,TRUE,4,"https://riverheights.gov/government/city-council/ ; https://riverheights.gov/government/river-heights-mayor/ (Kandi Evans email on page is inconsistent, left blank)"
Lance Pitcher,City Council Member,city,River Heights,,TRUE,INCUMBENT — not on 2026 ballot,,,,https://riverheights.gov/government/city-council/,lancepitcher@riverheights.gov,435-760-3976,,,,,,,TRUE,5,"https://riverheights.gov/government/city-council/ ; https://riverheights.gov/government/river-heights-mayor/ (Kandi Evans email on page is inconsistent, left blank)"
Mark Malmstrom,City Council Member,city,River Heights,,TRUE,INCUMBENT — not on 2026 ballot,,,,https://riverheights.gov/government/city-council/,markmalmstrom@riverheights.gov,435-881-0164,,,,,,,TRUE,6,"https://riverheights.gov/government/city-council/ ; https://riverheights.gov/government/river-heights-mayor/ (Kandi Evans email on page is inconsistent, left blank)"
Brady Bodily,Mayor,city,Lewiston,,TRUE,INCUMBENT — not on 2026 ballot,,,,https://lewistonutah.gov/city-council-staff/,bbodily@lewistonutah.gov,(435) 890-9813,,,,,,,TRUE,1,https://lewistonutah.gov/city-council-staff/ (council phone is city office; council-wide email CityCouncil@LewistonUtah.gov also published)
John Morrison,City Council Member,city,Lewiston,,TRUE,INCUMBENT — not on 2026 ballot,,,,https://lewistonutah.gov/city-council-staff/,jmorrison@lewistonutah.gov,(435) 258-2141,,,,,,,TRUE,2,https://lewistonutah.gov/city-council-staff/ (council phone is city office; council-wide email CityCouncil@LewistonUtah.gov also published)
Jonna Westover,City Council Member,city,Lewiston,,TRUE,INCUMBENT — not on 2026 ballot,,,,https://lewistonutah.gov/city-council-staff/,jwestover@lewistonutah.gov,(435) 258-2141,,,,,,,TRUE,3,https://lewistonutah.gov/city-council-staff/ (council phone is city office; council-wide email CityCouncil@LewistonUtah.gov also published)
Ned Simper,City Council Member,city,Lewiston,,TRUE,INCUMBENT — not on 2026 ballot,,,,https://lewistonutah.gov/city-council-staff/,nsimper@lewistonutah.gov,(435) 258-2141,,,,,,,TRUE,4,https://lewistonutah.gov/city-council-staff/ (council phone is city office; council-wide email CityCouncil@LewistonUtah.gov also published)
Jason Trexler,City Council Member,city,Lewiston,,TRUE,INCUMBENT — not on 2026 ballot,,,,https://lewistonutah.gov/city-council-staff/,jtrexler@lewistonutah.gov,(435) 258-2141,,,,,,,TRUE,5,https://lewistonutah.gov/city-council-staff/ (council phone is city office; council-wide email CityCouncil@LewistonUtah.gov also published)
Fizz Bodily,City Council Member,city,Lewiston,,TRUE,INCUMBENT — not on 2026 ballot,,,,https://lewistonutah.gov/city-council-staff/,fbodily@lewistonutah.gov,(435) 258-2141,,,,,,,TRUE,6,https://lewistonutah.gov/city-council-staff/ (council phone is city office; council-wide email CityCouncil@LewistonUtah.gov also published)
Ed Buist,Mayor,city,Mendon,,TRUE,INCUMBENT — not on 2026 ballot,,,,https://mendoncityutah.gov/directory/,ebuist@mendoncityutah.gov,(435) 770-9824,,,,,,,TRUE,1,https://mendoncityutah.gov/directory/ (fetched via summarizer; site blocks scripted access)
Amy Garbe,City Council Member,city,Mendon,,TRUE,INCUMBENT — not on 2026 ballot,,,,https://mendoncityutah.gov/directory/,agarbe@mendoncityutah.gov,(435) 258-8756,,,,,,,TRUE,2,https://mendoncityutah.gov/directory/ (fetched via summarizer; site blocks scripted access)
Brian Myers,City Council Member,city,Mendon,,TRUE,INCUMBENT — not on 2026 ballot,,,,https://mendoncityutah.gov/directory/,bmyers@mendoncityutah.gov,(385) 285-6136,,,,,,,TRUE,3,https://mendoncityutah.gov/directory/ (fetched via summarizer; site blocks scripted access)
Ben Watkins,City Council Member,city,Mendon,,TRUE,INCUMBENT — not on 2026 ballot,,,,https://mendoncityutah.gov/directory/,bwatkins@mendoncityutah.gov,(801) 449-1525,,,,,,,TRUE,4,https://mendoncityutah.gov/directory/ (fetched via summarizer; site blocks scripted access)
Art Heers,City Council Member,city,Mendon,,TRUE,INCUMBENT — not on 2026 ballot,,,,https://mendoncityutah.gov/directory/,aheers@mendoncityutah.gov,(435) 881-9309,,,,,,,TRUE,5,https://mendoncityutah.gov/directory/ (fetched via summarizer; site blocks scripted access)
Bob Jepsen,City Council Member,city,Mendon,,TRUE,INCUMBENT — not on 2026 ballot,,,,https://mendoncityutah.gov/directory/,bjepsen@mendoncityutah.gov,(435) 466-0166,,,,,,,TRUE,6,https://mendoncityutah.gov/directory/ (fetched via summarizer; site blocks scripted access)
Larry Johnson,Mayor,city,Paradise,,TRUE,INCUMBENT — not on 2026 ballot,,,,https://paradiseutah.org/council/,mayor@paradise.utah.gov,,,,,,,,TRUE,1,https://paradiseutah.org/council/
Devin Thomas,Town Council Member,city,Paradise,,TRUE,INCUMBENT — not on 2026 ballot,,,,https://paradiseutah.org/council/,dthomas@paradise.utah.gov,,,,,,,,TRUE,2,https://paradiseutah.org/council/
Doug Jewell,Town Council Member,city,Paradise,,TRUE,INCUMBENT — not on 2026 ballot,,,,https://paradiseutah.org/council/,djewell@paradise.utah.gov,,,,,,,,TRUE,3,https://paradiseutah.org/council/
Whit Gale,Town Council Member,city,Paradise,,TRUE,INCUMBENT — not on 2026 ballot,,,,https://paradiseutah.org/council/,wgale@paradise.utah.gov,,,,,,,,TRUE,4,https://paradiseutah.org/council/
Jason Winn,Town Council Member,city,Paradise,,TRUE,INCUMBENT — not on 2026 ballot,,,,https://paradiseutah.org/council/,jwinn@paradise.utah.gov,,,,,,,,TRUE,5,https://paradiseutah.org/council/
Craig Rigby,Mayor,city,Newton,,TRUE,INCUMBENT — not on 2026 ballot,,,,https://www.newtonutah.gov/govermit/town_council.php,craig.rigby@newtonutah.gov,,,,,,,,TRUE,1,https://www.newtonutah.gov/govermit/town_council.php (Brandon Taylor email listed with apparent typo domain newtoutah.gov; left blank)
Anzl Rhodes,Town Council Member,city,Newton,,TRUE,INCUMBENT — not on 2026 ballot,,,,https://www.newtonutah.gov/govermit/town_council.php,anzl.rhodes@newtonutah.gov,,,,,,,,TRUE,2,https://www.newtonutah.gov/govermit/town_council.php (Brandon Taylor email listed with apparent typo domain newtoutah.gov; left blank)
Brandon Taylor,Town Council Member,city,Newton,,TRUE,INCUMBENT — not on 2026 ballot,,,,https://www.newtonutah.gov/govermit/town_council.php,,,,,,,,,TRUE,3,https://www.newtonutah.gov/govermit/town_council.php (Brandon Taylor email listed with apparent typo domain newtoutah.gov; left blank)
Steven Jenkins,Town Council Member,city,Newton,,TRUE,INCUMBENT — not on 2026 ballot,,,,https://www.newtonutah.gov/govermit/town_council.php,steven.jenkins@newtonutah.gov,,,,,,,,TRUE,4,https://www.newtonutah.gov/govermit/town_council.php (Brandon Taylor email listed with apparent typo domain newtoutah.gov; left blank)
Jed Woodward,Town Council Member,city,Newton,,TRUE,INCUMBENT — not on 2026 ballot,,,,https://www.newtonutah.gov/govermit/town_council.php,jed.woodward@newtonutah.gov,,,,,,,,TRUE,5,https://www.newtonutah.gov/govermit/town_council.php (Brandon Taylor email listed with apparent typo domain newtoutah.gov; left blank)
Ryan Thompson,Mayor,city,Clarkston,,TRUE,INCUMBENT — not on 2026 ballot,,,,https://clarkstonutah.gov/town-council,clarkstonmayor@clarkstonutah.gov,(435) 764-6827,,,,,,,TRUE,1,https://clarkstonutah.gov/town-council (mayor email is the office mayor address)
Jeff Noble,Town Council Member,city,Clarkston,,TRUE,INCUMBENT — not on 2026 ballot,,,,https://clarkstonutah.gov/town-council,jnoble@clarkstonutah.gov,(435) 730-5922,,,,,,,TRUE,2,https://clarkstonutah.gov/town-council (mayor email is the office mayor address)
Brayden Goodey,Town Council Member,city,Clarkston,,TRUE,INCUMBENT — not on 2026 ballot,,,,https://clarkstonutah.gov/town-council,bgoodey@clarkstonutah.gov,(435) 512-8896,,,,,,,TRUE,3,https://clarkstonutah.gov/town-council (mayor email is the office mayor address)
Danny Godfrey,Town Council Member,city,Clarkston,,TRUE,INCUMBENT — not on 2026 ballot,,,,https://clarkstonutah.gov/town-council,dgodfrey@clarkstonutah.gov,(435) 770-1277,,,,,,,TRUE,4,https://clarkstonutah.gov/town-council (mayor email is the office mayor address)
Jared Petersen,Town Council Member,city,Clarkston,,TRUE,INCUMBENT — not on 2026 ballot,,,,https://clarkstonutah.gov/town-council,jpetersen@clarkstonutah.gov,(307) 567-6852,,,,,,,TRUE,5,https://clarkstonutah.gov/town-council (mayor email is the office mayor address)
David Wood,Mayor,city,Amalga,,TRUE,INCUMBENT — not on 2026 ballot,,,,https://www.amalgautah.gov/,,435-770-8097,,,,,,,TRUE,1,"https://www.amalgautah.gov/ home page 'Elected Officials' (undated; conflict-of-interest page lists a Dave Lee, so roster may be stale)"
Mark Cowley,Town Council Member,city,Amalga,,TRUE,INCUMBENT — not on 2026 ballot,,,,https://www.amalgautah.gov/,,435-770-1210,,,,,,,TRUE,2,"https://www.amalgautah.gov/ home page 'Elected Officials' (undated; conflict-of-interest page lists a Dave Lee, so roster may be stale)"
Colette Dursteler,Town Council Member,city,Amalga,,TRUE,INCUMBENT — not on 2026 ballot,,,,https://www.amalgautah.gov/,,208-241-5037,,,,,,,TRUE,3,"https://www.amalgautah.gov/ home page 'Elected Officials' (undated; conflict-of-interest page lists a Dave Lee, so roster may be stale)"
Paul Hansen,Town Council Member,city,Amalga,,TRUE,INCUMBENT — not on 2026 ballot,,,,https://www.amalgautah.gov/,,435-770-4399,,,,,,,TRUE,4,"https://www.amalgautah.gov/ home page 'Elected Officials' (undated; conflict-of-interest page lists a Dave Lee, so roster may be stale)"
Rayslyn Larsen,Town Council Member,city,Amalga,,TRUE,INCUMBENT — not on 2026 ballot,,,,https://www.amalgautah.gov/,,435-770-7697,,,,,,,TRUE,5,"https://www.amalgautah.gov/ home page 'Elected Officials' (undated; conflict-of-interest page lists a Dave Lee, so roster may be stale)"
Matt Leak,Mayor,city,Cornish,,TRUE,INCUMBENT — not on 2026 ballot,,,,https://www.cornish.utah.gov/directory/index.php,cornishmayor@gmail.com,(435) 754-3067,,,,,,,TRUE,1,https://www.cornish.utah.gov/directory/index.php (emails are personal Gmail addresses published by the town directory; phone is town clerk's office)
Chris Buxton,Town Council Member,city,Cornish,,TRUE,INCUMBENT — not on 2026 ballot,,,,https://www.cornish.utah.gov/directory/index.php,chrisd.buxton@gmail.com,(435) 754-3067,,,,,,,TRUE,2,https://www.cornish.utah.gov/directory/index.php (emails are personal Gmail addresses published by the town directory; phone is town clerk's office)
Brad Fisher,Town Council Member,city,Cornish,,TRUE,INCUMBENT — not on 2026 ballot,,,,https://www.cornish.utah.gov/directory/index.php,,(435) 754-3067,,,,,,,TRUE,3,https://www.cornish.utah.gov/directory/index.php (emails are personal Gmail addresses published by the town directory; phone is town clerk's office)
Colton Creech,Town Council Member,city,Cornish,,TRUE,INCUMBENT — not on 2026 ballot,,,,https://www.cornish.utah.gov/directory/index.php,colton.creech@gmail.com,(435) 754-3067,,,,,,,TRUE,4,https://www.cornish.utah.gov/directory/index.php (emails are personal Gmail addresses published by the town directory; phone is town clerk's office)
John Forsgren,Town Council Member,city,Cornish,,TRUE,INCUMBENT — not on 2026 ballot,,,,https://www.cornish.utah.gov/directory/index.php,jcforsgren@gmail.com,(435) 754-3067,,,,,,,TRUE,5,https://www.cornish.utah.gov/directory/index.php (emails are personal Gmail addresses published by the town directory; phone is town clerk's office)
Mark A. Anderson,Mayor,city,Logan,,TRUE,INCUMBENT — not on 2026 ballot,,,,https://www.loganutah.gov/government/mayor_s_office/index.php,mark.anderson@loganutah.gov,435-716-9002,,,,,,,TRUE,1,https://www.loganutah.gov/government/city_council/index.php ; https://www.loganutah.gov/government/mayor_s_office/index.php (Simmonds email is the Comcast address the city publishes; Lee-Koven email on page was in text only)
Mike Johnson,Municipal Council Member,city,Logan,,TRUE,INCUMBENT — not on 2026 ballot,,,,https://www.loganutah.gov/government/city_council/index.php,mike.johnson@loganutah.gov,,,,,,,,TRUE,2,https://www.loganutah.gov/government/city_council/index.php ; https://www.loganutah.gov/government/mayor_s_office/index.php (Simmonds email is the Comcast address the city publishes; Lee-Koven email on page was in text only)
Ernesto Lopez,Municipal Council Member,city,Logan,,TRUE,INCUMBENT — not on 2026 ballot,,,,https://www.loganutah.gov/government/city_council/index.php,ernesto.lopez@loganutah.gov,,,,,,,,TRUE,3,https://www.loganutah.gov/government/city_council/index.php ; https://www.loganutah.gov/government/mayor_s_office/index.php (Simmonds email is the Comcast address the city publishes; Lee-Koven email on page was in text only)
Jeannie F. Simmonds,Municipal Council Member,city,Logan,,TRUE,INCUMBENT — not on 2026 ballot,,,,https://www.loganutah.gov/government/city_council/index.php,jfsimmonds@comcast.net,,,,,,,,TRUE,4,https://www.loganutah.gov/government/city_council/index.php ; https://www.loganutah.gov/government/mayor_s_office/index.php (Simmonds email is the Comcast address the city publishes; Lee-Koven email on page was in text only)
Melissa Dahle,Municipal Council Member,city,Logan,,TRUE,INCUMBENT — not on 2026 ballot,,,,https://www.loganutah.gov/government/city_council/index.php,melissa.dahle@loganutah.gov,,,,,,,,TRUE,5,https://www.loganutah.gov/government/city_council/index.php ; https://www.loganutah.gov/government/mayor_s_office/index.php (Simmonds email is the Comcast address the city publishes; Lee-Koven email on page was in text only)
Katie Lee-Koven,Municipal Council Member,city,Logan,,TRUE,INCUMBENT — not on 2026 ballot,,,,https://www.loganutah.gov/government/city_council/index.php,katie.lee.koven@loganutah.gov,,,,,,,,TRUE,6,https://www.loganutah.gov/government/city_council/index.php ; https://www.loganutah.gov/government/mayor_s_office/index.php (Simmonds email is the Comcast address the city publishes; Lee-Koven email on page was in text only)
Jimmie Hughes,Mayor,city,St. George,,TRUE,INCUMBENT — not on 2026 ballot,,,,https://www.sgcityutah.gov/government/mayor_and_council/city_council_member_directory.php,,435-627-4000,,,,,,,TRUE,1,"https://www.sgcityutah.gov/government/mayor_and_council/city_council_member_directory.php ; Anderson appointed Jan 2026 (stgeorgeutah.com, sltrib) - no email/phone on city page; mayor email not published on page"
Dannielle Larkin,City Council At-Large,city,St. George,,TRUE,INCUMBENT — not on 2026 ballot,,,,https://www.sgcityutah.gov/government/mayor_and_council/city_council_member_directory.php,dannielle.larkin@sgcityutah.gov,(435) 619-9971,,,,,,,TRUE,2,"https://www.sgcityutah.gov/government/mayor_and_council/city_council_member_directory.php ; Anderson appointed Jan 2026 (stgeorgeutah.com, sltrib) - no email/phone on city page; mayor email not published on page"
Natalie Larsen,City Council At-Large,city,St. George,,TRUE,INCUMBENT — not on 2026 ballot,,,,https://www.sgcityutah.gov/government/mayor_and_council/city_council_member_directory.php,natalie.larsen@sgcityutah.gov,(435) 619-9411,,,,,,,TRUE,2,"https://www.sgcityutah.gov/government/mayor_and_council/city_council_member_directory.php ; Anderson appointed Jan 2026 (stgeorgeutah.com, sltrib) - no email/phone on city page; mayor email not published on page"
Michelle Tanner,City Council At-Large,city,St. George,,TRUE,INCUMBENT — not on 2026 ballot,,,,https://www.sgcityutah.gov/government/mayor_and_council/city_council_member_directory.php,michelle.tanner@sgcityutah.gov,(435) 256-5177,,,,,,,TRUE,2,"https://www.sgcityutah.gov/government/mayor_and_council/city_council_member_directory.php ; Anderson appointed Jan 2026 (stgeorgeutah.com, sltrib) - no email/phone on city page; mayor email not published on page"
Steve Kemp,City Council At-Large,city,St. George,,TRUE,INCUMBENT — not on 2026 ballot,,,,https://www.sgcityutah.gov/government/mayor_and_council/city_council_member_directory.php,steve.kemp@sgcityutah.gov,(435) 313-7007,,,,,,,TRUE,2,"https://www.sgcityutah.gov/government/mayor_and_council/city_council_member_directory.php ; Anderson appointed Jan 2026 (stgeorgeutah.com, sltrib) - no email/phone on city page; mayor email not published on page"
Austin Anderson,City Council At-Large,city,St. George,,TRUE,INCUMBENT — not on 2026 ballot,,,,https://www.sgcityutah.gov/government/mayor_and_council/city_council_member_directory.php,,,,,,,,,TRUE,2,"https://www.sgcityutah.gov/government/mayor_and_council/city_council_member_directory.php ; Anderson appointed Jan 2026 (stgeorgeutah.com, sltrib) - no email/phone on city page; mayor email not published on page"
Steve Nelson,Mayor,city,Cedar City,,TRUE,INCUMBENT — not on 2026 ballot,,,,https://www.cedarcityut.gov/149/Meet-the-Council,nsteve@cedarcityut.gov,(435) 590-5586,,,,,,,TRUE,1,https://www.cedarcityut.gov/149/Meet-the-Council ; https://www.cedarcityut.gov/141/Meet-the-Mayor ; phones from city meeting docs via search
Robert Cox,City Council Member,city,Cedar City,,TRUE,INCUMBENT — not on 2026 ballot,,,,https://www.cedarcityut.gov/149/Meet-the-Council,crobert@cedarcityut.gov,(435) 559-0785,,,,,,,TRUE,2,https://www.cedarcityut.gov/149/Meet-the-Council ; https://www.cedarcityut.gov/141/Meet-the-Mayor ; phones from city meeting docs via search
Waldo D. Galan,City Council Member,city,Cedar City,,TRUE,INCUMBENT — not on 2026 ballot,,,,https://www.cedarcityut.gov/149/Meet-the-Council,gwaldo@cedarcityut.gov,(435) 592-4116,,,,,,,TRUE,2,https://www.cedarcityut.gov/149/Meet-the-Council ; https://www.cedarcityut.gov/141/Meet-the-Mayor ; phones from city meeting docs via search
R. Scott Phillips,City Council Member,city,Cedar City,,TRUE,INCUMBENT — not on 2026 ballot,,,,https://www.cedarcityut.gov/149/Meet-the-Council,sphillips@cedarcityut.gov,435-701-7884,,,,,,,TRUE,2,https://www.cedarcityut.gov/149/Meet-the-Council ; https://www.cedarcityut.gov/141/Meet-the-Mayor ; phones from city meeting docs via search
Phil E. Schmidt,City Council Member,city,Cedar City,,TRUE,INCUMBENT — not on 2026 ballot,,,,https://www.cedarcityut.gov/149/Meet-the-Council,sphil@cedarcityut.gov,435-559-2522,,,,,,,TRUE,2,https://www.cedarcityut.gov/149/Meet-the-Council ; https://www.cedarcityut.gov/141/Meet-the-Mayor ; phones from city meeting docs via search
Carter Wilkey,City Council Member,city,Cedar City,,TRUE,INCUMBENT — not on 2026 ballot,,,,https://www.cedarcityut.gov/149/Meet-the-Council,wcarter@cedarcityut.gov,801-688-2992,,,,,,,TRUE,2,https://www.cedarcityut.gov/149/Meet-the-Council ; https://www.cedarcityut.gov/141/Meet-the-Mayor ; phones from city meeting docs via search
Kress Staheli,Mayor,city,Washington,,TRUE,INCUMBENT — not on 2026 ballot,,,,https://washingtonutah.gov/government/mayorcouncil,mayorstaheli@washingtonutah.gov,(435) 656-6308,,,,,,,TRUE,1,https://washingtonutah.gov/government/mayorcouncil and individual pages (/staheli etc.); council phone = city main line; mayor phone from his page
Troy Belliston,City Council Member,city,Washington,,TRUE,INCUMBENT — not on 2026 ballot,,,,https://washingtonutah.gov/government/mayorcouncil,tbelliston@washingtonutah.gov,(435) 656-6300,,,,,,,TRUE,2,https://washingtonutah.gov/government/mayorcouncil and individual pages (/staheli etc.); council phone = city main line; mayor phone from his page
Kimberly Casperson,City Council Member,city,Washington,,TRUE,INCUMBENT — not on 2026 ballot,,,,https://washingtonutah.gov/government/mayorcouncil,kcasperson@washingtonutah.gov,(435) 656-6300,,,,,,,TRUE,2,https://washingtonutah.gov/government/mayorcouncil and individual pages (/staheli etc.); council phone = city main line; mayor phone from his page
Craig Coats,City Council Member,city,Washington,,TRUE,INCUMBENT — not on 2026 ballot,,,,https://washingtonutah.gov/government/mayorcouncil,ccoats@washingtonutah.gov,(435) 656-6300,,,,,,,TRUE,2,https://washingtonutah.gov/government/mayorcouncil and individual pages (/staheli etc.); council phone = city main line; mayor phone from his page
Brett Henderson,City Council Member,city,Washington,,TRUE,INCUMBENT — not on 2026 ballot,,,,https://washingtonutah.gov/government/mayorcouncil,bhenderson@washingtonutah.gov,(435) 656-6300,,,,,,,TRUE,2,https://washingtonutah.gov/government/mayorcouncil and individual pages (/staheli etc.); council phone = city main line; mayor phone from his page
Kurt Ivie,City Council Member,city,Washington,,TRUE,INCUMBENT — not on 2026 ballot,,,,https://washingtonutah.gov/government/mayorcouncil,kivie@washingtonutah.gov,(435) 656-6300,,,,,,,TRUE,2,https://washingtonutah.gov/government/mayorcouncil and individual pages (/staheli etc.); council phone = city main line; mayor phone from his page
Clark Fawcett,Mayor,city,Hurricane,,TRUE,INCUMBENT — not on 2026 ballot,,,,https://www.cityofhurricane.com/212/City-Council,fawcett@hurricane.utah.gov,435-635-2811,,,,,,,TRUE,1,https://www.cityofhurricane.com/212/City-Council and member bio pages (individual @hurricane.utah.gov emails); phone = city main line
Merlin Spendlove,City Council Member,city,Hurricane,,TRUE,INCUMBENT — not on 2026 ballot,,,,https://www.cityofhurricane.com/212/City-Council,spendlove@hurricane.utah.gov,435-635-2811,,,,,,,TRUE,2,https://www.cityofhurricane.com/212/City-Council and member bio pages (individual @hurricane.utah.gov emails); phone = city main line
Joseph Prete,City Council Member,city,Hurricane,,TRUE,INCUMBENT — not on 2026 ballot,,,,https://www.cityofhurricane.com/212/City-Council,prete@hurricane.utah.gov,435-635-2811,,,,,,,TRUE,2,https://www.cityofhurricane.com/212/City-Council and member bio pages (individual @hurricane.utah.gov emails); phone = city main line
Dave Imlay,City Council Member,city,Hurricane,,TRUE,INCUMBENT — not on 2026 ballot,,,,https://www.cityofhurricane.com/212/City-Council,imlay@hurricane.utah.gov,435-635-2811,,,,,,,TRUE,2,https://www.cityofhurricane.com/212/City-Council and member bio pages (individual @hurricane.utah.gov emails); phone = city main line
Lynn Excell,City Council Member,city,Hurricane,,TRUE,INCUMBENT — not on 2026 ballot,,,,https://www.cityofhurricane.com/212/City-Council,excell@hurricane.utah.gov,435-635-2811,,,,,,,TRUE,2,https://www.cityofhurricane.com/212/City-Council and member bio pages (individual @hurricane.utah.gov emails); phone = city main line
Amy Werrett,City Council Member,city,Hurricane,,TRUE,INCUMBENT — not on 2026 ballot,,,,https://www.cityofhurricane.com/212/City-Council,werrett@hurricane.utah.gov,435-635-2811,,,,,,,TRUE,2,https://www.cityofhurricane.com/212/City-Council and member bio pages (individual @hurricane.utah.gov emails); phone = city main line
Kevin Smith,Mayor,city,Ivins,,TRUE,INCUMBENT — not on 2026 ballot,,,,https://ivinsutah.gov/government-6/,ksmith@ivinsutah.gov,(435) 628-0606,,,,,,,TRUE,1,https://ivinsutah.gov/government-6/ ; phone = city main line from site
Wayne Pennington,City Council Member,city,Ivins,,TRUE,INCUMBENT — not on 2026 ballot,,,,https://ivinsutah.gov/government-6/,wpennington@ivinsutah.gov,(435) 628-0606,,,,,,,TRUE,2,https://ivinsutah.gov/government-6/ ; phone = city main line from site
Sharon Barton,City Council Member,city,Ivins,,TRUE,INCUMBENT — not on 2026 ballot,,,,https://ivinsutah.gov/government-6/,sbarton@ivinsutah.gov,(435) 628-0606,,,,,,,TRUE,2,https://ivinsutah.gov/government-6/ ; phone = city main line from site
Dillon Hurt,City Council Member,city,Ivins,,TRUE,INCUMBENT — not on 2026 ballot,,,,https://ivinsutah.gov/government-6/,dhurt@ivinsutah.gov,(435) 628-0606,,,,,,,TRUE,2,https://ivinsutah.gov/government-6/ ; phone = city main line from site
Sharon Gillespie,City Council Member,city,Ivins,,TRUE,INCUMBENT — not on 2026 ballot,,,,https://ivinsutah.gov/government-6/,sgillespie@ivinsutah.gov,(435) 628-0606,,,,,,,TRUE,2,https://ivinsutah.gov/government-6/ ; phone = city main line from site
Mike Scott,City Council Member,city,Ivins,,TRUE,INCUMBENT — not on 2026 ballot,,,,https://ivinsutah.gov/government-6/,mscott@ivinsutah.gov,(435) 628-0606,,,,,,,TRUE,2,https://ivinsutah.gov/government-6/ ; phone = city main line from site
Jarett Waite,Mayor,city,Santa Clara,,TRUE,INCUMBENT — not on 2026 ballot,,,,https://www.santaclarautah.gov/government/council/,mayor@santaclarautah.gov,(435) 673-6712,,,,,,,TRUE,1,https://www.santaclarautah.gov/government/council/ ; https://www.santaclarautah.gov/government/mayor/ ; phone = city main line
Christa Hinton,City Council Member,city,Santa Clara,,TRUE,INCUMBENT — not on 2026 ballot,,,,https://www.santaclarautah.gov/government/council/,chinton@santaclarautah.gov,(435) 673-6712,,,,,,,TRUE,2,https://www.santaclarautah.gov/government/council/ ; https://www.santaclarautah.gov/government/mayor/ ; phone = city main line
Dave Pond,City Council Member,city,Santa Clara,,TRUE,INCUMBENT — not on 2026 ballot,,,,https://www.santaclarautah.gov/government/council/,dpond@santaclarautah.gov,(435) 673-6712,,,,,,,TRUE,2,https://www.santaclarautah.gov/government/council/ ; https://www.santaclarautah.gov/government/mayor/ ; phone = city main line
Janene Burton,City Council Member,city,Santa Clara,,TRUE,INCUMBENT — not on 2026 ballot,,,,https://www.santaclarautah.gov/government/council/,jburton@santaclarautah.gov,(435) 673-6712,,,,,,,TRUE,2,https://www.santaclarautah.gov/government/council/ ; https://www.santaclarautah.gov/government/mayor/ ; phone = city main line
Justin Caplin,City Council Member,city,Santa Clara,,TRUE,INCUMBENT — not on 2026 ballot,,,,https://www.santaclarautah.gov/government/council/,jcaplin@santaclarautah.gov,(435) 673-6712,,,,,,,TRUE,2,https://www.santaclarautah.gov/government/council/ ; https://www.santaclarautah.gov/government/mayor/ ; phone = city main line
Mark Hendrickson,City Council Member,city,Santa Clara,,TRUE,INCUMBENT — not on 2026 ballot,,,,https://www.santaclarautah.gov/government/council/,mhendrickson@santaclarautah.gov,(435) 673-6712,,,,,,,TRUE,2,https://www.santaclarautah.gov/government/council/ ; https://www.santaclarautah.gov/government/mayor/ ; phone = city main line
Donia Jessop,Mayor,city,Hildale,,TRUE,INCUMBENT — not on 2026 ballot,,,,https://www.hildale.gov/city-council,mayor@hildalecity.gov,435-874-2323,,,,,,,TRUE,1,https://www.hildale.gov/city-council ; emails as published on council page (some are personal gmail addresses listed by the city); page undated - may be stale
Terrill Musser,City Council Member,city,Hildale,,TRUE,INCUMBENT — not on 2026 ballot,,,,https://www.hildale.gov/city-council,terrill.hildalecity@gmail.com,435-874-2323,,,,,,,TRUE,2,https://www.hildale.gov/city-council ; emails as published on council page (some are personal gmail addresses listed by the city); page undated - may be stale
JVar Dutson,City Council Member,city,Hildale,,TRUE,INCUMBENT — not on 2026 ballot,,,,https://www.hildale.gov/city-council,,435-874-2323,,,,,,,TRUE,2,https://www.hildale.gov/city-council ; emails as published on council page (some are personal gmail addresses listed by the city); page undated - may be stale
Luke Merideth,City Council Member,city,Hildale,,TRUE,INCUMBENT — not on 2026 ballot,,,,https://www.hildale.gov/city-council,luke.mhil01@gmail.com,435-874-2323,,,,,,,TRUE,2,https://www.hildale.gov/city-council ; emails as published on council page (some are personal gmail addresses listed by the city); page undated - may be stale
Lamont Black,City Council Member,city,Hildale,,TRUE,INCUMBENT — not on 2026 ballot,,,,https://www.hildale.gov/city-council,,,,,,,,,TRUE,2,https://www.hildale.gov/city-council ; emails as published on council page (some are personal gmail addresses listed by the city); page undated - may be stale
Darlene Stubbs,City Council Member,city,Hildale,,TRUE,INCUMBENT — not on 2026 ballot,,,,https://www.hildale.gov/city-council,darlenebarlow26@gmail.com,435-874-2323,,,,,,,TRUE,2,https://www.hildale.gov/city-council ; emails as published on council page (some are personal gmail addresses listed by the city); page undated - may be stale
Colten Johnson,Mayor,city,Kanab,,TRUE,INCUMBENT — not on 2026 ballot,,,,https://kanab.utah.gov/2169/City-Council,,435-644-2534,,,,,,,TRUE,1,https://kanab.utah.gov/2169/City-Council ; no individual emails published; phone = city office
Boyd Corry,City Council Member,city,Kanab,,TRUE,INCUMBENT — not on 2026 ballot,,,,https://kanab.utah.gov/2169/City-Council,,435-644-2534,,,,,,,TRUE,2,https://kanab.utah.gov/2169/City-Council ; no individual emails published; phone = city office
Steve Shrope,City Council Member,city,Kanab,,TRUE,INCUMBENT — not on 2026 ballot,,,,https://kanab.utah.gov/2169/City-Council,,435-644-2534,,,,,,,TRUE,2,https://kanab.utah.gov/2169/City-Council ; no individual emails published; phone = city office
Arlon Chamberlain,City Council Member,city,Kanab,,TRUE,INCUMBENT — not on 2026 ballot,,,,https://kanab.utah.gov/2169/City-Council,,435-644-2534,,,,,,,TRUE,2,https://kanab.utah.gov/2169/City-Council ; no individual emails published; phone = city office
Peter Banks,City Council Member,city,Kanab,,TRUE,INCUMBENT — not on 2026 ballot,,,,https://kanab.utah.gov/2169/City-Council,,435-644-2534,,,,,,,TRUE,2,https://kanab.utah.gov/2169/City-Council ; no individual emails published; phone = city office
Chris Heaton,City Council Member,city,Kanab,,TRUE,INCUMBENT — not on 2026 ballot,,,,https://kanab.utah.gov/2169/City-Council,,435-644-2534,,,,,,,TRUE,2,https://kanab.utah.gov/2169/City-Council ; no individual emails published; phone = city office
Mollie Halterman,Mayor,city,Parowan,,TRUE,INCUMBENT — not on 2026 ballot,,,,https://www.parowan.gov/1196/Mayor-Council,,435-238-0993,,,,,,,TRUE,1,"https://www.parowan.gov/1196/Mayor-Council ; emails only via web form; mayor phone from page, council phone = city recorder line"
David Burton,City Council Member,city,Parowan,,TRUE,INCUMBENT — not on 2026 ballot,,,,https://www.parowan.gov/1196/Mayor-Council,,435-477-3331,,,,,,,TRUE,2,"https://www.parowan.gov/1196/Mayor-Council ; emails only via web form; mayor phone from page, council phone = city recorder line"
David Harris,City Council Member,city,Parowan,,TRUE,INCUMBENT — not on 2026 ballot,,,,https://www.parowan.gov/1196/Mayor-Council,,435-477-3331,,,,,,,TRUE,2,"https://www.parowan.gov/1196/Mayor-Council ; emails only via web form; mayor phone from page, council phone = city recorder line"
John Dean,City Council Member,city,Parowan,,TRUE,INCUMBENT — not on 2026 ballot,,,,https://www.parowan.gov/1196/Mayor-Council,,435-477-3331,,,,,,,TRUE,2,"https://www.parowan.gov/1196/Mayor-Council ; emails only via web form; mayor phone from page, council phone = city recorder line"
Rochell Topham,City Council Member,city,Parowan,,TRUE,INCUMBENT — not on 2026 ballot,,,,https://www.parowan.gov/1196/Mayor-Council,,435-477-3331,,,,,,,TRUE,2,"https://www.parowan.gov/1196/Mayor-Council ; emails only via web form; mayor phone from page, council phone = city recorder line"
Lyle Barton,City Council Member,city,Parowan,,TRUE,INCUMBENT — not on 2026 ballot,,,,https://www.parowan.gov/1196/Mayor-Council,,435-477-3331,,,,,,,TRUE,2,"https://www.parowan.gov/1196/Mayor-Council ; emails only via web form; mayor phone from page, council phone = city recorder line"
Jim Rushton,Mayor,city,Enoch,,TRUE,INCUMBENT — not on 2026 ballot,,,,https://www.enochcityut.gov/city-council.html,mayor@enochcityut.gov,435-586-1119,,,,,,,TRUE,1,https://www.enochcityut.gov/city-council.html ; phone = city office
David Harris,City Council Member,city,Enoch,,TRUE,INCUMBENT — not on 2026 ballot,,,,https://www.enochcityut.gov/city-council.html,David@enochcityut.gov,435-586-1119,,,,,,,TRUE,2,https://www.enochcityut.gov/city-council.html ; phone = city office
Shawn Stoor,City Council Member,city,Enoch,,TRUE,INCUMBENT — not on 2026 ballot,,,,https://www.enochcityut.gov/city-council.html,Shawn@enochcityut.gov,435-586-1119,,,,,,,TRUE,2,https://www.enochcityut.gov/city-council.html ; phone = city office
Debra Ley,City Council Member,city,Enoch,,TRUE,INCUMBENT — not on 2026 ballot,,,,https://www.enochcityut.gov/city-council.html,Debra@enochcityut.gov,435-586-1119,,,,,,,TRUE,2,https://www.enochcityut.gov/city-council.html ; phone = city office
Kimberlee Trower,City Council Member,city,Enoch,,TRUE,INCUMBENT — not on 2026 ballot,,,,https://www.enochcityut.gov/city-council.html,Kimberlee@enochcityut.gov,435-586-1119,,,,,,,TRUE,2,https://www.enochcityut.gov/city-council.html ; phone = city office
Jacob Miner,City Council Member,city,Enoch,,TRUE,INCUMBENT — not on 2026 ballot,,,,https://www.enochcityut.gov/city-council.html,Jacob@enochcityut.gov,435-586-1119,,,,,,,TRUE,2,https://www.enochcityut.gov/city-council.html ; phone = city office
Barbara Bruno,Mayor,city,Springdale,,TRUE,INCUMBENT — not on 2026 ballot,,,,https://www.springdaletown.com/322/Town-Council,bbruno@springdale.utah.gov,435-772-3434,,,,,,,TRUE,1,https://www.springdaletown.com/322/Town-Council ; phone = town offices
Randy Aton,Town Council Member,city,Springdale,,TRUE,INCUMBENT — not on 2026 ballot,,,,https://www.springdaletown.com/322/Town-Council,raton@springdale.utah.gov,435-772-3434,,,,,,,TRUE,2,https://www.springdaletown.com/322/Town-Council ; phone = town offices
Jack Burns,Town Council Member,city,Springdale,,TRUE,INCUMBENT — not on 2026 ballot,,,,https://www.springdaletown.com/322/Town-Council,jburns@springdale.utah.gov,435-772-3434,,,,,,,TRUE,2,https://www.springdaletown.com/322/Town-Council ; phone = town offices
Kyla Topham,Town Council Member,city,Springdale,,TRUE,INCUMBENT — not on 2026 ballot,,,,https://www.springdaletown.com/322/Town-Council,ktopham@springdale.utah.gov,435-772-3434,,,,,,,TRUE,2,https://www.springdaletown.com/322/Town-Council ; phone = town offices
Pat Campbell,Town Council Member,city,Springdale,,TRUE,INCUMBENT — not on 2026 ballot,,,,https://www.springdaletown.com/322/Town-Council,pcampbell@springdale.utah.gov,435-772-3434,,,,,,,TRUE,2,https://www.springdaletown.com/322/Town-Council ; phone = town offices
Wayne Peterson,Mayor,city,Leeds,,TRUE,INCUMBENT — not on 2026 ballot,,,,https://leeds.utah.gov/directory/,mayor@leeds.utah.gov,435-879-2447,,,,,,,TRUE,1,https://leeds.utah.gov/directory/ ; directory page undated; phone = town office
Christine Harvey,Town Council Member,city,Leeds,,TRUE,INCUMBENT — not on 2026 ballot,,,,https://leeds.utah.gov/directory/,Charvey@leeds.utah.gov,435-879-2447,,,,,,,TRUE,2,https://leeds.utah.gov/directory/ ; directory page undated; phone = town office
Kohl Furley,Town Council Member,city,Leeds,,TRUE,INCUMBENT — not on 2026 ballot,,,,https://leeds.utah.gov/directory/,kfurley@leeds.utah.gov,435-879-2447,,,,,,,TRUE,2,https://leeds.utah.gov/directory/ ; directory page undated; phone = town office
Aaron Price,Town Council Member,city,Leeds,,TRUE,INCUMBENT — not on 2026 ballot,,,,https://leeds.utah.gov/directory/,Aprice@leeds.utah.gov,435-879-2447,,,,,,,TRUE,2,https://leeds.utah.gov/directory/ ; directory page undated; phone = town office
Jeffrey Allen,Town Council Member,city,Leeds,,TRUE,INCUMBENT — not on 2026 ballot,,,,https://leeds.utah.gov/directory/,jallen@leeds.utah.gov,435-879-2447,,,,,,,TRUE,2,https://leeds.utah.gov/directory/ ; directory page undated; phone = town office
Lowell D. Prince,Mayor,city,New Harmony,,TRUE,INCUMBENT — not on 2026 ballot,,,,https://newharmony.utah.gov/government/,,,,,,,,,TRUE,1,https://newharmony.utah.gov/government/ ; page undated; no emails/phones attributable to individuals
Travis Batty,Town Council Member,city,New Harmony,,TRUE,INCUMBENT — not on 2026 ballot,,,,https://newharmony.utah.gov/government/,,,,,,,,,TRUE,2,https://newharmony.utah.gov/government/ ; page undated; no emails/phones attributable to individuals
Scott Pace,Town Council Member,city,New Harmony,,TRUE,INCUMBENT — not on 2026 ballot,,,,https://newharmony.utah.gov/government/,,,,,,,,,TRUE,2,https://newharmony.utah.gov/government/ ; page undated; no emails/phones attributable to individuals
Norm Allan,Town Council Member,city,New Harmony,,TRUE,INCUMBENT — not on 2026 ballot,,,,https://newharmony.utah.gov/government/,,,,,,,,,TRUE,2,https://newharmony.utah.gov/government/ ; page undated; no emails/phones attributable to individuals
Marty Larsen,Town Council Member,city,New Harmony,,TRUE,INCUMBENT — not on 2026 ballot,,,,https://newharmony.utah.gov/government/,,,,,,,,,TRUE,2,https://newharmony.utah.gov/government/ ; page undated; no emails/phones attributable to individuals
Ray Spencer,Mayor,city,Orderville,,TRUE,INCUMBENT — not on 2026 ballot,,,,https://orderville.utah.gov/directory,,(435) 648-2534,,,,,,,TRUE,1,https://orderville.utah.gov/directory ; directory undated; titled 'Town Board Members' (council); phone = town office
Shaun Sharkey,Town Council Member,city,Orderville,,TRUE,INCUMBENT — not on 2026 ballot,,,,https://orderville.utah.gov/directory,,(435) 648-2534,,,,,,,TRUE,2,https://orderville.utah.gov/directory ; directory undated; titled 'Town Board Members' (council); phone = town office
Susan Esplin,Town Council Member,city,Orderville,,TRUE,INCUMBENT — not on 2026 ballot,,,,https://orderville.utah.gov/directory,,(435) 648-2534,,,,,,,TRUE,2,https://orderville.utah.gov/directory ; directory undated; titled 'Town Board Members' (council); phone = town office
Shanda Frost,Town Council Member,city,Orderville,,TRUE,INCUMBENT — not on 2026 ballot,,,,https://orderville.utah.gov/directory,,(435) 648-2534,,,,,,,TRUE,2,https://orderville.utah.gov/directory ; directory undated; titled 'Town Board Members' (council); phone = town office
Robert Caruso,Town Council Member,city,Orderville,,TRUE,INCUMBENT — not on 2026 ballot,,,,https://orderville.utah.gov/directory,,(435) 648-2534,,,,,,,TRUE,2,https://orderville.utah.gov/directory ; directory undated; titled 'Town Board Members' (council); phone = town office
Maresa Manzione,Mayor,city,Tooele,,TRUE,INCUMBENT — not on 2026 ballot,,,,https://www.tooelecity.gov/government/city_council/index.php,,435-843-2100,,,,,,,TRUE,1,https://www.tooelecity.gov/government/city_council/index.php
Justin Brady,City Council Member,city,Tooele,,TRUE,INCUMBENT — not on 2026 ballot,,,,https://www.tooelecity.gov/government/city_council/index.php,jbrady@tooelecity.gov,435-841-7836,,,,,,,TRUE,2,https://www.tooelecity.gov/government/city_council/index.php
Melodi Gochis,City Council Member,city,Tooele,,TRUE,INCUMBENT — not on 2026 ballot,,,,https://www.tooelecity.gov/government/city_council/index.php,mgochis@tooelecity.gov,435-830-9611,,,,,,,TRUE,2,https://www.tooelecity.gov/government/city_council/index.php
Jon Gossett,City Council Member,city,Tooele,,TRUE,INCUMBENT — not on 2026 ballot,,,,https://www.tooelecity.gov/government/city_council/index.php,jgossett@tooelecity.gov,801-856-7548,,,,,,,TRUE,2,https://www.tooelecity.gov/government/city_council/index.php
Ed Hansen,City Council Member,city,Tooele,,TRUE,INCUMBENT — not on 2026 ballot,,,,https://www.tooelecity.gov/government/city_council/index.php,ehansen@tooelecity.gov,801-635-6871,,,,,,,TRUE,2,https://www.tooelecity.gov/government/city_council/index.php
Dave McCall,City Council Member,city,Tooele,,TRUE,INCUMBENT — not on 2026 ballot,,,,https://www.tooelecity.gov/government/city_council/index.php,dmccall@tooelecity.gov,435-496-0458,,,,,,,TRUE,2,https://www.tooelecity.gov/government/city_council/index.php
Heidi Hammond,Mayor,city,Grantsville,,TRUE,INCUMBENT — not on 2026 ballot,,,,https://www.grantsvilleut.gov/government/city_council.php,hhammond@grantsvilleut.gov,(435) 884-3411,,,,,,,TRUE,1,https://www.grantsvilleut.gov/government/city_council.php; Jan 2026 minutes via utah.gov/pmn
Rhett Butler,City Council Member,city,Grantsville,,TRUE,INCUMBENT — not on 2026 ballot,,,,https://www.grantsvilleut.gov/government/city_council.php,rbutler@grantsvilleut.gov,(435) 884-3411,,,,,,,TRUE,2,https://www.grantsvilleut.gov/government/city_council.php; Jan 2026 minutes via utah.gov/pmn
Derek Dalton,City Council Member,city,Grantsville,,TRUE,INCUMBENT — not on 2026 ballot,,,,https://www.grantsvilleut.gov/government/city_council.php,ddalton@grantsvilleut.gov,(435) 884-3411,,,,,,,TRUE,2,https://www.grantsvilleut.gov/government/city_council.php; Jan 2026 minutes via utah.gov/pmn
Brittany Skinner,City Council Member,city,Grantsville,,TRUE,INCUMBENT — not on 2026 ballot,,,,https://www.grantsvilleut.gov/government/city_council.php,bskinner@grantsvilleut.gov,(435) 884-3411,,,,,,,TRUE,2,https://www.grantsvilleut.gov/government/city_council.php; Jan 2026 minutes via utah.gov/pmn
Jake Thomas,City Council Member,city,Grantsville,,TRUE,INCUMBENT — not on 2026 ballot,,,,https://www.grantsvilleut.gov/government/city_council.php,jthomas@grantsvilleut.gov,(435) 884-3411,,,,,,,TRUE,2,https://www.grantsvilleut.gov/government/city_council.php; Jan 2026 minutes via utah.gov/pmn
Jeff Williams,City Council Member,city,Grantsville,,TRUE,INCUMBENT — not on 2026 ballot,,,,https://www.grantsvilleut.gov/government/city_council.php,jwilliams@grantsvilleut.gov,(435) 884-3411,,,,,,,TRUE,2,https://www.grantsvilleut.gov/government/city_council.php; Jan 2026 minutes via utah.gov/pmn
Adam Palafox,Mayor,city,Wendover,,TRUE,INCUMBENT — not on 2026 ballot,,,,https://wendovercityutah.com/mayor-%26-city-council,mayor@wendoverut.us,,,,,,,,TRUE,1,https://wendovercityutah.com/mayor-%26-city-council; some emails are personal addresses as published
Manny Carrillo,City Council Member,city,Wendover,,TRUE,INCUMBENT — not on 2026 ballot,,,,https://wendovercityutah.com/mayor-%26-city-council,copperkettlecafe16@hotmail.com,,,,,,,,TRUE,2,https://wendovercityutah.com/mayor-%26-city-council; some emails are personal addresses as published
Darlene Trammell,City Council Member,city,Wendover,,TRUE,INCUMBENT — not on 2026 ballot,,,,https://wendovercityutah.com/mayor-%26-city-council,darlenetrammell@yahoo.com,,,,,,,,TRUE,2,https://wendovercityutah.com/mayor-%26-city-council; some emails are personal addresses as published
Radine Murphy,City Council Member,city,Wendover,,TRUE,INCUMBENT — not on 2026 ballot,,,,https://wendovercityutah.com/mayor-%26-city-council,murphy.radine@gmail.com,,,,,,,,TRUE,2,https://wendovercityutah.com/mayor-%26-city-council; some emails are personal addresses as published
Brandon Grossman,City Council Member,city,Wendover,,TRUE,INCUMBENT — not on 2026 ballot,,,,https://wendovercityutah.com/mayor-%26-city-council,bgrossman14@gmail.com,,,,,,,,TRUE,2,https://wendovercityutah.com/mayor-%26-city-council; some emails are personal addresses as published
Tanner Moore,City Council Member,city,Wendover,,TRUE,INCUMBENT — not on 2026 ballot,,,,https://wendovercityutah.com/mayor-%26-city-council,tanner.moore@tooeleco.gov,,,,,,,,TRUE,2,https://wendovercityutah.com/mayor-%26-city-council; some emails are personal addresses as published
Joe Johnston,Mayor,city,Stockton,,TRUE,INCUMBENT — not on 2026 ballot,,,,https://www.stocktontown.org/,,435-882-3877,,,,,,,TRUE,1,"Mayor from utah.gov/pmn search; council from Jan 8 2026 swearing-in notice (4 names found, 5th seat not confirmed); site stocktontown.org (home page only)"
Shyla Solomon,Town Council Member,city,Stockton,,TRUE,INCUMBENT — not on 2026 ballot,,,,https://www.stocktontown.org/,,435-882-3877,,,,,,,TRUE,2,"Mayor from utah.gov/pmn search; council from Jan 8 2026 swearing-in notice (4 names found, 5th seat not confirmed); site stocktontown.org (home page only)"
Emily Castagno,Town Council Member,city,Stockton,,TRUE,INCUMBENT — not on 2026 ballot,,,,https://www.stocktontown.org/,,435-882-3877,,,,,,,TRUE,2,"Mayor from utah.gov/pmn search; council from Jan 8 2026 swearing-in notice (4 names found, 5th seat not confirmed); site stocktontown.org (home page only)"
Ron Staley,Town Council Member,city,Stockton,,TRUE,INCUMBENT — not on 2026 ballot,,,,https://www.stocktontown.org/,,435-882-3877,,,,,,,TRUE,2,"Mayor from utah.gov/pmn search; council from Jan 8 2026 swearing-in notice (4 names found, 5th seat not confirmed); site stocktontown.org (home page only)"
Tom Speakman,Town Council Member,city,Stockton,,TRUE,INCUMBENT — not on 2026 ballot,,,,https://www.stocktontown.org/,,435-882-3877,,,,,,,TRUE,2,"Mayor from utah.gov/pmn search; council from Jan 8 2026 swearing-in notice (4 names found, 5th seat not confirmed); site stocktontown.org (home page only)"
Brian Johnson,Mayor,city,Rush Valley,,TRUE,INCUMBENT — not on 2026 ballot,,,,https://rushvalley.utah.gov/departments/town-council-department,town@rushvalley.utah.gov,(435) 354-3551,,,,,,,TRUE,1,https://rushvalley.utah.gov/departments/town-council-department; mayor Brian Johnson from search snippet of rushvalleytown.com mayor page (unverified on fetch); email is shared town address
Lacey Burrows,Town Council Member,city,Rush Valley,,TRUE,INCUMBENT — not on 2026 ballot,,,,https://rushvalley.utah.gov/departments/town-council-department,town@rushvalley.utah.gov,(435) 354-3551,,,,,,,TRUE,2,https://rushvalley.utah.gov/departments/town-council-department; mayor Brian Johnson from search snippet of rushvalleytown.com mayor page (unverified on fetch); email is shared town address
Pete Albrecht,Town Council Member,city,Rush Valley,,TRUE,INCUMBENT — not on 2026 ballot,,,,https://rushvalley.utah.gov/departments/town-council-department,town@rushvalley.utah.gov,(435) 354-3551,,,,,,,TRUE,2,https://rushvalley.utah.gov/departments/town-council-department; mayor Brian Johnson from search snippet of rushvalleytown.com mayor page (unverified on fetch); email is shared town address
Dana Gardner,Town Council Member,city,Rush Valley,,TRUE,INCUMBENT — not on 2026 ballot,,,,https://rushvalley.utah.gov/departments/town-council-department,town@rushvalley.utah.gov,(435) 354-3551,,,,,,,TRUE,2,https://rushvalley.utah.gov/departments/town-council-department; mayor Brian Johnson from search snippet of rushvalleytown.com mayor page (unverified on fetch); email is shared town address
Jeremiah Harding,Town Council Member,city,Rush Valley,,TRUE,INCUMBENT — not on 2026 ballot,,,,https://rushvalley.utah.gov/departments/town-council-department,town@rushvalley.utah.gov,(435) 354-3551,,,,,,,TRUE,2,https://rushvalley.utah.gov/departments/town-council-department; mayor Brian Johnson from search snippet of rushvalleytown.com mayor page (unverified on fetch); email is shared town address
John Olson,Mayor,city,Vernon,,TRUE,INCUMBENT — not on 2026 ballot,,,,https://vernon.utah.gov/government/town-officials/,john.olson@vernon.utah.gov,,,,,,,,TRUE,1,https://vernon.utah.gov/government/town-officials/
Jamison Richey,Town Council Member,city,Vernon,,TRUE,INCUMBENT — not on 2026 ballot,,,,https://vernon.utah.gov/government/town-officials/,jamison.richey@vernon.utah.gov,,,,,,,,TRUE,2,https://vernon.utah.gov/government/town-officials/
Scott Livingston,Town Council Member,city,Vernon,,TRUE,INCUMBENT — not on 2026 ballot,,,,https://vernon.utah.gov/government/town-officials/,s.robert.livingston@vernon.utah.gov,,,,,,,,TRUE,2,https://vernon.utah.gov/government/town-officials/
Taimani Lauti,Town Council Member,city,Vernon,,TRUE,INCUMBENT — not on 2026 ballot,,,,https://vernon.utah.gov/government/town-officials/,taimani.lauti@vernon.utah.gov,,,,,,,,TRUE,2,https://vernon.utah.gov/government/town-officials/
Michael Cheatham,Town Council Member,city,Vernon,,TRUE,INCUMBENT — not on 2026 ballot,,,,https://vernon.utah.gov/government/town-officials/,michael.cheatham@vernon.utah.gov,,,,,,,,TRUE,2,https://vernon.utah.gov/government/town-officials/
Scott Droubay,City Council District 1,city,Erda,,TRUE,INCUMBENT — not on 2026 ballot,,,,https://erda.gov/city-government/city-council/,sdroubay@erda.gov,435-354-9215,,,,,,,TRUE,2,https://erda.gov/city-government/city-council/; no separate mayor (council form); page may lag Jan 2026 changes
Kyle Mathews,City Council District 2,city,Erda,,TRUE,INCUMBENT — not on 2026 ballot,,,,https://erda.gov/city-government/city-council/,kmathews@erda.gov,435-354-9218,,,,,,,TRUE,3,https://erda.gov/city-government/city-council/; no separate mayor (council form); page may lag Jan 2026 changes
Clyde Christensen,City Council District 3,city,Erda,,TRUE,INCUMBENT — not on 2026 ballot,,,,https://erda.gov/city-government/city-council/,cchristensen@erda.gov,435-354-9217,,,,,,,TRUE,4,https://erda.gov/city-government/city-council/; no separate mayor (council form); page may lag Jan 2026 changes
Larry Kimpel,City Council District 4,city,Erda,,TRUE,INCUMBENT — not on 2026 ballot,,,,https://erda.gov/city-government/city-council/,lkimpel@erda.gov,435-354-9216,,,,,,,TRUE,5,https://erda.gov/city-government/city-council/; no separate mayor (council form); Vice Chair; page may lag Jan 2026 changes
Sheldon Birch,City Council District 5,city,Erda,,TRUE,INCUMBENT — not on 2026 ballot,,,,https://erda.gov/city-government/city-council/,sbirch@erda.gov,435-354-9219,,,,,,,TRUE,6,https://erda.gov/city-government/city-council/; no separate mayor (council form); Chair; page may lag Jan 2026 changes
Kathleen VonHatten,City Council At-Large,city,Lake Point,,TRUE,INCUMBENT — not on 2026 ballot,,,,https://lakepoint.gov/city-council/,kvonhatten@lakepoint.org,435-882-1111,,,,,,,TRUE,2,https://lakepoint.gov/city-council/; no separate mayor (5 at-large council); Chair; site has some inconsistent contact info
Kirk Pearson,City Council At-Large,city,Lake Point,,TRUE,INCUMBENT — not on 2026 ballot,,,,https://lakepoint.gov/city-council/,kirk.pearson@lakepoint.gov,435-882-1111,,,,,,,TRUE,2,https://lakepoint.gov/city-council/; no separate mayor (5 at-large council); Vice Chair; site has some inconsistent contact info
Ryan Zumwalt,City Council At-Large,city,Lake Point,,TRUE,INCUMBENT — not on 2026 ballot,,,,https://lakepoint.gov/city-council/,ryan.zumwalt@lakepoint.gov,385-414-3935,,,,,,,TRUE,2,https://lakepoint.gov/city-council/; no separate mayor (5 at-large council); site has some inconsistent contact info
Lori Chigbrow,City Council At-Large,city,Lake Point,,TRUE,INCUMBENT — not on 2026 ballot,,,,https://lakepoint.gov/city-council/,lori.chigbrow@lakepoint.gov,801-558-8616,,,,,,,TRUE,2,https://lakepoint.gov/city-council/; no separate mayor (5 at-large council); site has some inconsistent contact info
Kirk Trimble,City Council At-Large,city,Lake Point,,TRUE,INCUMBENT — not on 2026 ballot,,,,https://lakepoint.gov/city-council/,kirk.trimble@lakepoint.gov,,,,,,,,TRUE,2,https://lakepoint.gov/city-council/; no separate mayor (5 at-large council); site has some inconsistent contact info
Ryan Dickey,Mayor,city,Park City,,TRUE,INCUMBENT — not on 2026 ballot,,,,https://www.parkcity.gov/government/city-council,,,,,,,,,TRUE,1,"KPCW/TownLift Jan 2026 (kpcw.org/park-city/2026-01-05; townlift.com/2026/01/park-city-council-appoints-molly-miller...); parkcity.gov page not fetchable; Parigian/Ciraco/Toly/Zegarra/Miller council names from news, verify"
Tana Toly,City Council Member,city,Park City,,TRUE,INCUMBENT — not on 2026 ballot,,,,https://www.parkcity.gov/government/city-council,,,,,,,,,TRUE,2,"KPCW/TownLift Jan 2026 (kpcw.org/park-city/2026-01-05; townlift.com/2026/01/park-city-council-appoints-molly-miller...); parkcity.gov page not fetchable; Parigian/Ciraco/Toly/Zegarra/Miller council names from news, verify"
Diego Zegarra,City Council Member,city,Park City,,TRUE,INCUMBENT — not on 2026 ballot,,,,https://www.parkcity.gov/government/city-council,,,,,,,,,TRUE,2,"KPCW/TownLift Jan 2026 (kpcw.org/park-city/2026-01-05; townlift.com/2026/01/park-city-council-appoints-molly-miller...); parkcity.gov page not fetchable; Parigian/Ciraco/Toly/Zegarra/Miller council names from news, verify"
Bill Ciraco,City Council Member,city,Park City,,TRUE,INCUMBENT — not on 2026 ballot,,,,https://www.parkcity.gov/government/city-council,,,,,,,,,TRUE,2,"KPCW/TownLift Jan 2026 (kpcw.org/park-city/2026-01-05; townlift.com/2026/01/park-city-council-appoints-molly-miller...); parkcity.gov page not fetchable; Parigian/Ciraco/Toly/Zegarra/Miller council names from news, verify"
Ed Parigian,City Council Member,city,Park City,,TRUE,INCUMBENT — not on 2026 ballot,,,,https://www.parkcity.gov/government/city-council,,,,,,,,,TRUE,2,"KPCW/TownLift Jan 2026 (kpcw.org/park-city/2026-01-05; townlift.com/2026/01/park-city-council-appoints-molly-miller...); parkcity.gov page not fetchable; Parigian/Ciraco/Toly/Zegarra/Miller council names from news, verify"
Molly Miller,City Council Member,city,Park City,,TRUE,INCUMBENT — not on 2026 ballot,,,,https://www.parkcity.gov/government/city-council,,,,,,,,,TRUE,2,"KPCW/TownLift Jan 2026 (kpcw.org/park-city/2026-01-05; townlift.com/2026/01/park-city-council-appoints-molly-miller...); parkcity.gov page not fetchable; Parigian/Ciraco/Toly/Zegarra/Miller council names from news, verify"
Matt McCormick,Mayor,city,Kamas,,TRUE,INCUMBENT — not on 2026 ballot,,,,https://www.kamascityut.gov/,,,,,,,,,TRUE,1,June 9 2026 council minutes (utah.gov/pmn); official site www.kamascityut.gov not readable; general email info@kamascityut.gov
Larry Gines,City Council Member,city,Kamas,,TRUE,INCUMBENT — not on 2026 ballot,,,,https://www.kamascityut.gov/,,435-783-4630,,,,,,,TRUE,2,June 9 2026 council minutes (utah.gov/pmn); official site www.kamascityut.gov not readable; general email info@kamascityut.gov
Mike Georgi,City Council Member,city,Kamas,,TRUE,INCUMBENT — not on 2026 ballot,,,,https://www.kamascityut.gov/,,435-783-4630,,,,,,,TRUE,2,June 9 2026 council minutes (utah.gov/pmn); official site www.kamascityut.gov not readable; general email info@kamascityut.gov
Leslie Staples,City Council Member,city,Kamas,,TRUE,INCUMBENT — not on 2026 ballot,,,,https://www.kamascityut.gov/,,435-783-4630,,,,,,,TRUE,2,June 9 2026 council minutes (utah.gov/pmn); official site www.kamascityut.gov not readable; general email info@kamascityut.gov
David Darcey,City Council Member,city,Kamas,,TRUE,INCUMBENT — not on 2026 ballot,,,,https://www.kamascityut.gov/,,435-783-4630,,,,,,,TRUE,2,June 9 2026 council minutes (utah.gov/pmn); official site www.kamascityut.gov not readable; general email info@kamascityut.gov
Monica Blazzard,City Council Member,city,Kamas,,TRUE,INCUMBENT — not on 2026 ballot,,,,https://www.kamascityut.gov/,,435-783-4630,,,,,,,TRUE,2,June 9 2026 council minutes (utah.gov/pmn); official site www.kamascityut.gov not readable; general email info@kamascityut.gov
Jeremie Forman,Mayor,city,Francis,,TRUE,INCUMBENT — not on 2026 ballot,,,,https://francisutah.gov/city-council,,435-280-4040,,,,,,,TRUE,1,https://francisutah.gov/city-council; 2026 meeting notices (utah.gov/pmn); emails obfuscated on site so not captured
Sam Hunter,City Council Member,city,Francis,,TRUE,INCUMBENT — not on 2026 ballot,,,,https://francisutah.gov/city-council,,714-981-4822,,,,,,,TRUE,2,https://francisutah.gov/city-council; 2026 meeting notices (utah.gov/pmn); emails obfuscated on site so not captured
Riley Atkinson,City Council Member,city,Francis,,TRUE,INCUMBENT — not on 2026 ballot,,,,https://francisutah.gov/city-council,,435-659-4102,,,,,,,TRUE,2,https://francisutah.gov/city-council; 2026 meeting notices (utah.gov/pmn); emails obfuscated on site so not captured
Clayton Querry,City Council Member,city,Francis,,TRUE,INCUMBENT — not on 2026 ballot,,,,https://francisutah.gov/city-council,,435-640-9265,,,,,,,TRUE,2,https://francisutah.gov/city-council; 2026 meeting notices (utah.gov/pmn); emails obfuscated on site so not captured
Clint Summers,City Council Member,city,Francis,,TRUE,INCUMBENT — not on 2026 ballot,,,,https://francisutah.gov/city-council,,801-350-1471,,,,,,,TRUE,2,https://francisutah.gov/city-council; 2026 meeting notices (utah.gov/pmn); emails obfuscated on site so not captured
Steve Wilmoth,Mayor,city,Oakley,,TRUE,INCUMBENT — not on 2026 ballot,,,,https://www.oakleyut.gov/citycouncil,steve@oakleyut.gov,(801) 367-2629,,,,,,,TRUE,1,https://www.oakleyut.gov/citycouncil
Chris Dillman,City Council Member,city,Oakley,,TRUE,INCUMBENT — not on 2026 ballot,,,,https://www.oakleyut.gov/citycouncil,chris.dillman@oakleyut.gov,(801) 301-9644,,,,,,,TRUE,2,https://www.oakleyut.gov/citycouncil
Joe Frazier,City Council Member,city,Oakley,,TRUE,INCUMBENT — not on 2026 ballot,,,,https://www.oakleyut.gov/citycouncil,joe@oakleyut.gov,(435) 640-2388,,,,,,,TRUE,2,https://www.oakleyut.gov/citycouncil
Dave Neff,City Council Member,city,Oakley,,TRUE,INCUMBENT — not on 2026 ballot,,,,https://www.oakleyut.gov/citycouncil,dave@oakleyut.gov,(801) 541-5385,,,,,,,TRUE,2,https://www.oakleyut.gov/citycouncil
Amy Regan,City Council Member,city,Oakley,,TRUE,INCUMBENT — not on 2026 ballot,,,,https://www.oakleyut.gov/citycouncil,amy.regan@oakleyut.gov,(435) 300-5832,,,,,,,TRUE,2,https://www.oakleyut.gov/citycouncil
Tom Smart,City Council Member,city,Oakley,,TRUE,INCUMBENT — not on 2026 ballot,,,,https://www.oakleyut.gov/citycouncil,tom@oakleyut.gov,(801) 809-2007,,,,,,,TRUE,2,https://www.oakleyut.gov/citycouncil
Rory Swensen,Mayor,city,Coalville,,TRUE,INCUMBENT — not on 2026 ballot,,,,https://www.coalvillecity.gov/1193/Mayor-City-Council,,(435) 336-5981,,,,,,,TRUE,1,https://www.coalvillecity.gov/1193/Mayor-City-Council; emails obfuscated on site; mayor term listed as expiring 2026 on page - confirm; main phone
Brandon Brady,City Council Member,city,Coalville,,TRUE,INCUMBENT — not on 2026 ballot,,,,https://www.coalvillecity.gov/1193/Mayor-City-Council,,(435) 336-5981,,,,,,,TRUE,2,https://www.coalvillecity.gov/1193/Mayor-City-Council; emails obfuscated on site; mayor term listed as expiring 2026 on page - confirm; main phone
Matt Boyer,City Council Member,city,Coalville,,TRUE,INCUMBENT — not on 2026 ballot,,,,https://www.coalvillecity.gov/1193/Mayor-City-Council,,(435) 336-5981,,,,,,,TRUE,2,https://www.coalvillecity.gov/1193/Mayor-City-Council; emails obfuscated on site; mayor term listed as expiring 2026 on page - confirm; main phone
Lynn Wood,City Council Member,city,Coalville,,TRUE,INCUMBENT — not on 2026 ballot,,,,https://www.coalvillecity.gov/1193/Mayor-City-Council,,(435) 336-5981,,,,,,,TRUE,2,https://www.coalvillecity.gov/1193/Mayor-City-Council; emails obfuscated on site; mayor term listed as expiring 2026 on page - confirm; main phone
Shaun Powis,City Council Member,city,Coalville,,TRUE,INCUMBENT — not on 2026 ballot,,,,https://www.coalvillecity.gov/1193/Mayor-City-Council,,(435) 336-5981,,,,,,,TRUE,2,https://www.coalvillecity.gov/1193/Mayor-City-Council; emails obfuscated on site; mayor term listed as expiring 2026 on page - confirm; main phone
Jeff Peterson,City Council Member,city,Coalville,,TRUE,INCUMBENT — not on 2026 ballot,,,,https://www.coalvillecity.gov/1193/Mayor-City-Council,,(435) 336-5981,,,,,,,TRUE,2,https://www.coalvillecity.gov/1193/Mayor-City-Council; emails obfuscated on site; mayor term listed as expiring 2026 on page - confirm; main phone
Kay H. Richins,Mayor,city,Henefer,,TRUE,INCUMBENT — not on 2026 ballot,,,,https://www.utah.gov/pmn/,,(435) 336-5365,,,,,,,TRUE,1,"utah.gov/pmn 2026 meeting notices (no town website found); town office 150 W Center St, (435) 336-5365; council list from most recent notices, verify"
Rush Hotchkiss,Town Council Member,city,Henefer,,TRUE,INCUMBENT — not on 2026 ballot,,,,https://www.utah.gov/pmn/,,(435) 336-5365,,,,,,,TRUE,2,"utah.gov/pmn 2026 meeting notices (no town website found); town office 150 W Center St, (435) 336-5365; council list from most recent notices, verify"
Steven Dallin,Town Council Member,city,Henefer,,TRUE,INCUMBENT — not on 2026 ballot,,,,https://www.utah.gov/pmn/,,(435) 336-5365,,,,,,,TRUE,2,"utah.gov/pmn 2026 meeting notices (no town website found); town office 150 W Center St, (435) 336-5365; council list from most recent notices, verify"
Chad West,Town Council Member,city,Henefer,,TRUE,INCUMBENT — not on 2026 ballot,,,,https://www.utah.gov/pmn/,,(435) 336-5365,,,,,,,TRUE,2,"utah.gov/pmn 2026 meeting notices (no town website found); town office 150 W Center St, (435) 336-5365; council list from most recent notices, verify"
Alec Deru,Town Council Member,city,Henefer,,TRUE,INCUMBENT — not on 2026 ballot,,,,https://www.utah.gov/pmn/,,(435) 336-5365,,,,,,,TRUE,2,"utah.gov/pmn 2026 meeting notices (no town website found); town office 150 W Center St, (435) 336-5365; council list from most recent notices, verify"
Heidi Franco,Mayor,city,Heber City,,TRUE,INCUMBENT — not on 2026 ballot,,,,https://www.heberut.gov/175/City-Council,hfranco@heberut.gov,435-654-0757,,,,,,,TRUE,1,https://www.heberut.gov/175/City-Council; KPCW Jan 8 2026
Aaron Cheatwood,City Council Member,city,Heber City,,TRUE,INCUMBENT — not on 2026 ballot,,,,https://www.heberut.gov/175/City-Council,acheatwood@heberut.gov,435-654-0757,,,,,,,TRUE,2,https://www.heberut.gov/175/City-Council; KPCW Jan 8 2026
Sid Ostergaard,City Council Member,city,Heber City,,TRUE,INCUMBENT — not on 2026 ballot,,,,https://www.heberut.gov/175/City-Council,sostergaard@heberut.gov,435-654-0757,,,,,,,TRUE,2,https://www.heberut.gov/175/City-Council; KPCW Jan 8 2026
Mike Johnston,City Council Member,city,Heber City,,TRUE,INCUMBENT — not on 2026 ballot,,,,https://www.heberut.gov/175/City-Council,mjohnston@heberut.gov,435-654-0757,,,,,,,TRUE,2,https://www.heberut.gov/175/City-Council; KPCW Jan 8 2026
Morgan Murdock,City Council Member,city,Heber City,,TRUE,INCUMBENT — not on 2026 ballot,,,,https://www.heberut.gov/175/City-Council,mmurdock@heberut.gov,435-654-0757,,,,,,,TRUE,2,https://www.heberut.gov/175/City-Council; KPCW Jan 8 2026
Yvonne Barney,City Council Member,city,Heber City,,TRUE,INCUMBENT — not on 2026 ballot,,,,https://www.heberut.gov/175/City-Council,ybarney@heberut.gov,435-654-0757,,,,,,,TRUE,2,https://www.heberut.gov/175/City-Council; KPCW Jan 8 2026
Craig Simons,Mayor,city,Midway,,TRUE,INCUMBENT — not on 2026 ballot,,,,https://www.midwaycityut.gov/government/mayor-city-council,csimons@midwaycityut.gov,,,,,,,,TRUE,1,https://www.midwaycityut.gov/government/mayor-city-council
Kevin Payne,City Council Member,city,Midway,,TRUE,INCUMBENT — not on 2026 ballot,,,,https://www.midwaycityut.gov/government/mayor-city-council,kpayne@midwaycityut.gov,,,,,,,,TRUE,2,https://www.midwaycityut.gov/government/mayor-city-council
Lisa Orme,City Council Member,city,Midway,,TRUE,INCUMBENT — not on 2026 ballot,,,,https://www.midwaycityut.gov/government/mayor-city-council,lorme@midwaycityut.gov,,,,,,,,TRUE,2,https://www.midwaycityut.gov/government/mayor-city-council
Andy Garland,City Council Member,city,Midway,,TRUE,INCUMBENT — not on 2026 ballot,,,,https://www.midwaycityut.gov/government/mayor-city-council,agarland@midwaycityut.gov,,,,,,,,TRUE,2,https://www.midwaycityut.gov/government/mayor-city-council
JC Simonsen,City Council Member,city,Midway,,TRUE,INCUMBENT — not on 2026 ballot,,,,https://www.midwaycityut.gov/government/mayor-city-council,jsimonsen@midwaycityut.gov,,,,,,,,TRUE,2,https://www.midwaycityut.gov/government/mayor-city-council
Andrew Osborne,City Council Member,city,Midway,,TRUE,INCUMBENT — not on 2026 ballot,,,,https://www.midwaycityut.gov/government/mayor-city-council,aosborne@midwaycityut.gov,,,,,,,,TRUE,2,https://www.midwaycityut.gov/government/mayor-city-council
Ralph Severini,Mayor,city,Hideout,,TRUE,INCUMBENT — not on 2026 ballot,,,,https://hideoututah.gov/town-council/,,(435) 776-6066,,,,,,,TRUE,1,https://hideoututah.gov/town-council/; emails obfuscated on site; Peter Ginsberg listed with 2026-27 term (appointed)
Peter Ginsberg,Town Council Member,city,Hideout,,TRUE,INCUMBENT — not on 2026 ballot,,,,https://hideoututah.gov/town-council/,,(435) 659-4739,,,,,,,TRUE,2,https://hideoututah.gov/town-council/; emails obfuscated on site; Peter Ginsberg listed with 2026-27 term (appointed)
Tanya Brady,Town Council Member,city,Hideout,,TRUE,INCUMBENT — not on 2026 ballot,,,,https://hideoututah.gov/town-council/,,(435) 659-4739,,,,,,,TRUE,2,https://hideoututah.gov/town-council/; emails obfuscated on site; Peter Ginsberg listed with 2026-27 term (appointed)
Carol Haselton,Town Council Member,city,Hideout,,TRUE,INCUMBENT — not on 2026 ballot,,,,https://hideoututah.gov/town-council/,,(435) 659-4739,,,,,,,TRUE,2,https://hideoututah.gov/town-council/; emails obfuscated on site; Peter Ginsberg listed with 2026-27 term (appointed)
Jonathan Gunn,Town Council Member,city,Hideout,,TRUE,INCUMBENT — not on 2026 ballot,,,,https://hideoututah.gov/town-council/,,(435) 659-4739,,,,,,,TRUE,2,https://hideoututah.gov/town-council/; emails obfuscated on site; Peter Ginsberg listed with 2026-27 term (appointed)
Brian Cooper,Town Council Member,city,Hideout,,TRUE,INCUMBENT — not on 2026 ballot,,,,https://hideoututah.gov/town-council/,,(435) 659-4739,,,,,,,TRUE,2,https://hideoututah.gov/town-council/; emails obfuscated on site; Peter Ginsberg listed with 2026-27 term (appointed)
Scott Kohler,Mayor,city,Daniel,,TRUE,INCUMBENT — not on 2026 ballot,,,,https://danielutah.gov/contact-us,,435-654-5062,,,,,,,TRUE,1,https://danielutah.gov/contact-us; emails obfuscated on site; clerk@danielutah.gov is clerk
Gary Walton,Town Council Member,city,Daniel,,TRUE,INCUMBENT — not on 2026 ballot,,,,https://danielutah.gov/contact-us,,435-654-5062,,,,,,,TRUE,2,https://danielutah.gov/contact-us; emails obfuscated on site; clerk@danielutah.gov is clerk
Eric Bennett,Town Council Member,city,Daniel,,TRUE,INCUMBENT — not on 2026 ballot,,,,https://danielutah.gov/contact-us,,435-654-5062,,,,,,,TRUE,2,https://danielutah.gov/contact-us; emails obfuscated on site; clerk@danielutah.gov is clerk
Stefanie Grady,Town Council Member,city,Daniel,,TRUE,INCUMBENT — not on 2026 ballot,,,,https://danielutah.gov/contact-us,,435-654-5062,,,,,,,TRUE,2,https://danielutah.gov/contact-us; emails obfuscated on site; clerk@danielutah.gov is clerk
Brooke Rose,Town Council Member,city,Daniel,,TRUE,INCUMBENT — not on 2026 ballot,,,,https://danielutah.gov/contact-us,,435-654-5062,,,,,,,TRUE,2,https://danielutah.gov/contact-us; emails obfuscated on site; clerk@danielutah.gov is clerk
Doug Clements,Mayor,city,Charleston,,TRUE,INCUMBENT — not on 2026 ballot,,,,https://charlestontown.utah.gov/council/,mayordougclements@gmail.com,801-793-9537,,,,,,,TRUE,1,https://charlestontown.utah.gov/council/; emails/phones as published (some personal)
Michael Bauer,Town Council Member,city,Charleston,,TRUE,INCUMBENT — not on 2026 ballot,,,,https://charlestontown.utah.gov/council/,mbcharleston26@gmail.com,801-368-7643,,,,,,,TRUE,2,https://charlestontown.utah.gov/council/; emails/phones as published (some personal)
Scott Solum,Town Council Member,city,Charleston,,TRUE,INCUMBENT — not on 2026 ballot,,,,https://charlestontown.utah.gov/council/,sssolum289@gmail.com,801-540-1863,,,,,,,TRUE,2,https://charlestontown.utah.gov/council/; emails/phones as published (some personal)
Don Sant,Town Council Member,city,Charleston,,TRUE,INCUMBENT — not on 2026 ballot,,,,https://charlestontown.utah.gov/council/,dsant66@gmail.com,303-589-6000,,,,,,,TRUE,2,https://charlestontown.utah.gov/council/; emails/phones as published (some personal)
Jim Brown,Town Council Member,city,Charleston,,TRUE,INCUMBENT — not on 2026 ballot,,,,https://charlestontown.utah.gov/council/,shaqstr@yahoo.com,801-380-1089,,,,,,,TRUE,2,https://charlestontown.utah.gov/council/; emails/phones as published (some personal)
Celeni Richins,Mayor,city,Wallsburg,,TRUE,INCUMBENT — not on 2026 ballot,,,,https://www.utah.gov/pmn/sitemap/notice/1086011.html,,,,,,,,,TRUE,1,June 4 2026 meeting notice via utah.gov/pmn; wallsburg.org appears hijacked so not used; council may include a 5th member not named
Terri Eisel,Town Council Member,city,Wallsburg,,TRUE,INCUMBENT — not on 2026 ballot,,,,https://www.utah.gov/pmn/sitemap/notice/1086011.html,,,,,,,,,TRUE,2,June 4 2026 meeting notice via utah.gov/pmn; wallsburg.org appears hijacked so not used; council may include a 5th member not named
Mary Piscitelli,Town Council Member,city,Wallsburg,,TRUE,INCUMBENT — not on 2026 ballot,,,,https://www.utah.gov/pmn/sitemap/notice/1086011.html,,,,,,,,,TRUE,2,June 4 2026 meeting notice via utah.gov/pmn; wallsburg.org appears hijacked so not used; council may include a 5th member not named
Rohn Hortin,Town Council Member,city,Wallsburg,,TRUE,INCUMBENT — not on 2026 ballot,,,,https://www.utah.gov/pmn/sitemap/notice/1086011.html,,,,,,,,,TRUE,2,June 4 2026 meeting notice via utah.gov/pmn; wallsburg.org appears hijacked so not used; council may include a 5th member not named
Peter Nielsen,Town Council Member,city,Wallsburg,,TRUE,INCUMBENT — not on 2026 ballot,,,,https://www.utah.gov/pmn/sitemap/notice/1086011.html,,,,,,,,,TRUE,2,June 4 2026 meeting notice via utah.gov/pmn; wallsburg.org appears hijacked so not used; council may include a 5th member not named
Greg Harrigan,Mayor,city,Interlaken,,TRUE,INCUMBENT — not on 2026 ballot,,,,https://interlakenut.gov/government,,,,,,,,,TRUE,1,https://interlakenut.gov/government; council list differs slightly from older notices (Lynn Chadderdon vs Timm Dixon) - used official page
Sue O'Nan,Town Council Member,city,Interlaken,,TRUE,INCUMBENT — not on 2026 ballot,,,,https://interlakenut.gov/government,,,,,,,,,TRUE,2,https://interlakenut.gov/government; council list differs slightly from older notices (Lynn Chadderdon vs Timm Dixon) - used official page
Jill Jacobson,Town Council Member,city,Interlaken,,TRUE,INCUMBENT — not on 2026 ballot,,,,https://interlakenut.gov/government,,,,,,,,,TRUE,2,https://interlakenut.gov/government; council list differs slightly from older notices (Lynn Chadderdon vs Timm Dixon) - used official page
Erin Merryweather,Town Council Member,city,Interlaken,,TRUE,INCUMBENT — not on 2026 ballot,,,,https://interlakenut.gov/government,,,,,,,,,TRUE,2,https://interlakenut.gov/government; council list differs slightly from older notices (Lynn Chadderdon vs Timm Dixon) - used official page
Lynn Chadderdon,Town Council Member,city,Interlaken,,TRUE,INCUMBENT — not on 2026 ballot,,,,https://interlakenut.gov/government,,,,,,,,,TRUE,2,https://interlakenut.gov/government; council list differs slightly from older notices (Lynn Chadderdon vs Timm Dixon) - used official page
Jim Tolbert,Town Council Member,city,Independence,,TRUE,INCUMBENT — not on 2026 ballot,,,,https://www.independenceut.gov/council,jtolbert@independenceut.gov,,,,,,,,TRUE,2,https://www.independenceut.gov/council; mayor not listed on page (Bonnie Wilson is Mayor Pro Tem); mayor name not found
William Hansen,Town Council Member,city,Independence,,TRUE,INCUMBENT — not on 2026 ballot,,,,https://www.independenceut.gov/council,,,,,,,,,TRUE,2,https://www.independenceut.gov/council; mayor not listed on page (Bonnie Wilson is Mayor Pro Tem); mayor name not found
Will Duke,Town Council Member,city,Independence,,TRUE,INCUMBENT — not on 2026 ballot,,,,https://www.independenceut.gov/council,wduke@independenceut.gov,,,,,,,,TRUE,2,https://www.independenceut.gov/council; mayor not listed on page (Bonnie Wilson is Mayor Pro Tem); mayor name not found
Rylee Allen,Town Council Member,city,Independence,,TRUE,INCUMBENT — not on 2026 ballot,,,,https://www.independenceut.gov/council,,,,,,,,,TRUE,2,https://www.independenceut.gov/council; mayor not listed on page (Bonnie Wilson is Mayor Pro Tem); mayor name not found
Bonnie Wilson,Town Council Member,city,Independence,,TRUE,INCUMBENT — not on 2026 ballot,,,,https://www.independenceut.gov/council,bwilson@independenceut.gov,801-830-0469,,,,,,,TRUE,2,https://www.independenceut.gov/council; mayor not listed on page (Bonnie Wilson is Mayor Pro Tem); mayor name not found
Dan Olson,Mayor,city,Santaquin,,TRUE,INCUMBENT — not on 2026 ballot,,,,https://santaquin.gov/node/2165,,,,,,,,,TRUE,1,"santaquin.gov Jan 5 2026 inauguration notice (node/18767) and search listing of santaquin.gov/node/2165; page fetch failed, emails not captured"
Lynn Mecham,City Council Member,city,Santaquin,,TRUE,INCUMBENT — not on 2026 ballot,,,,https://santaquin.gov/node/2165,,,,,,,,,TRUE,2,"santaquin.gov Jan 5 2026 inauguration notice (node/18767) and search listing of santaquin.gov/node/2165; page fetch failed, emails not captured"
Art Adcock,City Council Member,city,Santaquin,,TRUE,INCUMBENT — not on 2026 ballot,,,,https://santaquin.gov/node/2165,,,,,,,,,TRUE,2,"santaquin.gov Jan 5 2026 inauguration notice (node/18767) and search listing of santaquin.gov/node/2165; page fetch failed, emails not captured"
Jeff Siddoway,City Council Member,city,Santaquin,,TRUE,INCUMBENT — not on 2026 ballot,,,,https://santaquin.gov/node/2165,,,,,,,,,TRUE,2,"santaquin.gov Jan 5 2026 inauguration notice (node/18767) and search listing of santaquin.gov/node/2165; page fetch failed, emails not captured"
J. Travis Keel,City Council Member,city,Santaquin,,TRUE,INCUMBENT — not on 2026 ballot,,,,https://santaquin.gov/node/2165,,,,,,,,,TRUE,2,"santaquin.gov Jan 5 2026 inauguration notice (node/18767) and search listing of santaquin.gov/node/2165; page fetch failed, emails not captured"
Brian Del Rosario,City Council Member,city,Santaquin,,TRUE,INCUMBENT — not on 2026 ballot,,,,https://santaquin.gov/node/2165,,,,,,,,,TRUE,2,"santaquin.gov Jan 5 2026 inauguration notice (node/18767) and search listing of santaquin.gov/node/2165; page fetch failed, emails not captured"
Justin Seely,Mayor,city,Nephi,,TRUE,INCUMBENT — not on 2026 ballot,,,,https://www.nephi.utah.gov/268/Mayor-and-City-Council,,435-623-0822,,,,,,,TRUE,1,https://www.nephi.utah.gov/268/Mayor-and-City-Council
Shari Cowan,City Council Member,city,Nephi,,TRUE,INCUMBENT — not on 2026 ballot,,,,https://www.nephi.utah.gov/268/Mayor-and-City-Council,,435-623-0822,,,,,,,TRUE,2,https://www.nephi.utah.gov/268/Mayor-and-City-Council
Tate Douglas,City Council Member,city,Nephi,,TRUE,INCUMBENT — not on 2026 ballot,,,,https://www.nephi.utah.gov/268/Mayor-and-City-Council,,435-623-0822,,,,,,,TRUE,2,https://www.nephi.utah.gov/268/Mayor-and-City-Council
Travis Worwood,City Council Member,city,Nephi,,TRUE,INCUMBENT — not on 2026 ballot,,,,https://www.nephi.utah.gov/268/Mayor-and-City-Council,,435-623-0822,,,,,,,TRUE,2,https://www.nephi.utah.gov/268/Mayor-and-City-Council
JD Parady,City Council Member,city,Nephi,,TRUE,INCUMBENT — not on 2026 ballot,,,,https://www.nephi.utah.gov/268/Mayor-and-City-Council,,435-623-0822,,,,,,,TRUE,2,https://www.nephi.utah.gov/268/Mayor-and-City-Council
Jeramie Callaway,City Council Member,city,Nephi,,TRUE,INCUMBENT — not on 2026 ballot,,,,https://www.nephi.utah.gov/268/Mayor-and-City-Council,,435-623-0822,,,,,,,TRUE,2,https://www.nephi.utah.gov/268/Mayor-and-City-Council
Troy Painter,Mayor,city,Mona,,TRUE,INCUMBENT — not on 2026 ballot,,,,https://www.monautah.gov/city-council-members.html,,435-623-4913,,,,,,,TRUE,1,https://www.monautah.gov/city-council-members.html; city phone
Devan Ingram,City Council Member,city,Mona,,TRUE,INCUMBENT — not on 2026 ballot,,,,https://www.monautah.gov/city-council-members.html,,435-623-4913,,,,,,,TRUE,2,https://www.monautah.gov/city-council-members.html; city phone
Kris Kay,City Council Member,city,Mona,,TRUE,INCUMBENT — not on 2026 ballot,,,,https://www.monautah.gov/city-council-members.html,,435-623-4913,,,,,,,TRUE,2,https://www.monautah.gov/city-council-members.html; city phone
Tony Openshaw,City Council Member,city,Mona,,TRUE,INCUMBENT — not on 2026 ballot,,,,https://www.monautah.gov/city-council-members.html,,435-623-4913,,,,,,,TRUE,2,https://www.monautah.gov/city-council-members.html; city phone
Kevin Squire,City Council Member,city,Mona,,TRUE,INCUMBENT — not on 2026 ballot,,,,https://www.monautah.gov/city-council-members.html,,435-623-4913,,,,,,,TRUE,2,https://www.monautah.gov/city-council-members.html; city phone
Alesha Newton,City Council Member,city,Mona,,TRUE,INCUMBENT — not on 2026 ballot,,,,https://www.monautah.gov/city-council-members.html,,435-623-4913,,,,,,,TRUE,2,https://www.monautah.gov/city-council-members.html; city phone
Tyler Shepherd,Mayor,city,Levan,,TRUE,INCUMBENT — not on 2026 ballot,,,,https://levantown.org/,,(435) 623-1959,,,,,,,TRUE,1,Jan-Apr 2026 minutes via utah.gov/pmn; levantown.org lacks roster; town hall (435) 623-1959
Ray Evans,Town Council Member,city,Levan,,TRUE,INCUMBENT — not on 2026 ballot,,,,https://levantown.org/,,(435) 623-1959,,,,,,,TRUE,2,Jan-Apr 2026 minutes via utah.gov/pmn; levantown.org lacks roster; town hall (435) 623-1959
Rachel Goates,Town Council Member,city,Levan,,TRUE,INCUMBENT — not on 2026 ballot,,,,https://levantown.org/,,(435) 623-1959,,,,,,,TRUE,2,Jan-Apr 2026 minutes via utah.gov/pmn; levantown.org lacks roster; town hall (435) 623-1959
Jerry Spencer,Town Council Member,city,Levan,,TRUE,INCUMBENT — not on 2026 ballot,,,,https://levantown.org/,,(435) 623-1959,,,,,,,TRUE,2,Jan-Apr 2026 minutes via utah.gov/pmn; levantown.org lacks roster; town hall (435) 623-1959
Chris Chipping,Town Council Member,city,Levan,,TRUE,INCUMBENT — not on 2026 ballot,,,,https://levantown.org/,,(435) 623-1959,,,,,,,TRUE,2,Jan-Apr 2026 minutes via utah.gov/pmn; levantown.org lacks roster; town hall (435) 623-1959
Robert Jenkins,Mayor,city,Eureka,,TRUE,INCUMBENT — not on 2026 ballot,,,,https://eureka.utah.gov/council,,(435) 433-6915,,,,,,,TRUE,1,https://eureka.utah.gov/council; mayor Robert Jenkins from 2026 search snippet (mayor page not fetched); general eurekacity@eureka.utah.gov
Tony Atherley,City Council Member,city,Eureka,,TRUE,INCUMBENT — not on 2026 ballot,,,,https://eureka.utah.gov/council,tony@eureka.utah.gov,,,,,,,,TRUE,2,https://eureka.utah.gov/council; mayor Robert Jenkins from 2026 search snippet (mayor page not fetched); general eurekacity@eureka.utah.gov
Raeleen Maxfield,City Council Member,city,Eureka,,TRUE,INCUMBENT — not on 2026 ballot,,,,https://eureka.utah.gov/council,raeleen@eureka.utah.gov,801-830-3904,,,,,,,TRUE,2,https://eureka.utah.gov/council; mayor Robert Jenkins from 2026 search snippet (mayor page not fetched); general eurekacity@eureka.utah.gov
Tom Nedreberg,City Council Member,city,Eureka,,TRUE,INCUMBENT — not on 2026 ballot,,,,https://eureka.utah.gov/council,tom@eureka.utah.gov,801-921-3356,,,,,,,TRUE,2,https://eureka.utah.gov/council; mayor Robert Jenkins from 2026 search snippet (mayor page not fetched); general eurekacity@eureka.utah.gov
Kimberly Clements,City Council Member,city,Eureka,,TRUE,INCUMBENT — not on 2026 ballot,,,,https://eureka.utah.gov/council,kimberly@eureka.utah.gov,801-319-4072,,,,,,,TRUE,2,https://eureka.utah.gov/council; mayor Robert Jenkins from 2026 search snippet (mayor page not fetched); general eurekacity@eureka.utah.gov
Charles Davis,City Council Member,city,Eureka,,TRUE,INCUMBENT — not on 2026 ballot,,,,https://eureka.utah.gov/council,charles@eureka.utah.gov,,,,,,,,TRUE,2,https://eureka.utah.gov/council; mayor Robert Jenkins from 2026 search snippet (mayor page not fetched); general eurekacity@eureka.utah.gov
Chris Larsen,Mayor,city,Ephraim,,TRUE,INCUMBENT — not on 2026 ballot,,,,http://www.ephraim.gov/180/City-Council,clarsen@ephraim.gov,435-283-4631,,,,,,,TRUE,1,http://www.ephraim.gov/180/City-Council (official page; 2026 minutes agree)
Dennis Nordfelt,City Council Member,city,Ephraim,,TRUE,INCUMBENT — not on 2026 ballot,,,,http://www.ephraim.gov/180/City-Council,dnordfelt@ephraim.gov,435-283-4631,,,,,,,TRUE,2,http://www.ephraim.gov/180/City-Council (official page; 2026 minutes agree)
Anthony Beal,City Council Member,city,Ephraim,,TRUE,INCUMBENT — not on 2026 ballot,,,,http://www.ephraim.gov/180/City-Council,abeal@ephraim.gov,435-283-4631,,,,,,,TRUE,2,http://www.ephraim.gov/180/City-Council (official page; 2026 minutes agree)
Jack Dalene,City Council Member,city,Ephraim,,TRUE,INCUMBENT — not on 2026 ballot,,,,http://www.ephraim.gov/180/City-Council,jdalene@ephraim.gov,435-283-4631,,,,,,,TRUE,2,http://www.ephraim.gov/180/City-Council (official page; 2026 minutes agree)
Loren Steck,City Council Member,city,Ephraim,,TRUE,INCUMBENT — not on 2026 ballot,,,,http://www.ephraim.gov/180/City-Council,lsteck@ephraim.gov,435-283-4631,,,,,,,TRUE,2,http://www.ephraim.gov/180/City-Council (official page; 2026 minutes agree)
Bud Powell,City Council Member,city,Ephraim,,TRUE,INCUMBENT — not on 2026 ballot,,,,http://www.ephraim.gov/180/City-Council,bpowell@ephraim.gov,435-283-4631,,,,,,,TRUE,2,http://www.ephraim.gov/180/City-Council (official page; 2026 minutes agree)
Michael Olsen,Mayor,city,Mount Pleasant,,TRUE,INCUMBENT — not on 2026 ballot,,,,https://www.mpcityut.gov/government/city_council.php,,435-462-2456,,,,,,,TRUE,1,https://www.mpcityut.gov/government/city_council.php and /mayor.php; no individual emails published
Russ Keisel,City Council Member,city,Mount Pleasant,,TRUE,INCUMBENT — not on 2026 ballot,,,,https://www.mpcityut.gov/government/city_council.php,,435-462-2456,,,,,,,TRUE,2,https://www.mpcityut.gov/government/city_council.php and /mayor.php; no individual emails published
Jakob Howcroft,City Council Member,city,Mount Pleasant,,TRUE,INCUMBENT — not on 2026 ballot,,,,https://www.mpcityut.gov/government/city_council.php,,435-462-2456,,,,,,,TRUE,2,https://www.mpcityut.gov/government/city_council.php and /mayor.php; no individual emails published
Rondy Black,City Council Member,city,Mount Pleasant,,TRUE,INCUMBENT — not on 2026 ballot,,,,https://www.mpcityut.gov/government/city_council.php,,435-462-2456,,,,,,,TRUE,2,https://www.mpcityut.gov/government/city_council.php and /mayor.php; no individual emails published
Lynn Beesley,City Council Member,city,Mount Pleasant,,TRUE,INCUMBENT — not on 2026 ballot,,,,https://www.mpcityut.gov/government/city_council.php,,435-462-2456,,,,,,,TRUE,2,https://www.mpcityut.gov/government/city_council.php and /mayor.php; no individual emails published
Cade Beck,City Council Member,city,Mount Pleasant,,TRUE,INCUMBENT — not on 2026 ballot,,,,https://www.mpcityut.gov/government/city_council.php,,435-462-2456,,,,,,,TRUE,2,https://www.mpcityut.gov/government/city_council.php and /mayor.php; no individual emails published
Mary Wintch,Mayor,city,Manti,,TRUE,INCUMBENT — not on 2026 ballot,,,,https://www.manti.gov/citycouncil/page/city-council-members,,,,,,,,,TRUE,1,manti.gov council page (via search; page not directly fetchable) - verify
Meagan Johnson,City Council Member,city,Manti,,TRUE,INCUMBENT — not on 2026 ballot,,,,https://www.manti.gov/citycouncil/page/city-council-members,,,,,,,,,TRUE,2,manti.gov council page (via search; page not directly fetchable) - verify
Mary Pipes,City Council Member,city,Manti,,TRUE,INCUMBENT — not on 2026 ballot,,,,https://www.manti.gov/citycouncil/page/city-council-members,,,,,,,,,TRUE,2,manti.gov council page (via search; page not directly fetchable) - verify
AJ Mower,City Council Member,city,Manti,,TRUE,INCUMBENT — not on 2026 ballot,,,,https://www.manti.gov/citycouncil/page/city-council-members,,,,,,,,,TRUE,2,manti.gov council page (via search; page not directly fetchable) - verify
Jen Christiansen,City Council Member,city,Manti,,TRUE,INCUMBENT — not on 2026 ballot,,,,https://www.manti.gov/citycouncil/page/city-council-members,,,,,,,,,TRUE,2,manti.gov council page (via search; page not directly fetchable) - verify
Brian Francois,City Council Member,city,Manti,,TRUE,INCUMBENT — not on 2026 ballot,,,,https://www.manti.gov/citycouncil/page/city-council-members,,,,,,,,,TRUE,2,manti.gov council page (via search; page not directly fetchable) - verify
Troy Prestwich,Mayor,city,Moroni,,TRUE,INCUMBENT — not on 2026 ballot,,,,https://moronicity.gov/mayor-and-city-council-duties/,,435-436-8359,,,,,,,TRUE,1,"https://moronicity.gov/mayor-and-city-council-duties/ (emails obfuscated, not captured)"
Jake Bagley,City Council Member,city,Moroni,,TRUE,INCUMBENT — not on 2026 ballot,,,,https://moronicity.gov/mayor-and-city-council-duties/,,435-436-8359,,,,,,,TRUE,2,"https://moronicity.gov/mayor-and-city-council-duties/ (emails obfuscated, not captured)"
Craig Draper,City Council Member,city,Moroni,,TRUE,INCUMBENT — not on 2026 ballot,,,,https://moronicity.gov/mayor-and-city-council-duties/,,435-436-8359,,,,,,,TRUE,2,"https://moronicity.gov/mayor-and-city-council-duties/ (emails obfuscated, not captured)"
"Thayne ""Fred"" Atkinson",City Council Member,city,Moroni,,TRUE,INCUMBENT — not on 2026 ballot,,,,https://moronicity.gov/mayor-and-city-council-duties/,,435-436-8359,,,,,,,TRUE,2,"https://moronicity.gov/mayor-and-city-council-duties/ (emails obfuscated, not captured)"
Kevin Taylor,City Council Member,city,Moroni,,TRUE,INCUMBENT — not on 2026 ballot,,,,https://moronicity.gov/mayor-and-city-council-duties/,,435-436-8359,,,,,,,TRUE,2,"https://moronicity.gov/mayor-and-city-council-duties/ (emails obfuscated, not captured)"
Cherrie Green,City Council Member,city,Moroni,,TRUE,INCUMBENT — not on 2026 ballot,,,,https://moronicity.gov/mayor-and-city-council-duties/,,435-436-8359,,,,,,,TRUE,2,"https://moronicity.gov/mayor-and-city-council-duties/ (emails obfuscated, not captured)"
Travis B. Leatherwood,Mayor,city,Centerfield,,TRUE,INCUMBENT — not on 2026 ballot,,,,https://www.utah.gov/pmn/sitemap/notice/1108995.html,mayorl@centerfieldcity.org,435-528-3296,,,,,,,TRUE,1,Utah PMN notice 1108995 (Sept 2026) board contacts
Jon Hansen,City Council Member,city,Centerfield,,TRUE,INCUMBENT — not on 2026 ballot,,,,https://www.utah.gov/pmn/sitemap/notice/1108995.html,hansenj@centerfieldcity.org,435-528-3296,,,,,,,TRUE,2,Utah PMN notice 1108995 (Sept 2026) board contacts
Bart Hammond,City Council Member,city,Centerfield,,TRUE,INCUMBENT — not on 2026 ballot,,,,https://www.utah.gov/pmn/sitemap/notice/1108995.html,hammondb@centerfieldcity.org,435-528-3296,,,,,,,TRUE,2,Utah PMN notice 1108995 (Sept 2026) board contacts
Brittney Fisher,City Council Member,city,Centerfield,,TRUE,INCUMBENT — not on 2026 ballot,,,,https://www.utah.gov/pmn/sitemap/notice/1108995.html,fisherb@centerfieldcity.org,435-528-3296,,,,,,,TRUE,2,Utah PMN notice 1108995 (Sept 2026) board contacts
Sherry Frasier,City Council Member,city,Centerfield,,TRUE,INCUMBENT — not on 2026 ballot,,,,https://www.utah.gov/pmn/sitemap/notice/1108995.html,frasiers@centerfieldcityut.gov,435-528-3296,,,,,,,TRUE,2,Utah PMN notice 1108995 (Sept 2026) board contacts
Ryan Smith,City Council Member,city,Centerfield,,TRUE,INCUMBENT — not on 2026 ballot,,,,https://www.utah.gov/pmn/sitemap/notice/1108995.html,smithr@centerfieldcityut.gov,435-528-3296,,,,,,,TRUE,2,Utah PMN notice 1108995 (Sept 2026) board contacts
Willard Wood,Mayor,city,Fountain Green,,TRUE,INCUMBENT — not on 2026 ballot,,,,https://fountaingreencity.gov/,,,,,,,,,TRUE,1,fountaingreencity.gov 2026 agendas / Utah PMN
Kerry Farnsworth,City Council Member,city,Fountain Green,,TRUE,INCUMBENT — not on 2026 ballot,,,,https://fountaingreencity.gov/,,,,,,,,,TRUE,2,fountaingreencity.gov 2026 agendas / Utah PMN
Vaughn Jacobsen,City Council Member,city,Fountain Green,,TRUE,INCUMBENT — not on 2026 ballot,,,,https://fountaingreencity.gov/,,,,,,,,,TRUE,2,fountaingreencity.gov 2026 agendas / Utah PMN
Rich Walker,City Council Member,city,Fountain Green,,TRUE,INCUMBENT — not on 2026 ballot,,,,https://fountaingreencity.gov/,,,,,,,,,TRUE,2,fountaingreencity.gov 2026 agendas / Utah PMN
Kim Johnson,City Council Member,city,Fountain Green,,TRUE,INCUMBENT — not on 2026 ballot,,,,https://fountaingreencity.gov/,,,,,,,,,TRUE,2,fountaingreencity.gov 2026 agendas / Utah PMN
Jacob Littlefield,City Council Member,city,Fountain Green,,TRUE,INCUMBENT — not on 2026 ballot,,,,https://fountaingreencity.gov/,,,,,,,,,TRUE,2,fountaingreencity.gov 2026 agendas / Utah PMN
Travis Good,Mayor,city,Mayfield,,TRUE,INCUMBENT — not on 2026 ballot,,,,https://www.mayfieldtownut.gov/mayfield-town-council,tgood@ecolifeusa.com,435-851-1138,,,,,,,TRUE,1,https://www.mayfieldtownut.gov/mayfield-town-council (2026)
Mitzi Fuller,Town Council Member,city,Mayfield,,TRUE,INCUMBENT — not on 2026 ballot,,,,https://www.mayfieldtownut.gov/mayfield-town-council,scubadopey@yahoo.com,435-813-8974,,,,,,,TRUE,2,https://www.mayfieldtownut.gov/mayfield-town-council (2026)
Jack Wilber,Town Council Member,city,Mayfield,,TRUE,INCUMBENT — not on 2026 ballot,,,,https://www.mayfieldtownut.gov/mayfield-town-council,jack562dub@gmail.com,435-340-0689,,,,,,,TRUE,2,https://www.mayfieldtownut.gov/mayfield-town-council (2026)
Keston Christiansen,Town Council Member,city,Mayfield,,TRUE,INCUMBENT — not on 2026 ballot,,,,https://www.mayfieldtownut.gov/mayfield-town-council,kestonc@live.com,435-851-1158,,,,,,,TRUE,2,https://www.mayfieldtownut.gov/mayfield-town-council (2026)
Catherine Medler,Town Council Member,city,Mayfield,,TRUE,INCUMBENT — not on 2026 ballot,,,,https://www.mayfieldtownut.gov/mayfield-town-council,retluoc2002@yahoo.com,435-851-1634,,,,,,,TRUE,2,https://www.mayfieldtownut.gov/mayfield-town-council (2026)
Paul Penrod,Mayor,city,Spring City,,TRUE,INCUMBENT — not on 2026 ballot,,,,https://springcityutah.gov/government/elected-officials/,mayor@springcityutah.gov,435-462-2244,,,,,,,TRUE,1,https://springcityutah.gov/government/elected-officials/ (council turnover in 2026; recorder ruthann.mccain@springcityutah.gov 435-462-2244)
Stanley Soper,City Council Member,city,Spring City,,TRUE,INCUMBENT — not on 2026 ballot,,,,https://springcityutah.gov/government/elected-officials/,stan.soper@springcityutah.gov,435-462-2244,,,,,,,TRUE,2,https://springcityutah.gov/government/elected-officials/ (council turnover in 2026; recorder ruthann.mccain@springcityutah.gov 435-462-2244)
Chris Anderson,City Council Member,city,Spring City,,TRUE,INCUMBENT — not on 2026 ballot,,,,https://springcityutah.gov/government/elected-officials/,chris.anderson@springcityutah.gov,435-462-2244,,,,,,,TRUE,2,https://springcityutah.gov/government/elected-officials/ (council turnover in 2026; recorder ruthann.mccain@springcityutah.gov 435-462-2244)
Michael Broadbent,City Council Member,city,Spring City,,TRUE,INCUMBENT — not on 2026 ballot,,,,https://springcityutah.gov/government/elected-officials/,michael.broadbent@springcityutah.gov,435-462-2244,,,,,,,TRUE,2,https://springcityutah.gov/government/elected-officials/ (council turnover in 2026; recorder ruthann.mccain@springcityutah.gov 435-462-2244)
James Baker,City Council Member,city,Spring City,,TRUE,INCUMBENT — not on 2026 ballot,,,,https://springcityutah.gov/government/elected-officials/,james.baker@springcityutah.gov,435-462-2244,,,,,,,TRUE,2,https://springcityutah.gov/government/elected-officials/ (council turnover in 2026; recorder ruthann.mccain@springcityutah.gov 435-462-2244)
Laurel Workman,City Council Member,city,Spring City,,TRUE,INCUMBENT — not on 2026 ballot,,,,https://springcityutah.gov/government/elected-officials/,laurel.workman@springcityutah.gov,435-462-2244,,,,,,,TRUE,2,https://springcityutah.gov/government/elected-officials/ (council turnover in 2026; recorder ruthann.mccain@springcityutah.gov 435-462-2244)
Bryan Burrows,Mayor,city,Richfield,,TRUE,INCUMBENT — not on 2026 ballot,,,,https://richfieldut.gov/city-council/,,435-896-6439,,,,,,,TRUE,1,https://richfieldut.gov/city-council/ (live Sept 2026)
Kevin Arrington,City Council Member,city,Richfield,,TRUE,INCUMBENT — not on 2026 ballot,,,,https://richfieldut.gov/city-council/,,435-896-6439,,,,,,,TRUE,2,https://richfieldut.gov/city-council/ (live Sept 2026)
Brayden Gardner,City Council Member,city,Richfield,,TRUE,INCUMBENT — not on 2026 ballot,,,,https://richfieldut.gov/city-council/,,435-896-6439,,,,,,,TRUE,2,https://richfieldut.gov/city-council/ (live Sept 2026)
Andrew Chappell,City Council Member,city,Richfield,,TRUE,INCUMBENT — not on 2026 ballot,,,,https://richfieldut.gov/city-council/,,435-896-6439,,,,,,,TRUE,2,https://richfieldut.gov/city-council/ (live Sept 2026)
Kip Hansen,City Council Member,city,Richfield,,TRUE,INCUMBENT — not on 2026 ballot,,,,https://richfieldut.gov/city-council/,,435-896-6439,,,,,,,TRUE,2,https://richfieldut.gov/city-council/ (live Sept 2026)
Kendrick Thomas,City Council Member,city,Richfield,,TRUE,INCUMBENT — not on 2026 ballot,,,,https://richfieldut.gov/city-council/,,435-896-6439,,,,,,,TRUE,2,https://richfieldut.gov/city-council/ (live Sept 2026)
Johnny Parsons,Mayor,city,Monroe,,TRUE,INCUMBENT — not on 2026 ballot,,,,https://monroeut.gov/city-council/,,435-527-4621,,,,,,,TRUE,1,https://monroeut.gov/city-council/
Michael Mathie,City Council Member,city,Monroe,,TRUE,INCUMBENT — not on 2026 ballot,,,,https://monroeut.gov/city-council/,,435-527-4621,,,,,,,TRUE,2,https://monroeut.gov/city-council/
Perry Payne,City Council Member,city,Monroe,,TRUE,INCUMBENT — not on 2026 ballot,,,,https://monroeut.gov/city-council/,,435-527-4621,,,,,,,TRUE,2,https://monroeut.gov/city-council/
Candice Barney,City Council Member,city,Monroe,,TRUE,INCUMBENT — not on 2026 ballot,,,,https://monroeut.gov/city-council/,,435-527-4621,,,,,,,TRUE,2,https://monroeut.gov/city-council/
Ryan Johnson,City Council Member,city,Monroe,,TRUE,INCUMBENT — not on 2026 ballot,,,,https://monroeut.gov/city-council/,,435-527-4621,,,,,,,TRUE,2,https://monroeut.gov/city-council/
Jason Bagley,City Council Member,city,Monroe,,TRUE,INCUMBENT — not on 2026 ballot,,,,https://monroeut.gov/city-council/,,435-527-4621,,,,,,,TRUE,2,https://monroeut.gov/city-council/
Brent Beach,Mayor,city,Salina,,TRUE,INCUMBENT — not on 2026 ballot,,,,https://www.salina.utah.gov/,,435-529-7304,,,,,,,TRUE,1,"Utah PMN notice 1104247 (Aug 2026 agenda); council seat order/titles from agenda, no roster page found"
Earl Taylor,City Council Member,city,Salina,,TRUE,INCUMBENT — not on 2026 ballot,,,,https://www.salina.utah.gov/,,435-529-7304,,,,,,,TRUE,2,"Utah PMN notice 1104247 (Aug 2026 agenda); council seat order/titles from agenda, no roster page found"
Kevin Mickelsen,City Council Member,city,Salina,,TRUE,INCUMBENT — not on 2026 ballot,,,,https://www.salina.utah.gov/,,435-529-7304,,,,,,,TRUE,2,"Utah PMN notice 1104247 (Aug 2026 agenda); council seat order/titles from agenda, no roster page found"
Randy Christiansen,City Council Member,city,Salina,,TRUE,INCUMBENT — not on 2026 ballot,,,,https://www.salina.utah.gov/,,435-529-7304,,,,,,,TRUE,2,"Utah PMN notice 1104247 (Aug 2026 agenda); council seat order/titles from agenda, no roster page found"
Allen Tietjen,City Council Member,city,Salina,,TRUE,INCUMBENT — not on 2026 ballot,,,,https://www.salina.utah.gov/,,435-529-7304,,,,,,,TRUE,2,"Utah PMN notice 1104247 (Aug 2026 agenda); council seat order/titles from agenda, no roster page found"
Tammy Hales,City Council Member,city,Salina,,TRUE,INCUMBENT — not on 2026 ballot,,,,https://www.salina.utah.gov/,,435-529-7304,,,,,,,TRUE,2,"Utah PMN notice 1104247 (Aug 2026 agenda); council seat order/titles from agenda, no roster page found"
Bryan Sprague,Mayor,city,Aurora,,TRUE,INCUMBENT — not on 2026 ballot,,,,https://www.utah.gov/pmn/sitemap/notice/1097179.html,,,,,,,,,TRUE,1,Aurora council minutes (2026) on Utah PMN notice 1097179
Parker Vercimak,City Council Member,city,Aurora,,TRUE,INCUMBENT — not on 2026 ballot,,,,https://www.utah.gov/pmn/sitemap/notice/1097179.html,,,,,,,,,TRUE,2,Aurora council minutes (2026) on Utah PMN notice 1097179
Amy Croft,City Council Member,city,Aurora,,TRUE,INCUMBENT — not on 2026 ballot,,,,https://www.utah.gov/pmn/sitemap/notice/1097179.html,,,,,,,,,TRUE,2,Aurora council minutes (2026) on Utah PMN notice 1097179
Hunter Whitney,City Council Member,city,Aurora,,TRUE,INCUMBENT — not on 2026 ballot,,,,https://www.utah.gov/pmn/sitemap/notice/1097179.html,,,,,,,,,TRUE,2,Aurora council minutes (2026) on Utah PMN notice 1097179
Andy Rasmussen,City Council Member,city,Aurora,,TRUE,INCUMBENT — not on 2026 ballot,,,,https://www.utah.gov/pmn/sitemap/notice/1097179.html,,,,,,,,,TRUE,2,Aurora council minutes (2026) on Utah PMN notice 1097179
Cory Johnson,City Council Member,city,Aurora,,TRUE,INCUMBENT — not on 2026 ballot,,,,https://www.utah.gov/pmn/sitemap/notice/1097179.html,,,,,,,,,TRUE,2,Aurora council minutes (2026) on Utah PMN notice 1097179
John Chartier,Mayor,city,Annabella,,TRUE,INCUMBENT — not on 2026 ballot,,,,https://annabella.utah.gov/town-council/,,,,,,,,,TRUE,1,https://annabella.utah.gov/town-council/
Louis Brown,Town Council Member,city,Annabella,,TRUE,INCUMBENT — not on 2026 ballot,,,,https://annabella.utah.gov/town-council/,,,,,,,,,TRUE,2,https://annabella.utah.gov/town-council/
Kelvin Johns,Town Council Member,city,Annabella,,TRUE,INCUMBENT — not on 2026 ballot,,,,https://annabella.utah.gov/town-council/,,,,,,,,,TRUE,2,https://annabella.utah.gov/town-council/
Stephanie Morgan,Town Council Member,city,Annabella,,TRUE,INCUMBENT — not on 2026 ballot,,,,https://annabella.utah.gov/town-council/,,,,,,,,,TRUE,2,https://annabella.utah.gov/town-council/
Christopher Nielson,Town Council Member,city,Annabella,,TRUE,INCUMBENT — not on 2026 ballot,,,,https://annabella.utah.gov/town-council/,,,,,,,,,TRUE,2,https://annabella.utah.gov/town-council/
KC Bogue,Mayor,city,Delta,,TRUE,INCUMBENT — not on 2026 ballot,,,,https://delta.utah.gov/citycouncil,kbogue@delta.utah.gov,(435) 864-8305,,,,,,,TRUE,1,https://delta.utah.gov/citycouncil
Kelly Carter,City Council Member,city,Delta,,TRUE,INCUMBENT — not on 2026 ballot,,,,https://delta.utah.gov/citycouncil,kellydeltacity@gmail.com,(435) 406-1862,,,,,,,TRUE,2,https://delta.utah.gov/citycouncil
Nicholas W. Killpack,City Council Member,city,Delta,,TRUE,INCUMBENT — not on 2026 ballot,,,,https://delta.utah.gov/citycouncil,nkillpack@delta.utah.gov,(435) 406-1597,,,,,,,TRUE,2,https://delta.utah.gov/citycouncil
Brian Huber,City Council Member,city,Delta,,TRUE,INCUMBENT — not on 2026 ballot,,,,https://delta.utah.gov/citycouncil,bhuber@delta.utah.gov,(435) 864-8211,,,,,,,TRUE,2,https://delta.utah.gov/citycouncil
Nathan Taylor,City Council Member,city,Delta,,TRUE,INCUMBENT — not on 2026 ballot,,,,https://delta.utah.gov/citycouncil,ntaylor@delta.utah.gov,(435) 512-9476,,,,,,,TRUE,2,https://delta.utah.gov/citycouncil
Natalie Stefanoff,City Council Member,city,Delta,,TRUE,INCUMBENT — not on 2026 ballot,,,,https://delta.utah.gov/citycouncil,nstefanoff@delta.utah.gov,(435) 406-7896,,,,,,,TRUE,2,https://delta.utah.gov/citycouncil
Curt Hare,Mayor,city,Fillmore,,TRUE,INCUMBENT — not on 2026 ballot,,,,https://fillmoreutah.gov/pages/mayor-council,,(435) 253-2209,,,,,,,TRUE,1,https://fillmoreutah.gov/pages/mayor-council
Eugene R. Larsen,City Council Member,city,Fillmore,,TRUE,INCUMBENT — not on 2026 ballot,,,,https://fillmoreutah.gov/pages/mayor-council,,(435) 896-7581,,,,,,,TRUE,2,https://fillmoreutah.gov/pages/mayor-council
Kyle Stevens,City Council Member,city,Fillmore,,TRUE,INCUMBENT — not on 2026 ballot,,,,https://fillmoreutah.gov/pages/mayor-council,,(435) 979-3706,,,,,,,TRUE,2,https://fillmoreutah.gov/pages/mayor-council
Michael B. Winget,City Council Member,city,Fillmore,,TRUE,INCUMBENT — not on 2026 ballot,,,,https://fillmoreutah.gov/pages/mayor-council,,(435) 418-0303,,,,,,,TRUE,2,https://fillmoreutah.gov/pages/mayor-council
Dennis W. Alldredge,City Council Member,city,Fillmore,,TRUE,INCUMBENT — not on 2026 ballot,,,,https://fillmoreutah.gov/pages/mayor-council,,(435) 743-6972,,,,,,,TRUE,2,https://fillmoreutah.gov/pages/mayor-council
Amber Rausch,City Council Member,city,Fillmore,,TRUE,INCUMBENT — not on 2026 ballot,,,,https://fillmoreutah.gov/pages/mayor-council,,(385) 441-0208,,,,,,,TRUE,2,https://fillmoreutah.gov/pages/mayor-council
Alan Miller,Mayor,city,Hinckley,,TRUE,INCUMBENT — not on 2026 ballot,,,,https://hinckleytown.utah.gov,,435-864-3522,,,,,,,TRUE,1,"web search of PMN notices (utah.gov/pmn); town site hinckleytown.utah.gov | from search summary, not verified on town page; phone is town office"
Ron Black,Town Council Member,city,Hinckley,,TRUE,INCUMBENT — not on 2026 ballot,,,,https://hinckleytown.utah.gov,,,,,,,,,TRUE,2,"web search of PMN notices (utah.gov/pmn); town site hinckleytown.utah.gov | from search summary, not verified on town page; phone is town office"
Chris Mork,Town Council Member,city,Hinckley,,TRUE,INCUMBENT — not on 2026 ballot,,,,https://hinckleytown.utah.gov,,,,,,,,,TRUE,2,"web search of PMN notices (utah.gov/pmn); town site hinckleytown.utah.gov | from search summary, not verified on town page; phone is town office"
Skip Taylor,Town Council Member,city,Hinckley,,TRUE,INCUMBENT — not on 2026 ballot,,,,https://hinckleytown.utah.gov,,,,,,,,,TRUE,2,"web search of PMN notices (utah.gov/pmn); town site hinckleytown.utah.gov | from search summary, not verified on town page; phone is town office"
Kristi Townsend,Town Council Member,city,Hinckley,,TRUE,INCUMBENT — not on 2026 ballot,,,,https://hinckleytown.utah.gov,,,,,,,,,TRUE,2,"web search of PMN notices (utah.gov/pmn); town site hinckleytown.utah.gov | from search summary, not verified on town page; phone is town office"
Kirt Dutson,Mayor,city,Oak City,,TRUE,INCUMBENT — not on 2026 ballot,,,,https://oakcityut.gov/government/,mayor@oakcityut.gov,435-610-9565,,,,,,,TRUE,1,https://oakcityut.gov/government/
Jared Rawlinson,Town Council Member,city,Oak City,,TRUE,INCUMBENT — not on 2026 ballot,,,,https://oakcityut.gov/government/,,435-406-1336,,,,,,,TRUE,2,https://oakcityut.gov/government/
Copeland Anderson,Town Council Member,city,Oak City,,TRUE,INCUMBENT — not on 2026 ballot,,,,https://oakcityut.gov/government/,,435-406-4193,,,,,,,TRUE,2,https://oakcityut.gov/government/
Tom Nielson,Town Council Member,city,Oak City,,TRUE,INCUMBENT — not on 2026 ballot,,,,https://oakcityut.gov/government/,,435-864-7667,,,,,,,TRUE,2,https://oakcityut.gov/government/
Shawn Gonder,Town Council Member,city,Oak City,,TRUE,INCUMBENT — not on 2026 ballot,,,,https://oakcityut.gov/government/,,435-406-6677,,,,,,,TRUE,2,https://oakcityut.gov/government/
Wenda Crabb,Mayor,city,Kanosh,,TRUE,INCUMBENT — not on 2026 ballot,,,,https://www.utah.gov/pmn/,,,,,,,,,TRUE,1,utah.gov/pmn 2026 notices | only 3 council members found; roster may be incomplete; no town site found
Tim White,Town Council Member,city,Kanosh,,TRUE,INCUMBENT — not on 2026 ballot,,,,https://www.utah.gov/pmn/,,,,,,,,,TRUE,2,utah.gov/pmn 2026 notices | only 3 council members found; roster may be incomplete; no town site found
Josh Whitaker,Town Council Member,city,Kanosh,,TRUE,INCUMBENT — not on 2026 ballot,,,,https://www.utah.gov/pmn/,,,,,,,,,TRUE,2,utah.gov/pmn 2026 notices | only 3 council members found; roster may be incomplete; no town site found
Brian Batt,Town Council Member,city,Kanosh,,TRUE,INCUMBENT — not on 2026 ballot,,,,https://www.utah.gov/pmn/,,,,,,,,,TRUE,2,utah.gov/pmn 2026 notices | only 3 council members found; roster may be incomplete; no town site found
Matt Stephens,Mayor,city,Holden,,TRUE,INCUMBENT — not on 2026 ballot,,,,https://www.utah.gov/pmn/,,,,,,,,,TRUE,1,utah.gov/pmn 2026 notices | no town site found
LaRee Stephenson,Town Council Member,city,Holden,,TRUE,INCUMBENT — not on 2026 ballot,,,,https://www.utah.gov/pmn/,,,,,,,,,TRUE,2,utah.gov/pmn 2026 notices | no town site found
Tamara Dallin,Town Council Member,city,Holden,,TRUE,INCUMBENT — not on 2026 ballot,,,,https://www.utah.gov/pmn/,,,,,,,,,TRUE,2,utah.gov/pmn 2026 notices | no town site found
David Wood,Town Council Member,city,Holden,,TRUE,INCUMBENT — not on 2026 ballot,,,,https://www.utah.gov/pmn/,,,,,,,,,TRUE,2,utah.gov/pmn 2026 notices | no town site found
Mike Bleazard,Town Council Member,city,Holden,,TRUE,INCUMBENT — not on 2026 ballot,,,,https://www.utah.gov/pmn/,,,,,,,,,TRUE,2,utah.gov/pmn 2026 notices | no town site found
Kasey Brunson,Mayor,city,Scipio,,TRUE,INCUMBENT — not on 2026 ballot,,,,https://www.utah.gov/pmn/,,,,,,,,,TRUE,1,utah.gov/pmn 2026 notices/minutes | uncertain: council list from search summary; verify
Porter Monroe,Town Council Member,city,Scipio,,TRUE,INCUMBENT — not on 2026 ballot,,,,https://www.utah.gov/pmn/,,,,,,,,,TRUE,2,utah.gov/pmn 2026 notices/minutes | uncertain: council list from search summary; verify
Bryce Monroe,Town Council Member,city,Scipio,,TRUE,INCUMBENT — not on 2026 ballot,,,,https://www.utah.gov/pmn/,,,,,,,,,TRUE,2,utah.gov/pmn 2026 notices/minutes | uncertain: council list from search summary; verify
McCrae Thatcher,Town Council Member,city,Scipio,,TRUE,INCUMBENT — not on 2026 ballot,,,,https://www.utah.gov/pmn/,,,,,,,,,TRUE,2,utah.gov/pmn 2026 notices/minutes | uncertain: council list from search summary; verify
Robert Thatcher,Town Council Member,city,Scipio,,TRUE,INCUMBENT — not on 2026 ballot,,,,https://www.utah.gov/pmn/,,,,,,,,,TRUE,2,utah.gov/pmn 2026 notices/minutes | uncertain: council list from search summary; verify
Gary Bishop,Mayor,city,Meadow,,TRUE,INCUMBENT — not on 2026 ballot,,,,https://www.utah.gov/pmn/,,(435)253-3337,,,,,,,TRUE,1,utah.gov/pmn 2026 notices | no town site found
Sunny Guild,Town Council Member,city,Meadow,,TRUE,INCUMBENT — not on 2026 ballot,,,,https://www.utah.gov/pmn/,,,,,,,,,TRUE,2,utah.gov/pmn 2026 notices | no town site found
Justin Jensen,Town Council Member,city,Meadow,,TRUE,INCUMBENT — not on 2026 ballot,,,,https://www.utah.gov/pmn/,,,,,,,,,TRUE,2,utah.gov/pmn 2026 notices | no town site found
James Beckstrand,Town Council Member,city,Meadow,,TRUE,INCUMBENT — not on 2026 ballot,,,,https://www.utah.gov/pmn/,,,,,,,,,TRUE,2,utah.gov/pmn 2026 notices | no town site found
Robert Beckstrand,Town Council Member,city,Meadow,,TRUE,INCUMBENT — not on 2026 ballot,,,,https://www.utah.gov/pmn/,,,,,,,,,TRUE,2,utah.gov/pmn 2026 notices | no town site found
Michael S. Lovell,Mayor,city,Leamington,,TRUE,INCUMBENT — not on 2026 ballot,,,,https://www.utah.gov/pmn/,,,,,,,,,TRUE,1,utah.gov/pmn 2026 meeting records | from search summary; verify
John Pruitt,Town Council Member,city,Leamington,,TRUE,INCUMBENT — not on 2026 ballot,,,,https://www.utah.gov/pmn/,,,,,,,,,TRUE,2,utah.gov/pmn 2026 meeting records | from search summary; verify
Drey Oppenheimer,Town Council Member,city,Leamington,,TRUE,INCUMBENT — not on 2026 ballot,,,,https://www.utah.gov/pmn/,,,,,,,,,TRUE,2,utah.gov/pmn 2026 meeting records | from search summary; verify
Tyler Christensen,Town Council Member,city,Leamington,,TRUE,INCUMBENT — not on 2026 ballot,,,,https://www.utah.gov/pmn/,,,,,,,,,TRUE,2,utah.gov/pmn 2026 meeting records | from search summary; verify
Marcia Pack,Town Council Member,city,Leamington,,TRUE,INCUMBENT — not on 2026 ballot,,,,https://www.utah.gov/pmn/,,,,,,,,,TRUE,2,utah.gov/pmn 2026 meeting records | from search summary; verify
Chase Nielson,Mayor,city,Lynndyl,,TRUE,INCUMBENT — not on 2026 ballot,,,,https://www.utah.gov/pmn/,,,,,,,,,TRUE,1,utah.gov/pmn Feb/Mar 2026 minutes
Spencer Proctor,Town Council Member,city,Lynndyl,,TRUE,INCUMBENT — not on 2026 ballot,,,,https://www.utah.gov/pmn/,,,,,,,,,TRUE,2,utah.gov/pmn Feb/Mar 2026 minutes
Miff Bishop,Town Council Member,city,Lynndyl,,TRUE,INCUMBENT — not on 2026 ballot,,,,https://www.utah.gov/pmn/,,,,,,,,,TRUE,2,utah.gov/pmn Feb/Mar 2026 minutes
Matt Draper,Town Council Member,city,Lynndyl,,TRUE,INCUMBENT — not on 2026 ballot,,,,https://www.utah.gov/pmn/,,,,,,,,,TRUE,2,utah.gov/pmn Feb/Mar 2026 minutes
Richard Pyne,Town Council Member,city,Lynndyl,,TRUE,INCUMBENT — not on 2026 ballot,,,,https://www.utah.gov/pmn/,,,,,,,,,TRUE,2,utah.gov/pmn Feb/Mar 2026 minutes
Kristi Westwood,Mayor,city,Circleville,,TRUE,INCUMBENT — not on 2026 ballot,,,,https://circlevilleutah.org,,,,,,,,,TRUE,1,https://circlevilleutah.org minutes (April 2026)
Stacie Gass,Town Council Member,city,Circleville,,TRUE,INCUMBENT — not on 2026 ballot,,,,https://circlevilleutah.org,,,,,,,,,TRUE,2,https://circlevilleutah.org minutes (April 2026)
Tyler Dalton,Town Council Member,city,Circleville,,TRUE,INCUMBENT — not on 2026 ballot,,,,https://circlevilleutah.org,,,,,,,,,TRUE,2,https://circlevilleutah.org minutes (April 2026)
Kaylie Barney,Town Council Member,city,Circleville,,TRUE,INCUMBENT — not on 2026 ballot,,,,https://circlevilleutah.org,,,,,,,,,TRUE,2,https://circlevilleutah.org minutes (April 2026)
Shirl Fox,Town Council Member,city,Circleville,,TRUE,INCUMBENT — not on 2026 ballot,,,,https://circlevilleutah.org,,,,,,,,,TRUE,2,https://circlevilleutah.org minutes (April 2026)
Clay James,Mayor,city,Marysvale,,TRUE,INCUMBENT — not on 2026 ballot,,,,https://marysvale.gov,,,,,,,,,TRUE,1,https://www.utah.gov/pmn/ 2026 minutes; marysvale.gov | verify Kennedy Sylvester seat
Jon Christensen,Town Council Member,city,Marysvale,,TRUE,INCUMBENT — not on 2026 ballot,,,,https://marysvale.gov,,,,,,,,,TRUE,2,https://www.utah.gov/pmn/ 2026 minutes; marysvale.gov | verify Kennedy Sylvester seat
Jeania Kennedy,Town Council Member,city,Marysvale,,TRUE,INCUMBENT — not on 2026 ballot,,,,https://marysvale.gov,,,,,,,,,TRUE,2,https://www.utah.gov/pmn/ 2026 minutes; marysvale.gov | verify Kennedy Sylvester seat
Todd Jackson,Town Council Member,city,Marysvale,,TRUE,INCUMBENT — not on 2026 ballot,,,,https://marysvale.gov,,,,,,,,,TRUE,2,https://www.utah.gov/pmn/ 2026 minutes; marysvale.gov | verify Kennedy Sylvester seat
Kennedy Sylvester,Town Council Member,city,Marysvale,,TRUE,INCUMBENT — not on 2026 ballot,,,,https://marysvale.gov,,,,,,,,,TRUE,2,https://www.utah.gov/pmn/ 2026 minutes; marysvale.gov | verify Kennedy Sylvester seat
Cody Grundy,Mayor,city,Loa,,TRUE,INCUMBENT — not on 2026 ballot,,,,https://www.utah.gov/pmn/,cody76grundy@yahoo.com,435-691-2135,,,,,,,TRUE,1,utah.gov/pmn 2026 Loa Town & Waterworks notices; contacts from search summary | emails are personal addresses published in town contact list
Don Bone,Town Council Member,city,Loa,,TRUE,INCUMBENT — not on 2026 ballot,,,,https://www.utah.gov/pmn/,donbone54@gmail.com,435-491-0014,,,,,,,TRUE,2,utah.gov/pmn 2026 Loa Town & Waterworks notices; contacts from search summary | emails are personal addresses published in town contact list
Chris Olsen,Town Council Member,city,Loa,,TRUE,INCUMBENT — not on 2026 ballot,,,,https://www.utah.gov/pmn/,jcolsen2003@yahoo.com,435-491-0342,,,,,,,TRUE,2,utah.gov/pmn 2026 Loa Town & Waterworks notices; contacts from search summary | emails are personal addresses published in town contact list
Derek Woolsey,Town Council Member,city,Loa,,TRUE,INCUMBENT — not on 2026 ballot,,,,https://www.utah.gov/pmn/,derekwoolseyis@gmail.com,435-463-8188,,,,,,,TRUE,2,utah.gov/pmn 2026 Loa Town & Waterworks notices; contacts from search summary | emails are personal addresses published in town contact list
Kori Brown,Town Council Member,city,Loa,,TRUE,INCUMBENT — not on 2026 ballot,,,,https://www.utah.gov/pmn/,korilynn.brown@gmail.com,435-491-1010,,,,,,,TRUE,2,utah.gov/pmn 2026 Loa Town & Waterworks notices; contacts from search summary | emails are personal addresses published in town contact list
Noreen Johnson,Mayor,city,Bicknell,,TRUE,INCUMBENT — not on 2026 ballot,,,,https://www.bicknellutah.gov,,,,,,,,,TRUE,1,utah.gov/pmn 2026 agendas; bicknellutah.gov | spelling of Albercht unverified
Kerry Stevens,Town Council Member,city,Bicknell,,TRUE,INCUMBENT — not on 2026 ballot,,,,https://www.bicknellutah.gov,,,,,,,,,TRUE,2,utah.gov/pmn 2026 agendas; bicknellutah.gov | spelling of Albercht unverified
Steve Albercht,Town Council Member,city,Bicknell,,TRUE,INCUMBENT — not on 2026 ballot,,,,https://www.bicknellutah.gov,,,,,,,,,TRUE,2,utah.gov/pmn 2026 agendas; bicknellutah.gov | spelling of Albercht unverified
Weston Johnson,Town Council Member,city,Bicknell,,TRUE,INCUMBENT — not on 2026 ballot,,,,https://www.bicknellutah.gov,,,,,,,,,TRUE,2,utah.gov/pmn 2026 agendas; bicknellutah.gov | spelling of Albercht unverified
Gregg Anderson,Town Council Member,city,Bicknell,,TRUE,INCUMBENT — not on 2026 ballot,,,,https://www.bicknellutah.gov,,,,,,,,,TRUE,2,utah.gov/pmn 2026 agendas; bicknellutah.gov | spelling of Albercht unverified
Jeffren T. Pei,Mayor,city,Hanksville,,TRUE,INCUMBENT — not on 2026 ballot,,,,https://www.hanksvilleutah.gov/government,,,,,,,,,TRUE,1,https://www.hanksvilleutah.gov (2026 council posts) | Shyann Alvey appointed June 2026 after Eric Wells resigned
Mona Wells,Town Council Member,city,Hanksville,,TRUE,INCUMBENT — not on 2026 ballot,,,,https://www.hanksvilleutah.gov/government,,,,,,,,,TRUE,2,https://www.hanksvilleutah.gov (2026 council posts) | Shyann Alvey appointed June 2026 after Eric Wells resigned
Peter Devonshire,Town Council Member,city,Hanksville,,TRUE,INCUMBENT — not on 2026 ballot,,,,https://www.hanksvilleutah.gov/government,,,,,,,,,TRUE,2,https://www.hanksvilleutah.gov (2026 council posts) | Shyann Alvey appointed June 2026 after Eric Wells resigned
Robert Gilner,Town Council Member,city,Hanksville,,TRUE,INCUMBENT — not on 2026 ballot,,,,https://www.hanksvilleutah.gov/government,,,,,,,,,TRUE,2,https://www.hanksvilleutah.gov (2026 council posts) | Shyann Alvey appointed June 2026 after Eric Wells resigned
Shyann Alvey,Town Council Member,city,Hanksville,,TRUE,INCUMBENT — not on 2026 ballot,,,,https://www.hanksvilleutah.gov/government,,,,,,,,,TRUE,2,https://www.hanksvilleutah.gov (2026 council posts) | Shyann Alvey appointed June 2026 after Eric Wells resigned
Matt Robinson,Mayor,city,Beaver,,TRUE,INCUMBENT — not on 2026 ballot,,,,https://www.beavercityut.gov,mattrobinson@beavercityut.gov,435-438-2451,,,,,,,TRUE,1,"utah.gov/pmn 2026 Beaver notices; www.beavercityut.gov | one notice listed additional names (Simard, Gillins, Hawkins, Fails) likely other boards; excluded"
Hunter Holt,City Council Member,city,Beaver,,TRUE,INCUMBENT — not on 2026 ballot,,,,https://www.beavercityut.gov,,,,,,,,,TRUE,2,"utah.gov/pmn 2026 Beaver notices; www.beavercityut.gov | one notice listed additional names (Simard, Gillins, Hawkins, Fails) likely other boards; excluded"
Lance Cox,City Council Member,city,Beaver,,TRUE,INCUMBENT — not on 2026 ballot,,,,https://www.beavercityut.gov,,,,,,,,,TRUE,2,"utah.gov/pmn 2026 Beaver notices; www.beavercityut.gov | one notice listed additional names (Simard, Gillins, Hawkins, Fails) likely other boards; excluded"
Tyler Schena,City Council Member,city,Beaver,,TRUE,INCUMBENT — not on 2026 ballot,,,,https://www.beavercityut.gov,,,,,,,,,TRUE,2,"utah.gov/pmn 2026 Beaver notices; www.beavercityut.gov | one notice listed additional names (Simard, Gillins, Hawkins, Fails) likely other boards; excluded"
David Albrecht,City Council Member,city,Beaver,,TRUE,INCUMBENT — not on 2026 ballot,,,,https://www.beavercityut.gov,,,,,,,,,TRUE,2,"utah.gov/pmn 2026 Beaver notices; www.beavercityut.gov | one notice listed additional names (Simard, Gillins, Hawkins, Fails) likely other boards; excluded"
Randy Hunter,City Council Member,city,Beaver,,TRUE,INCUMBENT — not on 2026 ballot,,,,https://www.beavercityut.gov,,,,,,,,,TRUE,2,"utah.gov/pmn 2026 Beaver notices; www.beavercityut.gov | one notice listed additional names (Simard, Gillins, Hawkins, Fails) likely other boards; excluded"
Nolan Davis,Mayor,city,Milford,,TRUE,INCUMBENT — not on 2026 ballot,,,,https://milfordcityutah.com/government/city-council,,,,,,,,,TRUE,1,https://milfordcityutah.com/government/city-council | emails require JavaScript on site
Tayson Willis,City Council Member,city,Milford,,TRUE,INCUMBENT — not on 2026 ballot,,,,https://milfordcityutah.com/government/city-council,,,,,,,,,TRUE,2,https://milfordcityutah.com/government/city-council | emails require JavaScript on site
"Ian ""Jeep"" Spaulding",City Council Member,city,Milford,,TRUE,INCUMBENT — not on 2026 ballot,,,,https://milfordcityutah.com/government/city-council,,,,,,,,,TRUE,2,https://milfordcityutah.com/government/city-council | emails require JavaScript on site
Russell Smith,City Council Member,city,Milford,,TRUE,INCUMBENT — not on 2026 ballot,,,,https://milfordcityutah.com/government/city-council,,,,,,,,,TRUE,2,https://milfordcityutah.com/government/city-council | emails require JavaScript on site
Les Whitney,City Council Member,city,Milford,,TRUE,INCUMBENT — not on 2026 ballot,,,,https://milfordcityutah.com/government/city-council,,,,,,,,,TRUE,2,https://milfordcityutah.com/government/city-council | emails require JavaScript on site
Scott Symond,City Council Member,city,Milford,,TRUE,INCUMBENT — not on 2026 ballot,,,,https://milfordcityutah.com/government/city-council,,,,,,,,,TRUE,2,https://milfordcityutah.com/government/city-council | emails require JavaScript on site
Kim Soper,Mayor,city,Panguitch,,TRUE,INCUMBENT — not on 2026 ballot,,,,https://panguitch.com/city-hall-directory/,,435-676-8585,,,,,,,TRUE,1,https://panguitch.com/city-hall-directory/ | phone is city hall; no individual contacts published
Mike Sarles,City Council Member,city,Panguitch,,TRUE,INCUMBENT — not on 2026 ballot,,,,https://panguitch.com/city-hall-directory/,,435-676-8585,,,,,,,TRUE,2,https://panguitch.com/city-hall-directory/ | phone is city hall; no individual contacts published
David Dodds,City Council Member,city,Panguitch,,TRUE,INCUMBENT — not on 2026 ballot,,,,https://panguitch.com/city-hall-directory/,,435-676-8585,,,,,,,TRUE,2,https://panguitch.com/city-hall-directory/ | phone is city hall; no individual contacts published
Tracy Wright,City Council Member,city,Panguitch,,TRUE,INCUMBENT — not on 2026 ballot,,,,https://panguitch.com/city-hall-directory/,,435-676-8585,,,,,,,TRUE,2,https://panguitch.com/city-hall-directory/ | phone is city hall; no individual contacts published
Cindy Stewart,City Council Member,city,Panguitch,,TRUE,INCUMBENT — not on 2026 ballot,,,,https://panguitch.com/city-hall-directory/,,435-676-8585,,,,,,,TRUE,2,https://panguitch.com/city-hall-directory/ | phone is city hall; no individual contacts published
James Kinsey,City Council Member,city,Panguitch,,TRUE,INCUMBENT — not on 2026 ballot,,,,https://panguitch.com/city-hall-directory/,,435-676-8585,,,,,,,TRUE,2,https://panguitch.com/city-hall-directory/ | phone is city hall; no individual contacts published
Melani Torgersen,Mayor,city,Escalante,,TRUE,INCUMBENT — not on 2026 ballot,,,,https://escalanteutah.gov/government/,,,,,,,,,TRUE,1,web search; escalanteutah.gov | unopposed 2025 election cancelled; terms Jan 2026-2030; verify
Chad Lyman,City Council Member,city,Escalante,,TRUE,INCUMBENT — not on 2026 ballot,,,,https://escalanteutah.gov/government/,,,,,,,,,TRUE,2,web search; escalanteutah.gov | unopposed 2025 election cancelled; terms Jan 2026-2030; verify
Lenza Wilson,City Council Member,city,Escalante,,TRUE,INCUMBENT — not on 2026 ballot,,,,https://escalanteutah.gov/government/,,,,,,,,,TRUE,2,web search; escalanteutah.gov | unopposed 2025 election cancelled; terms Jan 2026-2030; verify
Ryan Cottam,City Council Member,city,Escalante,,TRUE,INCUMBENT — not on 2026 ballot,,,,https://escalanteutah.gov/government/,,,,,,,,,TRUE,2,web search; escalanteutah.gov | unopposed 2025 election cancelled; terms Jan 2026-2030; verify
Marlene Stowe,City Council Member,city,Escalante,,TRUE,INCUMBENT — not on 2026 ballot,,,,https://escalanteutah.gov/government/,,,,,,,,,TRUE,2,web search; escalanteutah.gov | unopposed 2025 election cancelled; terms Jan 2026-2030; verify
Sally Orme,City Council Member,city,Escalante,,TRUE,INCUMBENT — not on 2026 ballot,,,,https://escalanteutah.gov/government/,,,,,,,,,TRUE,2,web search; escalanteutah.gov | unopposed 2025 election cancelled; terms Jan 2026-2030; verify
WaLon Brinkerhoff,Mayor,city,Tropic,,TRUE,INCUMBENT — not on 2026 ballot,,,,https://www.utah.gov/pmn/,,,,,,,,,TRUE,1,utah.gov/pmn 2026 notices | Sydney Lamas also appears on Bryce Canyon search; verify
Sydney Lamas,Town Council Member,city,Tropic,,TRUE,INCUMBENT — not on 2026 ballot,,,,https://www.utah.gov/pmn/,,,,,,,,,TRUE,2,utah.gov/pmn 2026 notices | Sydney Lamas also appears on Bryce Canyon search; verify
Lance Syrett,Town Council Member,city,Tropic,,TRUE,INCUMBENT — not on 2026 ballot,,,,https://www.utah.gov/pmn/,,,,,,,,,TRUE,2,utah.gov/pmn 2026 notices | Sydney Lamas also appears on Bryce Canyon search; verify
Merrilee Mecham,Town Council Member,city,Tropic,,TRUE,INCUMBENT — not on 2026 ballot,,,,https://www.utah.gov/pmn/,,,,,,,,,TRUE,2,utah.gov/pmn 2026 notices | Sydney Lamas also appears on Bryce Canyon search; verify
Mike Ahlstrom,Town Council Member,city,Tropic,,TRUE,INCUMBENT — not on 2026 ballot,,,,https://www.utah.gov/pmn/,,,,,,,,,TRUE,2,utah.gov/pmn 2026 notices | Sydney Lamas also appears on Bryce Canyon search; verify
Cheryl Cox,Mayor,city,Boulder,,TRUE,INCUMBENT — not on 2026 ballot,,,,https://boulder.utah.gov/town-council/,,,,,,,,,TRUE,1,https://boulder.utah.gov/town-council/
Lacy Allen,Town Council Member,city,Boulder,,TRUE,INCUMBENT — not on 2026 ballot,,,,https://boulder.utah.gov/town-council/,,,,,,,,,TRUE,2,https://boulder.utah.gov/town-council/
Josh Ellis,Town Council Member,city,Boulder,,TRUE,INCUMBENT — not on 2026 ballot,,,,https://boulder.utah.gov/town-council/,,,,,,,,,TRUE,2,https://boulder.utah.gov/town-council/
Tina Karlsson,Town Council Member,city,Boulder,,TRUE,INCUMBENT — not on 2026 ballot,,,,https://boulder.utah.gov/town-council/,,,,,,,,,TRUE,2,https://boulder.utah.gov/town-council/
John Veranth,Town Council Member,city,Boulder,,TRUE,INCUMBENT — not on 2026 ballot,,,,https://boulder.utah.gov/town-council/,,,,,,,,,TRUE,2,https://boulder.utah.gov/town-council/
Dale Pollock,Mayor,city,Henrieville,,TRUE,INCUMBENT — not on 2026 ballot,,,,https://www.utah.gov/pmn/,,(435)679-8581,,,,,,,TRUE,1,"utah.gov/pmn 2026 notices | phone is town office; may be stale, verify"
Cliff Mathews,Town Board Member,city,Henrieville,,TRUE,INCUMBENT — not on 2026 ballot,,,,https://www.utah.gov/pmn/,,,,,,,,,TRUE,2,"utah.gov/pmn 2026 notices | phone is town office; may be stale, verify"
Rowdy Miller,Town Board Member,city,Henrieville,,TRUE,INCUMBENT — not on 2026 ballot,,,,https://www.utah.gov/pmn/,,,,,,,,,TRUE,2,"utah.gov/pmn 2026 notices | phone is town office; may be stale, verify"
Jennilee Shakespear,Town Board Member,city,Henrieville,,TRUE,INCUMBENT — not on 2026 ballot,,,,https://www.utah.gov/pmn/,,,,,,,,,TRUE,2,"utah.gov/pmn 2026 notices | phone is town office; may be stale, verify"
Diane Ward,Town Board Member,city,Henrieville,,TRUE,INCUMBENT — not on 2026 ballot,,,,https://www.utah.gov/pmn/,,,,,,,,,TRUE,2,"utah.gov/pmn 2026 notices | phone is town office; may be stale, verify"
Bill Scoffield,Mayor,city,Cannonville,,TRUE,INCUMBENT — not on 2026 ballot,,,,https://www.utah.gov/pmn/,,,,,,,,,TRUE,1,utah.gov/pmn 2026 minutes
Stewart Ivie,Town Council Member,city,Cannonville,,TRUE,INCUMBENT — not on 2026 ballot,,,,https://www.utah.gov/pmn/,,,,,,,,,TRUE,2,utah.gov/pmn 2026 minutes
Alma Fletcher,Town Council Member,city,Cannonville,,TRUE,INCUMBENT — not on 2026 ballot,,,,https://www.utah.gov/pmn/,,,,,,,,,TRUE,2,utah.gov/pmn 2026 minutes
Landyn Brinkerhoff,Town Council Member,city,Cannonville,,TRUE,INCUMBENT — not on 2026 ballot,,,,https://www.utah.gov/pmn/,,,,,,,,,TRUE,2,utah.gov/pmn 2026 minutes
Davis Kendrick,Town Council Member,city,Cannonville,,TRUE,INCUMBENT — not on 2026 ballot,,,,https://www.utah.gov/pmn/,,,,,,,,,TRUE,2,utah.gov/pmn 2026 minutes
Kasey King,Mayor,city,Antimony,,TRUE,INCUMBENT — not on 2026 ballot,,,,https://www.utah.gov/pmn/,,,,,,,,,TRUE,1,utah.gov/pmn Jan-Jun 2026 minutes
Marnie Reynolds,Town Board Member,city,Antimony,,TRUE,INCUMBENT — not on 2026 ballot,,,,https://www.utah.gov/pmn/,,,,,,,,,TRUE,2,utah.gov/pmn Jan-Jun 2026 minutes
Marcus Gleave,Town Board Member,city,Antimony,,TRUE,INCUMBENT — not on 2026 ballot,,,,https://www.utah.gov/pmn/,,,,,,,,,TRUE,2,utah.gov/pmn Jan-Jun 2026 minutes
Chuck Wilson,Town Board Member,city,Antimony,,TRUE,INCUMBENT — not on 2026 ballot,,,,https://www.utah.gov/pmn/,,,,,,,,,TRUE,2,utah.gov/pmn Jan-Jun 2026 minutes
Ryan Westwood,Town Board Member,city,Antimony,,TRUE,INCUMBENT — not on 2026 ballot,,,,https://www.utah.gov/pmn/,,,,,,,,,TRUE,2,utah.gov/pmn Jan-Jun 2026 minutes
Terry Willis,Mayor,city,Price,,TRUE,INCUMBENT — not on 2026 ballot,,,,https://www.priceutah.gov/city-government.html,,435-636-3185,,,,,,,TRUE,1,"https://www.priceutah.gov/city-government.html (emails obfuscated on page, left blank)"
Layne Miller,City Council Member,city,Price,,TRUE,INCUMBENT — not on 2026 ballot,,,,https://www.priceutah.gov/city-government.html,,,,,,,,,TRUE,2,"https://www.priceutah.gov/city-government.html (emails obfuscated on page, left blank)"
Tanner Richardson,City Council Member,city,Price,,TRUE,INCUMBENT — not on 2026 ballot,,,,https://www.priceutah.gov/city-government.html,,,,,,,,,TRUE,2,"https://www.priceutah.gov/city-government.html (emails obfuscated on page, left blank)"
Richard Root,City Council Member,city,Price,,TRUE,INCUMBENT — not on 2026 ballot,,,,https://www.priceutah.gov/city-government.html,,,,,,,,,TRUE,2,"https://www.priceutah.gov/city-government.html (emails obfuscated on page, left blank)"
Russell Seeley,City Council Member,city,Price,,TRUE,INCUMBENT — not on 2026 ballot,,,,https://www.priceutah.gov/city-government.html,,,,,,,,,TRUE,2,"https://www.priceutah.gov/city-government.html (emails obfuscated on page, left blank)"
Tina Urbanik,City Council Member,city,Price,,TRUE,INCUMBENT — not on 2026 ballot,,,,https://www.priceutah.gov/city-government.html,,,,,,,,,TRUE,2,"https://www.priceutah.gov/city-government.html (emails obfuscated on page, left blank)"
Lenise Peterman,Mayor,city,Helper,,TRUE,INCUMBENT — not on 2026 ballot,,,,https://helpercity.gov/municiple-info,mayor@helpercity.gov,435-472-5391,,,,,,,TRUE,1,https://helpercity.gov/municiple-info
Ed Chavez,City Council Member,city,Helper,,TRUE,INCUMBENT — not on 2026 ballot,,,,https://helpercity.gov/municiple-info,echavez@helpercity.gov,435-472-5391,,,,,,,TRUE,2,https://helpercity.gov/municiple-info
Tyson Damron,City Council Member,city,Helper,,TRUE,INCUMBENT — not on 2026 ballot,,,,https://helpercity.gov/municiple-info,tdamron@helpercity.gov,435-472-5391,,,,,,,TRUE,2,https://helpercity.gov/municiple-info
Robert Olson,City Council Member,city,Helper,,TRUE,INCUMBENT — not on 2026 ballot,,,,https://helpercity.gov/municiple-info,rolson@helpercity.gov,435-472-5391,,,,,,,TRUE,2,https://helpercity.gov/municiple-info
David Palacios,City Council Member,city,Helper,,TRUE,INCUMBENT — not on 2026 ballot,,,,https://helpercity.gov/municiple-info,dpalacios@helpercity.gov,435-472-5391,,,,,,,TRUE,2,https://helpercity.gov/municiple-info
Ruth Lee,City Council Member,city,Helper,,TRUE,INCUMBENT — not on 2026 ballot,,,,https://helpercity.gov/municiple-info,rlee@helpercity.gov,435-472-5391,,,,,,,TRUE,2,https://helpercity.gov/municiple-info
Carolyn Abeyta,Mayor,city,East Carbon,,TRUE,INCUMBENT — not on 2026 ballot,,,,https://www.eastcarboncity.org/city-council,,435-888-6613,,,,,,,TRUE,1,https://www.eastcarboncity.org/city-council
Grant Neath,City Council Member,city,East Carbon,,TRUE,INCUMBENT — not on 2026 ballot,,,,https://www.eastcarboncity.org/city-council,,435-888-6613,,,,,,,TRUE,2,https://www.eastcarboncity.org/city-council
Amber Stevenson,City Council Member,city,East Carbon,,TRUE,INCUMBENT — not on 2026 ballot,,,,https://www.eastcarboncity.org/city-council,,435-888-6613,,,,,,,TRUE,2,https://www.eastcarboncity.org/city-council
Rakele Palmer,City Council Member,city,East Carbon,,TRUE,INCUMBENT — not on 2026 ballot,,,,https://www.eastcarboncity.org/city-council,,435-888-6613,,,,,,,TRUE,2,https://www.eastcarboncity.org/city-council
Barbara Robinett,City Council Member,city,East Carbon,,TRUE,INCUMBENT — not on 2026 ballot,,,,https://www.eastcarboncity.org/city-council,,435-888-6613,,,,,,,TRUE,2,https://www.eastcarboncity.org/city-council
Charles Abeyta,City Council Member,city,East Carbon,,TRUE,INCUMBENT — not on 2026 ballot,,,,https://www.eastcarboncity.org/city-council,,435-888-6613,,,,,,,TRUE,2,https://www.eastcarboncity.org/city-council
Trent Jackson,Mayor,city,Ferron,,TRUE,INCUMBENT — not on 2026 ballot,,,,https://www.utah.gov/pmn/,,435-384-2350,,,,,,,TRUE,1,Ferron 2026 agendas/minutes via https://www.utah.gov/pmn/ (March-July 2026); no official roster page fetched
Vance Brown,City Council Member,city,Ferron,,TRUE,INCUMBENT — not on 2026 ballot,,,,https://www.utah.gov/pmn/,,435-384-2350,,,,,,,TRUE,2,Ferron 2026 agendas/minutes via https://www.utah.gov/pmn/ (March-July 2026); no official roster page fetched
Ray Petersen,City Council Member,city,Ferron,,TRUE,INCUMBENT — not on 2026 ballot,,,,https://www.utah.gov/pmn/,,435-384-2350,,,,,,,TRUE,2,Ferron 2026 agendas/minutes via https://www.utah.gov/pmn/ (March-July 2026); no official roster page fetched
Gerry Stotler,City Council Member,city,Ferron,,TRUE,INCUMBENT — not on 2026 ballot,,,,https://www.utah.gov/pmn/,,435-384-2350,,,,,,,TRUE,2,Ferron 2026 agendas/minutes via https://www.utah.gov/pmn/ (March-July 2026); no official roster page fetched
Kellee Singleton,City Council Member,city,Ferron,,TRUE,INCUMBENT — not on 2026 ballot,,,,https://www.utah.gov/pmn/,,435-384-2350,,,,,,,TRUE,2,Ferron 2026 agendas/minutes via https://www.utah.gov/pmn/ (March-July 2026); no official roster page fetched
Mike Behling,City Council Member,city,Ferron,,TRUE,INCUMBENT — not on 2026 ballot,,,,https://www.utah.gov/pmn/,,435-384-2350,,,,,,,TRUE,2,Ferron 2026 agendas/minutes via https://www.utah.gov/pmn/ (March-July 2026); no official roster page fetched
Shaun Bell,Mayor,city,Orangeville,,TRUE,INCUMBENT — not on 2026 ballot,,,,https://www.utah.gov/pmn/files/1375233.pdf,,,,,,,,,TRUE,1,Orangeville City Council minutes Jan 5 2026 https://www.utah.gov/pmn/files/1375233.pdf
David McKee,City Council Member,city,Orangeville,,TRUE,INCUMBENT — not on 2026 ballot,,,,https://www.utah.gov/pmn/files/1375233.pdf,,,,,,,,,TRUE,2,Orangeville City Council minutes Jan 5 2026 https://www.utah.gov/pmn/files/1375233.pdf
Kari Alton,City Council Member,city,Orangeville,,TRUE,INCUMBENT — not on 2026 ballot,,,,https://www.utah.gov/pmn/files/1375233.pdf,,,,,,,,,TRUE,2,Orangeville City Council minutes Jan 5 2026 https://www.utah.gov/pmn/files/1375233.pdf
Doug Stilson,City Council Member,city,Orangeville,,TRUE,INCUMBENT — not on 2026 ballot,,,,https://www.utah.gov/pmn/files/1375233.pdf,,,,,,,,,TRUE,2,Orangeville City Council minutes Jan 5 2026 https://www.utah.gov/pmn/files/1375233.pdf
Kirk McQuivey,City Council Member,city,Orangeville,,TRUE,INCUMBENT — not on 2026 ballot,,,,https://www.utah.gov/pmn/files/1375233.pdf,,,,,,,,,TRUE,2,Orangeville City Council minutes Jan 5 2026 https://www.utah.gov/pmn/files/1375233.pdf
Kevin Butler,City Council Member,city,Orangeville,,TRUE,INCUMBENT — not on 2026 ballot,,,,https://www.utah.gov/pmn/files/1375233.pdf,,,,,,,,,TRUE,2,Orangeville City Council minutes Jan 5 2026 https://www.utah.gov/pmn/files/1375233.pdf
Tim Downard,Mayor,city,Elmo,,TRUE,INCUMBENT — not on 2026 ballot,,,,https://emery.utah.gov/home/residents/cities-towns/elmo/,,,,,,,,,TRUE,1,"https://emery.utah.gov/home/residents/cities-towns/elmo/ (council); mayor Tim Downard sworn in Jan 13 2026 per PMN minutes, county page still lists Randy Winn — council list may be stale"
Stoney Jensen,Town Council Member,city,Elmo,,TRUE,INCUMBENT — not on 2026 ballot,,,,https://emery.utah.gov/home/residents/cities-towns/elmo/,,,,,,,,,TRUE,2,"https://emery.utah.gov/home/residents/cities-towns/elmo/ (council); mayor Tim Downard sworn in Jan 13 2026 per PMN minutes, county page still lists Randy Winn — council list may be stale"
Tara Augare,Town Council Member,city,Elmo,,TRUE,INCUMBENT — not on 2026 ballot,,,,https://emery.utah.gov/home/residents/cities-towns/elmo/,,,,,,,,,TRUE,2,"https://emery.utah.gov/home/residents/cities-towns/elmo/ (council); mayor Tim Downard sworn in Jan 13 2026 per PMN minutes, county page still lists Randy Winn — council list may be stale"
Kendall Christensen,Town Council Member,city,Elmo,,TRUE,INCUMBENT — not on 2026 ballot,,,,https://emery.utah.gov/home/residents/cities-towns/elmo/,,,,,,,,,TRUE,2,"https://emery.utah.gov/home/residents/cities-towns/elmo/ (council); mayor Tim Downard sworn in Jan 13 2026 per PMN minutes, county page still lists Randy Winn — council list may be stale"
Travis Richardson,Town Council Member,city,Elmo,,TRUE,INCUMBENT — not on 2026 ballot,,,,https://emery.utah.gov/home/residents/cities-towns/elmo/,,,,,,,,,TRUE,2,"https://emery.utah.gov/home/residents/cities-towns/elmo/ (council); mayor Tim Downard sworn in Jan 13 2026 per PMN minutes, county page still lists Randy Winn — council list may be stale"
Joette Langianese,Mayor,city,Moab,,TRUE,INCUMBENT — not on 2026 ballot,,,,https://www.moabcity.gov/Directory.aspx,,435-259-5121,,,,,,,TRUE,1,https://www.moabcity.gov/Directory.aspx and https://www.moabcity.gov/689/Meet-Your-Elected-Officials
Tawny Knuteson-Boyd,City Council Member,city,Moab,,TRUE,INCUMBENT — not on 2026 ballot,,,,https://www.moabcity.gov/Directory.aspx,tknuteson-boyd@moabcity.gov,435-259-5121,,,,,,,TRUE,2,https://www.moabcity.gov/Directory.aspx and https://www.moabcity.gov/689/Meet-Your-Elected-Officials
Miles Loftin,City Council Member,city,Moab,,TRUE,INCUMBENT — not on 2026 ballot,,,,https://www.moabcity.gov/Directory.aspx,mloftin@moabcity.gov,435-259-5121,,,,,,,TRUE,2,https://www.moabcity.gov/Directory.aspx and https://www.moabcity.gov/689/Meet-Your-Elected-Officials
Kaitlin Myers,City Council Member,city,Moab,,TRUE,INCUMBENT — not on 2026 ballot,,,,https://www.moabcity.gov/Directory.aspx,k.myers@moabcity.gov,435-259-5121,,,,,,,TRUE,2,https://www.moabcity.gov/Directory.aspx and https://www.moabcity.gov/689/Meet-Your-Elected-Officials
Jason Taylor,City Council Member,city,Moab,,TRUE,INCUMBENT — not on 2026 ballot,,,,https://www.moabcity.gov/Directory.aspx,jtaylor@moabcity.gov,435-259-5121,,,,,,,TRUE,2,https://www.moabcity.gov/Directory.aspx and https://www.moabcity.gov/689/Meet-Your-Elected-Officials
Colin Topper,City Council Member,city,Moab,,TRUE,INCUMBENT — not on 2026 ballot,,,,https://www.moabcity.gov/Directory.aspx,ctopper@moabcity.gov,435-259-5121,,,,,,,TRUE,2,https://www.moabcity.gov/Directory.aspx and https://www.moabcity.gov/689/Meet-Your-Elected-Officials
Tommy Olsen,Mayor,city,Roosevelt,,TRUE,INCUMBENT — not on 2026 ballot,,,,https://www.rooseveltcity.gov/184/City-Council,tolsen@rooseveltcity.gov,435-722-5001,,,,,,,TRUE,1,https://www.rooseveltcity.gov/184/City-Council
Cody Aland,City Council Member,city,Roosevelt,,TRUE,INCUMBENT — not on 2026 ballot,,,,https://www.rooseveltcity.gov/184/City-Council,caland@rooseveltcity.com,435-722-5001,,,,,,,TRUE,2,https://www.rooseveltcity.gov/184/City-Council
Don Busenbark,City Council Member,city,Roosevelt,,TRUE,INCUMBENT — not on 2026 ballot,,,,https://www.rooseveltcity.gov/184/City-Council,dbusenbark@rooseveltcity.com,435-722-5001,,,,,,,TRUE,2,https://www.rooseveltcity.gov/184/City-Council
Rowdy Cloward,City Council Member,city,Roosevelt,,TRUE,INCUMBENT — not on 2026 ballot,,,,https://www.rooseveltcity.gov/184/City-Council,rcloward@rooseveltcity.gov,435-722-5001,,,,,,,TRUE,2,https://www.rooseveltcity.gov/184/City-Council
Audrey Goodrich,City Council Member,city,Roosevelt,,TRUE,INCUMBENT — not on 2026 ballot,,,,https://www.rooseveltcity.gov/184/City-Council,agoodrich@rooseveltcity.com,435-722-5001,,,,,,,TRUE,2,https://www.rooseveltcity.gov/184/City-Council
Beau Hancock,City Council Member,city,Roosevelt,,TRUE,INCUMBENT — not on 2026 ballot,,,,https://www.rooseveltcity.gov/184/City-Council,bhancock@rooseveltcity.gov,435-722-5001,,,,,,,TRUE,2,https://www.rooseveltcity.gov/184/City-Council
Linda Harrington,Mayor,city,Myton,,TRUE,INCUMBENT — not on 2026 ballot,,,,https://www.mytoncityut.gov/council,,435-722-2711,,,,,,,TRUE,1,https://www.mytoncityut.gov/council (page lists six members; Harrington identified as mayor via 2025 certified election results)
Larry Dye,City Council Member,city,Myton,,TRUE,INCUMBENT — not on 2026 ballot,,,,https://www.mytoncityut.gov/council,,435-722-2711,,,,,,,TRUE,2,https://www.mytoncityut.gov/council (page lists six members; Harrington identified as mayor via 2025 certified election results)
Herald Crapo,City Council Member,city,Myton,,TRUE,INCUMBENT — not on 2026 ballot,,,,https://www.mytoncityut.gov/council,,435-722-2711,,,,,,,TRUE,2,https://www.mytoncityut.gov/council (page lists six members; Harrington identified as mayor via 2025 certified election results)
Brooke Liddell,City Council Member,city,Myton,,TRUE,INCUMBENT — not on 2026 ballot,,,,https://www.mytoncityut.gov/council,,435-722-2711,,,,,,,TRUE,2,https://www.mytoncityut.gov/council (page lists six members; Harrington identified as mayor via 2025 certified election results)
Wilford Conetah,City Council Member,city,Myton,,TRUE,INCUMBENT — not on 2026 ballot,,,,https://www.mytoncityut.gov/council,,435-722-2711,,,,,,,TRUE,2,https://www.mytoncityut.gov/council (page lists six members; Harrington identified as mayor via 2025 certified election results)
Sherri Stoddard,City Council Member,city,Myton,,TRUE,INCUMBENT — not on 2026 ballot,,,,https://www.mytoncityut.gov/council,,435-722-2711,,,,,,,TRUE,2,https://www.mytoncityut.gov/council (page lists six members; Harrington identified as mayor via 2025 certified election results)
Phillip Scott Allen,Mayor,city,Altamont,,TRUE,INCUMBENT — not on 2026 ballot,,,,https://altamontutah.gov/mayor-and-council,scott@bgcrane.net,435-454-3469,,,,,,,TRUE,1,https://altamontutah.gov/mayor-and-council (mayor email from search snippet)
Russell Sorensen,Town Council Member,city,Altamont,,TRUE,INCUMBENT — not on 2026 ballot,,,,https://altamontutah.gov/mayor-and-council,,435-454-3469,,,,,,,TRUE,2,https://altamontutah.gov/mayor-and-council (mayor email from search snippet)
Mike Foy,Town Council Member,city,Altamont,,TRUE,INCUMBENT — not on 2026 ballot,,,,https://altamontutah.gov/mayor-and-council,,435-454-3469,,,,,,,TRUE,2,https://altamontutah.gov/mayor-and-council (mayor email from search snippet)
James Helms,Town Council Member,city,Altamont,,TRUE,INCUMBENT — not on 2026 ballot,,,,https://altamontutah.gov/mayor-and-council,,435-454-3469,,,,,,,TRUE,2,https://altamontutah.gov/mayor-and-council (mayor email from search snippet)
Chris Baca,Town Council Member,city,Altamont,,TRUE,INCUMBENT — not on 2026 ballot,,,,https://altamontutah.gov/mayor-and-council,,435-454-3469,,,,,,,TRUE,2,https://altamontutah.gov/mayor-and-council (mayor email from search snippet)
Corey Foley,Mayor,city,Vernal,,TRUE,INCUMBENT — not on 2026 ballot,,,,http://www.vernal.gov/,,435-789-2255,,,,,,,TRUE,1,http://www.vernal.gov/ — Porter listed on page though 2025 election results suggest he lost; verify
Ted Munford,City Council Member,city,Vernal,,TRUE,INCUMBENT — not on 2026 ballot,,,,http://www.vernal.gov/,,435-789-2255,,,,,,,TRUE,2,http://www.vernal.gov/ — Porter listed on page though 2025 election results suggest he lost; verify
Randel Mills,City Council Member,city,Vernal,,TRUE,INCUMBENT — not on 2026 ballot,,,,http://www.vernal.gov/,,435-789-2255,,,,,,,TRUE,2,http://www.vernal.gov/ — Porter listed on page though 2025 election results suggest he lost; verify
Robin O'Driscoll,City Council Member,city,Vernal,,TRUE,INCUMBENT — not on 2026 ballot,,,,http://www.vernal.gov/,,435-789-2255,,,,,,,TRUE,2,http://www.vernal.gov/ — Porter listed on page though 2025 election results suggest he lost; verify
Edward Long,City Council Member,city,Vernal,,TRUE,INCUMBENT — not on 2026 ballot,,,,http://www.vernal.gov/,,435-789-2255,,,,,,,TRUE,2,http://www.vernal.gov/ — Porter listed on page though 2025 election results suggest he lost; verify
Nick Porter,City Council Member,city,Vernal,,TRUE,INCUMBENT — not on 2026 ballot,,,,http://www.vernal.gov/,,435-789-2255,,,,,,,TRUE,2,http://www.vernal.gov/ — Porter listed on page though 2025 election results suggest he lost; verify
Brock Arnold,Mayor,city,Naples,,TRUE,INCUMBENT — not on 2026 ballot,,,,https://naplescityut.gov/departments/city-council,,435-789-9090,,,,,,,TRUE,1,https://naplescityut.gov/departments/city-council
Dan E. Olsen,City Council Member,city,Naples,,TRUE,INCUMBENT — not on 2026 ballot,,,,https://naplescityut.gov/departments/city-council,,435-789-9090,,,,,,,TRUE,2,https://naplescityut.gov/departments/city-council
Ross Morton,City Council Member,city,Naples,,TRUE,INCUMBENT — not on 2026 ballot,,,,https://naplescityut.gov/departments/city-council,,435-789-9090,,,,,,,TRUE,2,https://naplescityut.gov/departments/city-council
Kenneth Reynolds,City Council Member,city,Naples,,TRUE,INCUMBENT — not on 2026 ballot,,,,https://naplescityut.gov/departments/city-council,,435-789-9090,,,,,,,TRUE,2,https://naplescityut.gov/departments/city-council
Jonathan Beede,City Council Member,city,Naples,,TRUE,INCUMBENT — not on 2026 ballot,,,,https://naplescityut.gov/departments/city-council,,435-789-9090,,,,,,,TRUE,2,https://naplescityut.gov/departments/city-council
Nate Zilles,City Council Member,city,Naples,,TRUE,INCUMBENT — not on 2026 ballot,,,,https://naplescityut.gov/departments/city-council,,435-789-9090,,,,,,,TRUE,2,https://naplescityut.gov/departments/city-council
Nile Mathisen,Mayor,city,Ballard,,TRUE,INCUMBENT — not on 2026 ballot,,,,https://www.utah.gov/pmn/,,,,,,,,,TRUE,1,"Ballard 2026 council minutes via https://www.utah.gov/pmn/; only 4 council members seen, a 5th seat may exist"
Shaun Murray,City Council Member,city,Ballard,,TRUE,INCUMBENT — not on 2026 ballot,,,,https://www.utah.gov/pmn/,,,,,,,,,TRUE,2,"Ballard 2026 council minutes via https://www.utah.gov/pmn/; only 4 council members seen, a 5th seat may exist"
Ben Allred,City Council Member,city,Ballard,,TRUE,INCUMBENT — not on 2026 ballot,,,,https://www.utah.gov/pmn/,,,,,,,,,TRUE,2,"Ballard 2026 council minutes via https://www.utah.gov/pmn/; only 4 council members seen, a 5th seat may exist"
Al Kettle,City Council Member,city,Ballard,,TRUE,INCUMBENT — not on 2026 ballot,,,,https://www.utah.gov/pmn/,,,,,,,,,TRUE,2,"Ballard 2026 council minutes via https://www.utah.gov/pmn/; only 4 council members seen, a 5th seat may exist"
Steve Secrest,City Council Member,city,Ballard,,TRUE,INCUMBENT — not on 2026 ballot,,,,https://www.utah.gov/pmn/,,,,,,,,,TRUE,2,"Ballard 2026 council minutes via https://www.utah.gov/pmn/; only 4 council members seen, a 5th seat may exist"
Monica Zoltanski,Mayor,city,Sandy,,TRUE,INCUMBENT — not on 2026 ballot,,,,https://sandy.utah.gov/government/city-council,,,,,,,,,TRUE,1,OfficialURL page ; roster from web search of 2026 council agendas; city site is JS-rendered and could not be fetched; main 801-568-7100
Brooke Christensen,City Council District 1,city,Sandy,,TRUE,INCUMBENT — not on 2026 ballot,,,,https://sandy.utah.gov/government/city-council,,,,,,,,,TRUE,2,"OfficialURL page ; names from search of 2026 agendas, official page not verifiable"
Alison Stroud,City Council District 2,city,Sandy,,TRUE,INCUMBENT — not on 2026 ballot,,,,https://sandy.utah.gov/government/city-council,,,,,,,,,TRUE,3,OfficialURL page
Kris Nicholl,City Council District 3,city,Sandy,,TRUE,INCUMBENT — not on 2026 ballot,,,,https://sandy.utah.gov/government/city-council,,,,,,,,,TRUE,4,OfficialURL page
Marci Houseman,City Council District 4,city,Sandy,,TRUE,INCUMBENT — not on 2026 ballot,,,,https://sandy.utah.gov/government/city-council,,,,,,,,,TRUE,5,OfficialURL page
Aaron Dekeyzer,City Council At-Large,city,Sandy,,TRUE,INCUMBENT — not on 2026 ballot,,,,https://sandy.utah.gov/government/city-council,,,,,,,,,TRUE,6,OfficialURL page
Brooke D'Sousa,City Council At-Large,city,Sandy,,TRUE,INCUMBENT — not on 2026 ballot,,,,https://sandy.utah.gov/government/city-council,,,,,,,,,TRUE,7,OfficialURL page
Cyndi Sharkey,City Council At-Large,city,Sandy,,TRUE,INCUMBENT — not on 2026 ballot,,,,https://sandy.utah.gov/government/city-council,,,,,,,,,TRUE,8,OfficialURL page
Kristie S. Overson,Mayor,city,Taylorsville,,TRUE,INCUMBENT — not on 2026 ballot,,,,https://www.taylorsvilleut.gov/government/elected-officials/mayor,koverson@taylorsvilleut.gov,801-955-2009,,,,,,,TRUE,1,OfficialURL page ; via Wayback snapshot; phone is mayor's scheduling assistant line
Ernest Burgess,City Council District 1,city,Taylorsville,,TRUE,INCUMBENT — not on 2026 ballot,,,,https://www.taylorsvilleut.gov/government/elected-officials/council,eburgess@taylorsvilleut.gov,801-654-4482,,,,,,,TRUE,2,OfficialURL page ; via Wayback snapshot
Curt Cochran,City Council District 2,city,Taylorsville,,TRUE,INCUMBENT — not on 2026 ballot,,,,https://www.taylorsvilleut.gov/government/elected-officials/council,ccochran@taylorsvilleut.gov,801-815-4130,,,,,,,TRUE,3,OfficialURL page ; via Wayback snapshot
Anna Barbieri,City Council District 3,city,Taylorsville,,TRUE,INCUMBENT — not on 2026 ballot,,,,https://www.taylorsvilleut.gov/government/elected-officials/council,abarbieri@taylorsvilleut.gov,801-599-8923,,,,,,,TRUE,4,OfficialURL page ; via Wayback snapshot
Meredith Harker,City Council District 4,city,Taylorsville,,TRUE,INCUMBENT — not on 2026 ballot,,,,https://www.taylorsvilleut.gov/government/elected-officials/council,mharker@taylorsvilleut.gov,801-573-6502,,,,,,,TRUE,5,OfficialURL page ; via Wayback snapshot
Bob Knudsen,City Council District 5,city,Taylorsville,,TRUE,INCUMBENT — not on 2026 ballot,,,,https://www.taylorsvilleut.gov/government/elected-officials/council,rknudsen@taylorsvilleut.gov,801-505-8471,,,,,,,TRUE,6,OfficialURL page ; via Wayback snapshot
Jesse Valdez,Mayor,city,Kearns,,TRUE,INCUMBENT — not on 2026 ballot,,,,https://www.kearns.utah.gov/township,,385-885-8375,,,,,,,TRUE,1,OfficialURL page ; via Wayback snapshot; emails are links not shown
Patrick Schaeffer,Council Member - District 1,city,Kearns,,TRUE,INCUMBENT — not on 2026 ballot,,,,https://www.kearns.utah.gov/township,,385-463-4568,,,,,,,TRUE,2,OfficialURL page ; via Wayback snapshot
Lyndsay Longtin,Council Member - District 2,city,Kearns,,TRUE,INCUMBENT — not on 2026 ballot,,,,https://www.kearns.utah.gov/township,,385-887-3682,,,,,,,TRUE,3,OfficialURL page ; via Wayback snapshot
Chrystal Butterfield,Council Member - District 3,city,Kearns,,TRUE,INCUMBENT — not on 2026 ballot,,,,https://www.kearns.utah.gov/township,,385-463-5465,,,,,,,TRUE,4,OfficialURL page ; via Wayback snapshot
Lorrin P. Colby Jr.,Council Member - District 4,city,Kearns,,TRUE,INCUMBENT — not on 2026 ballot,,,,https://www.kearns.utah.gov/township,,385-463-4471,,,,,,,TRUE,5,OfficialURL page ; via Wayback snapshot
Dustin Gettel,Mayor,city,Midvale,,TRUE,INCUMBENT — not on 2026 ballot,,,,https://www.midvalecity.org/government/mayor.php,dgettel@midvaleut.gov,385-246-3574,,,,,,,TRUE,1,OfficialURL page ; appointed mayor after Stevenson resigned; page current as of Oct 2026
Bonnie Billings,City Council District 1,city,Midvale,,TRUE,INCUMBENT — not on 2026 ballot,,,,https://www.midvalecity.org/government/city_council.php,Bbillings@midvaleut.gov,385-246-2867,,,,,,,TRUE,2,OfficialURL page
Paul Glover,City Council District 2,city,Midvale,,TRUE,INCUMBENT — not on 2026 ballot,,,,https://www.midvalecity.org/government/city_council.php,pglover@midvaleut.gov,801-561-5773,,,,,,,TRUE,3,OfficialURL page
Heidi Robinson,City Council District 3,city,Midvale,,TRUE,INCUMBENT — not on 2026 ballot,,,,https://www.midvalecity.org/government/city_council.php,Hrobinson@midvaleut.gov,801-560-6234,,,,,,,TRUE,4,OfficialURL page
Bryant Brown,City Council District 4,city,Midvale,,TRUE,INCUMBENT — not on 2026 ballot,,,,https://www.midvalecity.org/government/city_council.php,Bbrown@midvaleut.gov,801-347-1804,,,,,,,TRUE,5,OfficialURL page
Denece Mikolash,City Council District 5,city,Midvale,,TRUE,INCUMBENT — not on 2026 ballot,,,,https://www.midvalecity.org/government/city_council.php,dmikolash@midvaleut.gov,801-573-3638,,,,,,,TRUE,6,OfficialURL page
Gay Lynn Bennion,Mayor,city,Cottonwood Heights,,TRUE,INCUMBENT — not on 2026 ballot,,,,https://www.cottonwoodheights.utah.gov/your-government/elected-officials,,801-944-7087,,,,,,,TRUE,1,OfficialURL page ; via Wayback snapshot of official page; emails not shown
Matt Holton,City Council District 1,city,Cottonwood Heights,,TRUE,INCUMBENT — not on 2026 ballot,,,,https://www.cottonwoodheights.utah.gov/your-government/elected-officials,,801-944-7089,,,,,,,TRUE,2,OfficialURL page ; via Wayback snapshot
Suzanne Hyland,City Council District 2,city,Cottonwood Heights,,TRUE,INCUMBENT — not on 2026 ballot,,,,https://www.cottonwoodheights.utah.gov/your-government/elected-officials,,801-944-7086,,,,,,,TRUE,3,OfficialURL page ; via Wayback snapshot
Shawn Newell,City Council District 3,city,Cottonwood Heights,,TRUE,INCUMBENT — not on 2026 ballot,,,,https://www.cottonwoodheights.utah.gov/your-government/elected-officials,,801-300-3068,,,,,,,TRUE,4,OfficialURL page ; via Wayback snapshot
Ellen Birrell,City Council District 4,city,Cottonwood Heights,,TRUE,INCUMBENT — not on 2026 ballot,,,,https://www.cottonwoodheights.utah.gov/your-government/elected-officials,,385-910-5942,,,,,,,TRUE,5,OfficialURL page ; via Wayback snapshot
Paul Fotheringham,Mayor,city,Holladay,,TRUE,INCUMBENT — not on 2026 ballot,,,,https://holladayut.gov/government/mayor_and_council/mayor.php,pfotheringham@holladayut.gov,801-272-9450,,,,,,,TRUE,1,OfficialURL page
David Sundwall,City Council District 1,city,Holladay,,TRUE,INCUMBENT — not on 2026 ballot,,,,https://holladayut.gov/government/mayor_and_council/new_page.php,dsundwall@holladayut.gov,801-633-5753,,,,,,,TRUE,2,OfficialURL page
Matt Durham,City Council District 2,city,Holladay,,TRUE,INCUMBENT — not on 2026 ballot,,,,https://holladayut.gov/government/mayor_and_council/new_page.php,mdurham@holladayut.gov,801-999-0781,,,,,,,TRUE,3,OfficialURL page
Natalie Bradley,City Council District 3,city,Holladay,,TRUE,INCUMBENT — not on 2026 ballot,,,,https://holladayut.gov/government/mayor_and_council/new_page.php,nbradley@holladayut.gov,801-243-1139,,,,,,,TRUE,4,OfficialURL page
Drew Quinn,City Council District 4,city,Holladay,,TRUE,INCUMBENT — not on 2026 ballot,,,,https://holladayut.gov/government/mayor_and_council/new_page.php,dquinn@holladayut.gov,801-860-6130,,,,,,,TRUE,5,OfficialURL page
Emily Gray,City Council District 5,city,Holladay,,TRUE,INCUMBENT — not on 2026 ballot,,,,https://holladayut.gov/government/mayor_and_council/new_page.php,egray@holladayut.gov,801-755-3477,,,,,,,TRUE,6,OfficialURL page
Cherie Wood,Mayor,city,South Salt Lake,,TRUE,INCUMBENT — not on 2026 ballot,,,,https://sslc.gov/292/Mayors-Office,,801-464-6757,,,,,,,TRUE,1,OfficialURL page ; email is web form only
Joy Glad,City Council District 1,city,South Salt Lake,,TRUE,INCUMBENT — not on 2026 ballot,,,,https://sslc.gov/Directory.aspx?did=11,,385-666-1315,,,,,,,TRUE,2,OfficialURL page ; appointed after LeAnne Huff stepped down (per directory + news); emails web-form only
Corey Thomas,City Council District 2,city,South Salt Lake,,TRUE,INCUMBENT — not on 2026 ballot,,,,https://sslc.gov/Directory.aspx?did=11,,801-755-8015,,,,,,,TRUE,3,OfficialURL page
Sharla Bynum,City Council District 3,city,South Salt Lake,,TRUE,INCUMBENT — not on 2026 ballot,,,,https://sslc.gov/Directory.aspx?did=11,,801-803-4127,,,,,,,TRUE,4,OfficialURL page
Nick Mitchell,City Council District 4,city,South Salt Lake,,TRUE,INCUMBENT — not on 2026 ballot,,,,https://sslc.gov/Directory.aspx?did=11,,801-995-1487,,,,,,,TRUE,5,OfficialURL page
Irvin Jones,City Council District 5,city,South Salt Lake,,TRUE,INCUMBENT — not on 2026 ballot,,,,https://sslc.gov/Directory.aspx?did=11,,801-835-7694,,,,,,,TRUE,6,OfficialURL page ; replaced Paul Sanchez (seat declared vacant early 2026)
Clarissa Williams,City Council At-Large,city,South Salt Lake,,TRUE,INCUMBENT — not on 2026 ballot,,,,https://sslc.gov/Directory.aspx?did=11,,505-879-2457,,,,,,,TRUE,7,OfficialURL page
Ray deWolfe,City Council At-Large,city,South Salt Lake,,TRUE,INCUMBENT — not on 2026 ballot,,,,https://sslc.gov/Directory.aspx?did=11,,801-347-6939,,,,,,,TRUE,8,OfficialURL page
Natalie Hall,Mayor,city,Bluffdale,,TRUE,INCUMBENT — not on 2026 ballot,,,,https://www.bluffdale.gov/333/Mayor-City-Council,,,,,,,,,TRUE,1,OfficialURL page ; emails are web-forms only on page
Wendy Aston,City Council Member,city,Bluffdale,,TRUE,INCUMBENT — not on 2026 ballot,,,,https://www.bluffdale.gov/333/Mayor-City-Council,,,,,,,,,TRUE,2,OfficialURL page
Steve Austin,City Council Member,city,Bluffdale,,TRUE,INCUMBENT — not on 2026 ballot,,,,https://www.bluffdale.gov/333/Mayor-City-Council,,,,,,,,,TRUE,3,OfficialURL page
Alan Lord,City Council Member,city,Bluffdale,,TRUE,INCUMBENT — not on 2026 ballot,,,,https://www.bluffdale.gov/333/Mayor-City-Council,,,,,,,,,TRUE,4,OfficialURL page
Mackey Smith,City Council Member,city,Bluffdale,,TRUE,INCUMBENT — not on 2026 ballot,,,,https://www.bluffdale.gov/333/Mayor-City-Council,,,,,,,,,TRUE,5,OfficialURL page
Greg Wilding,City Council Member,city,Bluffdale,,TRUE,INCUMBENT — not on 2026 ballot,,,,https://www.bluffdale.gov/333/Mayor-City-Council,,,,,,,,,TRUE,6,OfficialURL page
Allan Perry,Mayor,city,White City,,TRUE,INCUMBENT — not on 2026 ballot,,,,https://whitecity.utah.gov/city-council,aperry@whitecity.utah.gov,801-884-8607,,,,,,,TRUE,1,OfficialURL page
Greg Shelton,Council Member - Seat A,city,White City,,TRUE,INCUMBENT — not on 2026 ballot,,,,https://whitecity.utah.gov/city-council,gshelton@whitecity.utah.gov,801-810-9638,,,,,,,TRUE,2,OfficialURL page ; email shown with stray space on page
Linda Price,Council Member - Seat B,city,White City,,TRUE,INCUMBENT — not on 2026 ballot,,,,https://whitecity.utah.gov/city-council,lprice@whitecity.utah.gov,801-419-3013,,,,,,,TRUE,3,OfficialURL page
Neil Mahoney,Council Member - Seat C,city,White City,,TRUE,INCUMBENT — not on 2026 ballot,,,,https://whitecity.utah.gov/city-council,nmahoney@whitecity.utah.gov,801-618-7848,,,,,,,TRUE,4,OfficialURL page ; Mayor Pro-Tem
Howard Van Horn,Council Member - Seat D,city,White City,,TRUE,INCUMBENT — not on 2026 ballot,,,,https://whitecity.utah.gov/city-council,hvanhorn@whitecity.utah.gov,385-787-0265,,,,,,,TRUE,5,OfficialURL page ; search of minutes named Tyler Huish instead; official page lists Van Horn - verify
David Brems,Mayor,city,Emigration Canyon,,TRUE,INCUMBENT — not on 2026 ballot,,,,https://emigration.utah.gov/team-4,,,,,,,,,TRUE,1,"OfficialURL page ; roster from web search of 2026 council minutes; official site is JS-rendered, unverified"
Nicholas Griffith,City Council Member,city,Emigration Canyon,,TRUE,INCUMBENT — not on 2026 ballot,,,,https://emigration.utah.gov/team-4,,,,,,,,,TRUE,2,OfficialURL page
Catherine Harris,City Council Member,city,Emigration Canyon,,TRUE,INCUMBENT — not on 2026 ballot,,,,https://emigration.utah.gov/team-4,,,,,,,,,TRUE,3,OfficialURL page
Jennifer Hawkes,City Council Member,city,Emigration Canyon,,TRUE,INCUMBENT — not on 2026 ballot,,,,https://emigration.utah.gov/team-4,,,,,,,,,TRUE,4,OfficialURL page
Robert Pinon,City Council Member,city,Emigration Canyon,,TRUE,INCUMBENT — not on 2026 ballot,,,,https://emigration.utah.gov/team-4,,,,,,,,,TRUE,5,OfficialURL page
Sean Clayton,Mayor,city,Copperton,,TRUE,INCUMBENT — not on 2026 ballot,,,,https://copperton.utah.gov/meet-copperton-council,sclayton@copperton.utah.gov,(224) 829-9329,,,,,,,TRUE,1,OfficialURL page ; phone/email association inferred from page layout
Tessa Stitzer,Council Member (Deputy Mayor),city,Copperton,,TRUE,INCUMBENT — not on 2026 ballot,,,,https://copperton.utah.gov/meet-copperton-council,tstitzer@copperton.utah.gov,(801) 230-4001,,,,,,,TRUE,2,OfficialURL page ; phone association inferred from layout
Kathleen Bailey,Council Member (Treasurer),city,Copperton,,TRUE,INCUMBENT — not on 2026 ballot,,,,https://copperton.utah.gov/meet-copperton-council,kbailey@copperton.utah.gov,(801) 971-0841,,,,,,,TRUE,3,OfficialURL page ; phone association inferred from layout
Jonathan Pratt,Council Member,city,Copperton,,TRUE,INCUMBENT — not on 2026 ballot,,,,https://copperton.utah.gov/meet-copperton-council,jpratt@copperton.utah.gov,(801) 915-0202,,,,,,,TRUE,4,OfficialURL page ; phone association inferred from layout
Linda McCalmon,Council Member,city,Copperton,,TRUE,INCUMBENT — not on 2026 ballot,,,,https://copperton.utah.gov/meet-copperton-council,lmccalmon@copperton.utah.gov,,,,,,,,TRUE,5,OfficialURL page
Scotty John,Mayor,city,Brighton,,TRUE,INCUMBENT — not on 2026 ballot,,,,https://brighton.utah.gov/176/Directory,,801-518-6338,,,,,,,TRUE,1,OfficialURL page ; emails are links not shown
Keith Zuspan,Town Council Member (At Large),city,Brighton,,TRUE,INCUMBENT — not on 2026 ballot,,,,https://brighton.utah.gov/176/Directory,,801-652-0692,,,,,,,TRUE,2,OfficialURL page
Lise Brunhart,Town Council Member (At Large),city,Brighton,,TRUE,INCUMBENT — not on 2026 ballot,,,,https://brighton.utah.gov/176/Directory,,801-573-2166,,,,,,,TRUE,3,OfficialURL page
Jeff Bossard,Town Council Member (At Large),city,Brighton,,TRUE,INCUMBENT — not on 2026 ballot,,,,https://brighton.utah.gov/176/Directory,,435-647-7941,,,,,,,TRUE,4,OfficialURL page ; Mayor Pro Tempore
Carolyn Keigley,Town Council Member (At Large),city,Brighton,,TRUE,INCUMBENT — not on 2026 ballot,,,,https://brighton.utah.gov/176/Directory,,,,,,,,,TRUE,5,OfficialURL page
Roger Bourke,Mayor,city,Alta,,TRUE,INCUMBENT — not on 2026 ballot,,,,https://townofalta.com/town-council,,,,,,,,,TRUE,1,"OfficialURL page ; names from web search of 2026 council agendas; town site JS-rendered, unverified"
Carolyn Anctil,Town Council Member,city,Alta,,TRUE,INCUMBENT — not on 2026 ballot,,,,https://townofalta.com/town-council,,,,,,,,,TRUE,2,OfficialURL page
Craig Heimark,Town Council Member,city,Alta,,TRUE,INCUMBENT — not on 2026 ballot,,,,https://townofalta.com/town-council,,,,,,,,,TRUE,3,OfficialURL page
Elise Morgan,Town Council Member,city,Alta,,TRUE,INCUMBENT — not on 2026 ballot,,,,https://townofalta.com/town-council,,,,,,,,,TRUE,4,OfficialURL page
Dan Schilling,Town Council Member,city,Alta,,TRUE,INCUMBENT — not on 2026 ballot,,,,https://townofalta.com/town-council,,,,,,,,,TRUE,5,OfficialURL page
Mick Sudbury,Mayor,city,Magna City,,TRUE,INCUMBENT — not on 2026 ballot,,,,https://magna.utah.gov/171/City-Council,,,,,,,,,TRUE,1,OfficialURL page ; mayor not shown on roster page; confirmed via 2026 conflict-of-interest listing and Aug 25 2026 meeting; no contact published
Steve Prokopis,City Council District 1,city,Magna City,,TRUE,INCUMBENT — not on 2026 ballot,,,,https://magna.utah.gov/171/City-Council,Sprokopis@magna.utah.gov,801-550-4338,,,,,,,TRUE,2,OfficialURL page
Megan Olsen,City Council District 2,city,Magna City,,TRUE,INCUMBENT — not on 2026 ballot,,,,https://magna.utah.gov/171/City-Council,molsen@magna.utah.gov,385-910-6792,,,,,,,TRUE,3,OfficialURL page
Michael H. Jensen,City Council District 3,city,Magna City,,TRUE,INCUMBENT — not on 2026 ballot,,,,https://magna.utah.gov/171/City-Council,mjensen@magna.utah.gov,385-910-1811,,,,,,,TRUE,4,OfficialURL page
Terry George,City Council District 4,city,Magna City,,TRUE,INCUMBENT — not on 2026 ballot,,,,https://magna.utah.gov/171/City-Council,tgeorge@magna.utah.gov,385-910-7990,,,,,,,TRUE,5,OfficialURL page ; Mayor Pro Tem
Jeff Larsen,City Council District 5,city,Magna City,,TRUE,INCUMBENT — not on 2026 ballot,,,,https://magna.utah.gov/171/City-Council,jlarson@magna.utah.gov,(385) 499-2345,,,,,,,TRUE,6,OfficialURL page ; page lists Larsen (email spelled jlarson); prior D5 member Audrey Pierce resigned Aug 17 2026 so Larsen is presumably the appointed replacement - verify
Ben Nadolski,Mayor,city,Ogden,,TRUE,INCUMBENT — not on 2026 ballot,,,,https://www.ogdencity.gov/m/directory/department?did=61,bennadolski@ogdencity.com,801-629-8111,,,,,,,TRUE,1,OfficialURL page
Flor Lopez,City Council District 1,city,Ogden,,TRUE,INCUMBENT — not on 2026 ballot,,,,https://www.ogdencity.gov/m/directory/department?did=60,,801-629-8153,,,,,,,TRUE,2,OfficialURL page ; district per Standard-Examiner; individual emails are web-form only; phone is council office line
Richard Hyer,City Council Member (Chair),city,Ogden,,TRUE,INCUMBENT — not on 2026 ballot,,,,https://www.ogdencity.gov/m/directory/department?did=60,,801-629-8153,,,,,,,TRUE,3,OfficialURL page ; district not confirmed; council office line
Ken Richey,City Council District 3,city,Ogden,,TRUE,INCUMBENT — not on 2026 ballot,,,,https://www.ogdencity.gov/m/directory/department?did=60,,801-629-8153,,,,,,,TRUE,4,OfficialURL page ; district per Standard-Examiner; council office line
Dave Graf,City Council Member (Vice Chair),city,Ogden,,TRUE,INCUMBENT — not on 2026 ballot,,,,https://www.ogdencity.gov/m/directory/department?did=60,,801-629-8153,,,,,,,TRUE,5,OfficialURL page ; district not confirmed; council office line
Alicia Washington,City Council At-Large Seat A,city,Ogden,,TRUE,INCUMBENT — not on 2026 ballot,,,,https://www.ogdencity.gov/m/directory/department?did=60,,801-629-8153,,,,,,,TRUE,6,OfficialURL page ; council office line
Kevin Lundell,City Council At-Large Seat B,city,Ogden,,TRUE,INCUMBENT — not on 2026 ballot,,,,https://www.ogdencity.gov/m/directory/department?did=60,,801-629-8153,,,,,,,TRUE,7,OfficialURL page ; council office line
Jeremy Peterson,City Council At-Large Seat C,city,Ogden,,TRUE,INCUMBENT — not on 2026 ballot,,,,https://www.ogdencity.gov/m/directory/department?did=60,,801-629-8153,,,,,,,TRUE,8,OfficialURL page ; appointed Jul 2026 to replace Shaun Myers (resigned Jul 31); appointee name inferred from directory listing + Standard-Examiner applicant list
Ann Jackson,Mayor,city,Roy,,TRUE,INCUMBENT — not on 2026 ballot,,,,https://www.royutah.gov/government/city_council.php,,,,,,,,,TRUE,1,OfficialURL page ; no emails/phones on roster page; main 801-774-1000
Diane Wilson,City Council Member,city,Roy,,TRUE,INCUMBENT — not on 2026 ballot,,,,https://www.royutah.gov/government/city_council.php,,,,,,,,,TRUE,2,OfficialURL page
Bryon Saxton,City Council Member,city,Roy,,TRUE,INCUMBENT — not on 2026 ballot,,,,https://www.royutah.gov/government/city_council.php,,,,,,,,,TRUE,3,OfficialURL page
Janel Hulbert,City Council Member,city,Roy,,TRUE,INCUMBENT — not on 2026 ballot,,,,https://www.royutah.gov/government/city_council.php,,,,,,,,,TRUE,4,OfficialURL page
Alexis Jackson,City Council Member,city,Roy,,TRUE,INCUMBENT — not on 2026 ballot,,,,https://www.royutah.gov/government/city_council.php,,,,,,,,,TRUE,5,OfficialURL page
Jason Sphar,City Council Member,city,Roy,,TRUE,INCUMBENT — not on 2026 ballot,,,,https://www.royutah.gov/government/city_council.php,,,,,,,,,TRUE,6,OfficialURL page ; seat since Feb 2026 (appointed/vacancy fill likely)
Rob Vanderwood,Mayor,city,West Haven,,TRUE,INCUMBENT — not on 2026 ballot,,,,https://www.westhavenut.gov/government/mayor.php,rob@westhavenut.gov,801-745-5168,,,,,,,TRUE,1,OfficialURL page
Carrie Call,City Council Member,city,West Haven,,TRUE,INCUMBENT — not on 2026 ballot,,,,https://www.westhavenut.gov/government/city_council/index.php,carriec@westhavenut.gov,801-458-6371,,,,,,,TRUE,2,OfficialURL page
Kim Dixon,City Council Member,city,West Haven,,TRUE,INCUMBENT — not on 2026 ballot,,,,https://www.westhavenut.gov/government/city_council/index.php,kimd@westhavenut.gov,801-698-3575,,,,,,,TRUE,3,OfficialURL page
Nina Morse,City Council Member,city,West Haven,,TRUE,INCUMBENT — not on 2026 ballot,,,,https://www.westhavenut.gov/government/city_council/index.php,ninam@westhavenut.gov,,,,,,,,TRUE,4,OfficialURL page
Ryan Saunders,City Council Member,city,West Haven,,TRUE,INCUMBENT — not on 2026 ballot,,,,https://www.westhavenut.gov/government/city_council/index.php,rsaunders@westhavenut.gov,801-452-1990,,,,,,,TRUE,5,OfficialURL page ; Mayor Pro Tem
Ryan Swapp,City Council Member,city,West Haven,,TRUE,INCUMBENT — not on 2026 ballot,,,,https://www.westhavenut.gov/government/city_council/index.php,rswapp@westhavenut.gov,,,,,,,,TRUE,6,OfficialURL page
Ryan M. Barker,Mayor,city,North Ogden,,TRUE,INCUMBENT — not on 2026 ballot,,,,https://northogdencity.com/government/city_council/index.php,rbarker@northogdencity.gov,(801) 814-4306,,,,,,,TRUE,1,OfficialURL page
Jay D Dalpias,City Council Member,city,North Ogden,,TRUE,INCUMBENT — not on 2026 ballot,,,,https://northogdencity.com/government/city_council/index.php,jddalpias@northogdencity.gov,(385) 405-6061,,,,,,,TRUE,2,OfficialURL page
Chris Pulver,City Council Member,city,North Ogden,,TRUE,INCUMBENT — not on 2026 ballot,,,,https://northogdencity.com/government/city_council/index.php,cpulver@northogdencity.gov,(801) 906-3894,,,,,,,TRUE,3,OfficialURL page
Christina Watson,City Council Member,city,North Ogden,,TRUE,INCUMBENT — not on 2026 ballot,,,,https://northogdencity.com/government/city_council/index.php,watson@northogdencity.gov,(410) 610-8134,,,,,,,TRUE,4,OfficialURL page
Tera Carney,City Council Member,city,North Ogden,,TRUE,INCUMBENT — not on 2026 ballot,,,,https://northogdencity.com/government/city_council/index.php,Tcarney@northogdencity.gov,(801) 458-2229,,,,,,,TRUE,5,OfficialURL page
Steve Nabor,City Council Member,city,North Ogden,,TRUE,INCUMBENT — not on 2026 ballot,,,,https://northogdencity.com/government/city_council/index.php,snabor@northogdencity.gov,(801) 721-4465,,,,,,,TRUE,6,OfficialURL page
Russell L. Porter,Mayor,city,South Ogden,,TRUE,INCUMBENT — not on 2026 ballot,,,,https://southogdencity.gov/government/mayor_&_city_council/index.php,rporter@southogdencity.gov,(801) 622-2701,,,,,,,TRUE,1,OfficialURL page
Doug Stephens,City Council Member,city,South Ogden,,TRUE,INCUMBENT — not on 2026 ballot,,,,https://southogdencity.gov/government/mayor_&_city_council/index.php,dstephens@southogdencity.gov,(801) 941-8631,,,,,,,TRUE,2,OfficialURL page
Jeanette Smyth,City Council Member,city,South Ogden,,TRUE,INCUMBENT — not on 2026 ballot,,,,https://southogdencity.gov/government/mayor_&_city_council/index.php,jsmyth@southogdencity.gov,(801) 479-5763,,,,,,,TRUE,3,OfficialURL page
Jeremy Howe,City Council Member,city,South Ogden,,TRUE,INCUMBENT — not on 2026 ballot,,,,https://southogdencity.gov/government/mayor_&_city_council/index.php,jhowe@southogdencity.gov,(801) 686-5599,,,,,,,TRUE,4,OfficialURL page
Clayton Peterson,City Council Member,city,South Ogden,,TRUE,INCUMBENT — not on 2026 ballot,,,,https://southogdencity.gov/government/mayor_&_city_council/index.php,cpeterson@southogdencity.gov,(801) 917-4485,,,,,,,TRUE,5,OfficialURL page ; page listed one additional blank councilmember slot (fifth seat unnamed)
Steve Gibson,Mayor,city,Pleasant View,,TRUE,INCUMBENT — not on 2026 ballot,,,,https://www.pleasantviewut.gov/159,,,,,,,,,TRUE,1,OfficialURL page ; no contact info on roster page
Ann Arrington,City Council Member,city,Pleasant View,,TRUE,INCUMBENT — not on 2026 ballot,,,,https://www.pleasantviewut.gov/159,,,,,,,,,TRUE,2,OfficialURL page
Johnny Ferry,City Council Member,city,Pleasant View,,TRUE,INCUMBENT — not on 2026 ballot,,,,https://www.pleasantviewut.gov/159,,,,,,,,,TRUE,3,OfficialURL page
Dave Marriott,City Council Member,city,Pleasant View,,TRUE,INCUMBENT — not on 2026 ballot,,,,https://www.pleasantviewut.gov/159,,,,,,,,,TRUE,4,OfficialURL page
Sean Wilkinson,City Council Member,city,Pleasant View,,TRUE,INCUMBENT — not on 2026 ballot,,,,https://www.pleasantviewut.gov/159,,,,,,,,,TRUE,5,OfficialURL page
Sara Urry,City Council Member,city,Pleasant View,,TRUE,INCUMBENT — not on 2026 ballot,,,,https://www.pleasantviewut.gov/159,,,,,,,,,TRUE,6,OfficialURL page
Sheri Bingham,Mayor,city,Hooper,,TRUE,INCUMBENT — not on 2026 ballot,,,,https://www.hoopercity.gov/meet-your-city-officials,sbingham@hoopercity.gov,,,,,,,,TRUE,1,OfficialURL page
Ryan Hill,City Council At-Large,city,Hooper,,TRUE,INCUMBENT — not on 2026 ballot,,,,https://www.hoopercity.gov/meet-your-city-officials,rhill@hoopercity.gov,,,,,,,,TRUE,2,OfficialURL page
Dale Fowers,City Council At-Large,city,Hooper,,TRUE,INCUMBENT — not on 2026 ballot,,,,https://www.hoopercity.gov/meet-your-city-officials,dfowers@hoopercity.gov,,,,,,,,TRUE,3,OfficialURL page ; Mayor Pro-Tem
Larry Ropelato,City Council District 1,city,Hooper,,TRUE,INCUMBENT — not on 2026 ballot,,,,https://www.hoopercity.gov/meet-your-city-officials,lropelato@hoopercity.gov,,,,,,,,TRUE,4,OfficialURL page
Matthew Kilts,City Council District 2,city,Hooper,,TRUE,INCUMBENT — not on 2026 ballot,,,,https://www.hoopercity.gov/meet-your-city-officials,mkilts@hoopercity.gov,,,,,,,,TRUE,5,OfficialURL page
Ray Hancock,City Council District 3,city,Hooper,,TRUE,INCUMBENT — not on 2026 ballot,,,,https://www.hoopercity.gov/meet-your-city-officials,rhancock@hoopercity.gov,,,,,,,,TRUE,6,OfficialURL page
Braden Mitchell,Mayor,city,Riverdale,,TRUE,INCUMBENT — not on 2026 ballot,,,,https://www.riverdaleutah.gov/government/mayor.php,bmitchell@riverdaleutah.gov,801-627-2321,,,,,,,TRUE,1,OfficialURL page
Alan Arnold,City Council Member,city,Riverdale,,TRUE,INCUMBENT — not on 2026 ballot,,,,https://www.riverdaleutah.gov/government/city_council.php,aarnold@riverdaleutah.gov,385-231-6551,,,,,,,TRUE,2,OfficialURL page
Bart Stevens,City Council Member,city,Riverdale,,TRUE,INCUMBENT — not on 2026 ballot,,,,https://www.riverdaleutah.gov/government/city_council.php,bstevens@riverdaleutah.gov,801-645-5630,,,,,,,TRUE,3,OfficialURL page
Anne Hansen,City Council Member,city,Riverdale,,TRUE,INCUMBENT — not on 2026 ballot,,,,https://www.riverdaleutah.gov/government/city_council.php,ahansen@riverdaleutah.gov,801-725-9763,,,,,,,TRUE,4,OfficialURL page
Michael Richter,City Council Member,city,Riverdale,,TRUE,INCUMBENT — not on 2026 ballot,,,,https://www.riverdaleutah.gov/government/city_council.php,mrichter@riverdaleutah.gov,,,,,,,,TRUE,5,OfficialURL page
Kent Anderson,City Council Member,city,Riverdale,,TRUE,INCUMBENT — not on 2026 ballot,,,,https://www.riverdaleutah.gov/government/city_council.php,kanderson@riverdaleutah.gov,,,,,,,,TRUE,6,OfficialURL page
Mark C. Allen,Mayor,city,Washington Terrace,,TRUE,INCUMBENT — not on 2026 ballot,,,,https://washingtonterrace.gov/officials,,,,,,,,,TRUE,1,OfficialURL page ; no contact on page
Anna Davidson,City Council Member,city,Washington Terrace,,TRUE,INCUMBENT — not on 2026 ballot,,,,https://washingtonterrace.gov/officials,,,,,,,,,TRUE,2,OfficialURL page ; full name per notices: Jessie Anna Jean Whitnack-Davidson
Cheryl Parkinson,City Council Member,city,Washington Terrace,,TRUE,INCUMBENT — not on 2026 ballot,,,,https://washingtonterrace.gov/officials,,,,,,,,,TRUE,3,OfficialURL page
Michael Thomas,City Council Member,city,Washington Terrace,,TRUE,INCUMBENT — not on 2026 ballot,,,,https://washingtonterrace.gov/officials,,,,,,,,,TRUE,4,OfficialURL page
Jeff West,City Council Member,city,Washington Terrace,,TRUE,INCUMBENT — not on 2026 ballot,,,,https://washingtonterrace.gov/officials,,,,,,,,,TRUE,5,OfficialURL page
Zunayid Z. Zishan,City Council Member,city,Washington Terrace,,TRUE,INCUMBENT — not on 2026 ballot,,,,https://washingtonterrace.gov/officials,,,,,,,,,TRUE,6,OfficialURL page
David P. Bolos,Mayor,city,Farr West,,TRUE,INCUMBENT — not on 2026 ballot,,,,https://farrwestcity.gov/government/city-council,mayor@farrwestcity.gov,(801) 808-3800,,,,,,,TRUE,1,OfficialURL page
Katie Williams,City Council Member,city,Farr West,,TRUE,INCUMBENT — not on 2026 ballot,,,,https://farrwestcity.gov/government/city-council,katie.williams@farrwestcity.gov,(385) 289-5164,,,,,,,TRUE,2,OfficialURL page ; Assistant Mayor
Jason Anderson,City Council Member,city,Farr West,,TRUE,INCUMBENT — not on 2026 ballot,,,,https://farrwestcity.gov/government/city-council,jason.anderson@farrwestcity.gov,(801) 731-4187,,,,,,,TRUE,3,OfficialURL page
Bob Blind,City Council Member,city,Farr West,,TRUE,INCUMBENT — not on 2026 ballot,,,,https://farrwestcity.gov/government/city-council,bob.blind@farrwestcity.gov,(404) 434-7720,,,,,,,TRUE,4,OfficialURL page
David Jay,City Council Member,city,Farr West,,TRUE,INCUMBENT — not on 2026 ballot,,,,https://farrwestcity.gov/government/city-council,david.jay@farrwestcity.gov,(801) 698-8992,,,,,,,TRUE,5,OfficialURL page
Timothy N. Shupe,City Council Member,city,Farr West,,TRUE,INCUMBENT — not on 2026 ballot,,,,https://farrwestcity.gov/government/city-council,tim.shupe@farrwestcity.gov,(801) 731-7582,,,,,,,TRUE,6,OfficialURL page
Roger Shuman,Mayor,city,Harrisville,,TRUE,INCUMBENT — not on 2026 ballot,,,,https://harrisvillecity.gov/city-council/,mayorshuman@harrisvillecity.gov,(801) 782-4100,,,,,,,TRUE,1,OfficialURL page ; phone is city hall main
Grover Wilhelmsen,City Council Member,city,Harrisville,,TRUE,INCUMBENT — not on 2026 ballot,,,,https://harrisvillecity.gov/city-council/,gwilhelmsen@harrisvillecity.gov,(801) 782-4100,,,,,,,TRUE,2,OfficialURL page ; phone is city hall main
Blair Christensen,City Council Member,city,Harrisville,,TRUE,INCUMBENT — not on 2026 ballot,,,,https://harrisvillecity.gov/city-council/,bchristensen@harrisvillecity.gov,(801) 782-4100,,,,,,,TRUE,3,OfficialURL page ; phone is city hall main
Jason Hadley,City Council Member,city,Harrisville,,TRUE,INCUMBENT — not on 2026 ballot,,,,https://harrisvillecity.gov/city-council/,jhadley@harrisvillecity.gov,(801) 782-4100,,,,,,,TRUE,4,OfficialURL page ; phone is city hall main
Greg Montgomery,City Council Member,city,Harrisville,,TRUE,INCUMBENT — not on 2026 ballot,,,,https://harrisvillecity.gov/city-council/,gmontgomery@harrisvillecity.gov,(801) 782-4100,,,,,,,TRUE,5,OfficialURL page ; phone is city hall main
Annette Prall,City Council Member,city,Harrisville,,TRUE,INCUMBENT — not on 2026 ballot,,,,https://harrisvillecity.gov/city-council/,aprall@harrisvillecity.gov,(801) 782-4100,,,,,,,TRUE,6,OfficialURL page ; appointed Jul 2026 replacing Karen Taylor-Fawcett; phone is city hall main
Scott Van Leeuwen,Mayor,city,Marriott-Slaterville,,TRUE,INCUMBENT — not on 2026 ballot,,,,https://www.marriott-slaterville.org/government/page/executive-branch,,,,,,,,,TRUE,1,OfficialURL page ; page not dated; mayor name not re-verified after Nov 2025 election; phone 801-627-1919 ext 204
Erin Holley,City Council West District,city,Marriott-Slaterville,,TRUE,INCUMBENT — not on 2026 ballot,,,,https://www.marriott-slaterville.org/citycouncil,,,,,,,,,TRUE,2,OfficialURL page ; Vice President
Dennis Illum,City Council East District,city,Marriott-Slaterville,,TRUE,INCUMBENT — not on 2026 ballot,,,,https://www.marriott-slaterville.org/citycouncil,,,,,,,,,TRUE,3,OfficialURL page ; President
Rob Smout,City Council West District,city,Marriott-Slaterville,,TRUE,INCUMBENT — not on 2026 ballot,,,,https://www.marriott-slaterville.org/citycouncil,,,,,,,,,TRUE,4,OfficialURL page
Brad Slater,City Council East District,city,Marriott-Slaterville,,TRUE,INCUMBENT — not on 2026 ballot,,,,https://www.marriott-slaterville.org/citycouncil,,,,,,,,,TRUE,5,OfficialURL page
Dee Christoffersen,City Council At-Large,city,Marriott-Slaterville,,TRUE,INCUMBENT — not on 2026 ballot,,,,https://www.marriott-slaterville.org/citycouncil,,,,,,,,,TRUE,6,OfficialURL page
Daniel Combe,Mayor,city,Uintah,,TRUE,INCUMBENT — not on 2026 ballot,,,,https://www.uintahcity.gov/city-council,,,,,,,,,TRUE,1,OfficialURL page ; emails are web-form links only
Michelle Roberts,City Council Member,city,Uintah,,TRUE,INCUMBENT — not on 2026 ballot,,,,https://www.uintahcity.gov/city-council,,,,,,,,,TRUE,2,OfficialURL page
Ross Patterson,City Council Member,city,Uintah,,TRUE,INCUMBENT — not on 2026 ballot,,,,https://www.uintahcity.gov/city-council,,,,,,,,,TRUE,3,OfficialURL page
Teague Sorenson,City Council Member,city,Uintah,,TRUE,INCUMBENT — not on 2026 ballot,,,,https://www.uintahcity.gov/city-council,,,,,,,,,TRUE,4,OfficialURL page
Richard Sorensen,Mayor,city,Huntsville,,TRUE,INCUMBENT — not on 2026 ballot,,,,https://huntsvilleutah.gov/mayor-and-town-council,,,,,,,,,TRUE,1,OfficialURL page ; page lists mayor + 4 councilmembers; no contact info; could be incomplete
Lewis Johnson,Town Council Member,city,Huntsville,,TRUE,INCUMBENT — not on 2026 ballot,,,,https://huntsvilleutah.gov/mayor-and-town-council,,,,,,,,,TRUE,2,OfficialURL page
Bruce Ahlstrom,Town Council Member,city,Huntsville,,TRUE,INCUMBENT — not on 2026 ballot,,,,https://huntsvilleutah.gov/mayor-and-town-council,,,,,,,,,TRUE,3,OfficialURL page
Jim Truett,Town Council Member,city,Huntsville,,TRUE,INCUMBENT — not on 2026 ballot,,,,https://huntsvilleutah.gov/mayor-and-town-council,,,,,,,,,TRUE,4,OfficialURL page ; Mayor Pro Tem
Sandy Hunter,Town Council Member,city,Huntsville,,TRUE,INCUMBENT — not on 2026 ballot,,,,https://huntsvilleutah.gov/mayor-and-town-council,,,,,,,,,TRUE,5,OfficialURL page
Phil Meyer,Mayor,city,Plain City,,TRUE,INCUMBENT — not on 2026 ballot,,,,https://plaincityutah.gov/1255/Mayor-City-Council,philm@plaincityutah.gov,801-731-4908,,,,,,,TRUE,1,OfficialURL page
Jed Jenkins,City Council Member,city,Plain City,,TRUE,INCUMBENT — not on 2026 ballot,,,,https://plaincityutah.gov/1255/Mayor-City-Council,,,,,,,,,TRUE,2,OfficialURL page ; Mayor pro-tem; council phone 801-731-4908
Luigi Panunzio,City Council Member,city,Plain City,,TRUE,INCUMBENT — not on 2026 ballot,,,,https://plaincityutah.gov/1255/Mayor-City-Council,,,,,,,,,TRUE,3,OfficialURL page
Rachael Beal,City Council Member,city,Plain City,,TRUE,INCUMBENT — not on 2026 ballot,,,,https://plaincityutah.gov/1255/Mayor-City-Council,,,,,,,,,TRUE,4,OfficialURL page
Jan Wilson,City Council Member,city,Plain City,,TRUE,INCUMBENT — not on 2026 ballot,,,,https://plaincityutah.gov/1255/Mayor-City-Council,,,,,,,,,TRUE,5,OfficialURL page
Adam Favero,City Council Member,city,Plain City,,TRUE,INCUMBENT — not on 2026 ballot,,,,https://plaincityutah.gov/1255/Mayor-City-Council,,,,,,,,,TRUE,6,OfficialURL page
Janet Wampler,Mayor,city,Ogden Valley City,,TRUE,INCUMBENT — not on 2026 ballot,,,,https://ogdenvalley.gov/mayor-city-council/,,,,,,,,,TRUE,1,"OfficialURL page ; elected Nov 2025, sworn in Nov 2025 (new city); no contact on page"
Tia Shaw,City Council District 1,city,Ogden Valley City,,TRUE,INCUMBENT — not on 2026 ballot,,,,https://ogdenvalley.gov/?p=197,tshaw@ogdenvalley.gov,801-348-0031,,,,,,,TRUE,2,OfficialURL page
Peggy Dooling Baker,City Council District 2,city,Ogden Valley City,,TRUE,INCUMBENT — not on 2026 ballot,,,,https://ogdenvalley.gov/?p=197,pdoolingbaker@ogdenvalley.gov,801-348-0028,,,,,,,TRUE,3,OfficialURL page
Kay Hoogland,City Council District 3,city,Ogden Valley City,,TRUE,INCUMBENT — not on 2026 ballot,,,,https://ogdenvalley.gov/?p=197,khoogland@ogdenvalley.gov,801-348-0026,,,,,,,TRUE,4,OfficialURL page
Chad Booth,City Council District 4,city,Ogden Valley City,,TRUE,INCUMBENT — not on 2026 ballot,,,,https://ogdenvalley.gov/?p=197,cbooth@ogdenvalley.gov,801-348-0032,,,,,,,TRUE,5,OfficialURL page
Don Hickman,City Council District 5,city,Ogden Valley City,,TRUE,INCUMBENT — not on 2026 ballot,,,,https://ogdenvalley.gov/?p=197,dhickman@ogdenvalley.gov,801-348-0025,,,,,,,TRUE,6,OfficialURL page
"Dennis J. ""DJ"" Bott",Mayor,city,Brigham City,,TRUE,INCUMBENT — not on 2026 ballot,,,,https://bcutah.gov/page/mayor-and-city-council,,,,,,,,,TRUE,1,"OfficialURL page ; official site blocked bots; roster from search of 2025 election results (Bott, Jensen, Smith re-elected) and 2026 minutes; no contact fetched"
Dave Hipp,City Council Member,city,Brigham City,,TRUE,INCUMBENT — not on 2026 ballot,,,,https://bcutah.gov/page/mayor-and-city-council,,,,,,,,,TRUE,2,"OfficialURL page ; official site blocked bots; roster from search of 2025 election results (Bott, Jensen, Smith re-elected) and 2026 minutes; no contact fetched"
Dave Jeffries,City Council Member,city,Brigham City,,TRUE,INCUMBENT — not on 2026 ballot,,,,https://bcutah.gov/page/mayor-and-city-council,,,,,,,,,TRUE,3,"OfficialURL page ; official site blocked bots; roster from search of 2025 election results (Bott, Jensen, Smith re-elected) and 2026 minutes; no contact fetched"
Matthew Jensen,City Council Member,city,Brigham City,,TRUE,INCUMBENT — not on 2026 ballot,,,,https://bcutah.gov/page/mayor-and-city-council,,,,,,,,,TRUE,4,"OfficialURL page ; official site blocked bots; roster from search of 2025 election results (Bott, Jensen, Smith re-elected) and 2026 minutes; no contact fetched"
Ryan D. Smith,City Council Member,city,Brigham City,,TRUE,INCUMBENT — not on 2026 ballot,,,,https://bcutah.gov/page/mayor-and-city-council,,,,,,,,,TRUE,5,"OfficialURL page ; official site blocked bots; roster from search of 2025 election results (Bott, Jensen, Smith re-elected) and 2026 minutes; no contact fetched"
Robin Troxell,City Council Member,city,Brigham City,,TRUE,INCUMBENT — not on 2026 ballot,,,,https://bcutah.gov/page/mayor-and-city-council,,,,,,,,,TRUE,6,"OfficialURL page ; official site blocked bots; roster from search of 2025 election results (Bott, Jensen, Smith re-elected) and 2026 minutes; no contact fetched"
Bret Rohde,Mayor,city,Tremonton,,TRUE,INCUMBENT — not on 2026 ballot,,,,https://tremontoncity.gov/government/officials/,,435-257-9500,,,,,,,TRUE,1,"OfficialURL page ; roster from web search snippet of official page (JS-rendered, not fetched); council phone 435-257-9500"
Blair Westergard,City Council Member,city,Tremonton,,TRUE,INCUMBENT — not on 2026 ballot,,,,https://tremontoncity.gov/government/officials/,,435-257-9500,,,,,,,TRUE,2,"OfficialURL page ; roster from web search snippet of official page (JS-rendered, not fetched); council phone 435-257-9500"
Beau Lewis,City Council Member,city,Tremonton,,TRUE,INCUMBENT — not on 2026 ballot,,,,https://tremontoncity.gov/government/officials/,,435-257-9500,,,,,,,TRUE,3,"OfficialURL page ; roster from web search snippet of official page (JS-rendered, not fetched); council phone 435-257-9500"
Brent Jex,City Council Member,city,Tremonton,,TRUE,INCUMBENT — not on 2026 ballot,,,,https://tremontoncity.gov/government/officials/,,435-257-9500,,,,,,,TRUE,4,"OfficialURL page ; roster from web search snippet of official page (JS-rendered, not fetched); council phone 435-257-9500"
Kristie Bowcutt,City Council Member,city,Tremonton,,TRUE,INCUMBENT — not on 2026 ballot,,,,https://tremontoncity.gov/government/officials/,,435-257-9500,,,,,,,TRUE,5,"OfficialURL page ; roster from web search snippet of official page (JS-rendered, not fetched); council phone 435-257-9500"
Sharri Oyler,City Council Member,city,Tremonton,,TRUE,INCUMBENT — not on 2026 ballot,,,,https://tremontoncity.gov/government/officials/,,435-257-9500,,,,,,,TRUE,6,"OfficialURL page ; roster from web search snippet of official page (JS-rendered, not fetched); council phone 435-257-9500"
Kevin Jeppsen,Mayor,city,Perry,,TRUE,INCUMBENT — not on 2026 ballot,,,,https://www.perrycity.org/,,,,,,,,,TRUE,1,OfficialURL page ; roster from web search of Feb 2026 agenda; official page not fetched
Nathan Tueller,City Council Member,city,Perry,,TRUE,INCUMBENT — not on 2026 ballot,,,,https://www.perrycity.org/,,,,,,,,,TRUE,2,OfficialURL page ; roster from web search of Feb 2026 agenda; official page not fetched
Toby Wright,City Council Member,city,Perry,,TRUE,INCUMBENT — not on 2026 ballot,,,,https://www.perrycity.org/,,,,,,,,,TRUE,3,OfficialURL page ; roster from web search of Feb 2026 agenda; official page not fetched
Blake Ostler,City Council Member,city,Perry,,TRUE,INCUMBENT — not on 2026 ballot,,,,https://www.perrycity.org/,,,,,,,,,TRUE,4,OfficialURL page ; roster from web search of Feb 2026 agenda; official page not fetched
David Walker,City Council Member,city,Perry,,TRUE,INCUMBENT — not on 2026 ballot,,,,https://www.perrycity.org/,,,,,,,,,TRUE,5,OfficialURL page ; roster from web search of Feb 2026 agenda; official page not fetched
Ashley Young,City Council Member,city,Perry,,TRUE,INCUMBENT — not on 2026 ballot,,,,https://www.perrycity.org/,,,,,,,,,TRUE,6,OfficialURL page ; roster from web search of Feb 2026 agenda; official page not fetched
Danny Austin,Mayor,city,Garland,,TRUE,INCUMBENT — not on 2026 ballot,,,,https://www.garlandutah.gov/city-council/,danny@garlandutah.gov,(435) 257-3118,,,,,,,TRUE,1,OfficialURL page ; phone is city offices
Jim Hall,City Council Member,city,Garland,,TRUE,INCUMBENT — not on 2026 ballot,,,,https://www.garlandutah.gov/city-council/,jim@garlandutah.gov,(435) 257-3118,,,,,,,TRUE,2,OfficialURL page ; phone is city offices
Jeanette Atkinson,City Council Member,city,Garland,,TRUE,INCUMBENT — not on 2026 ballot,,,,https://www.garlandutah.gov/city-council/,jeanette@garlandutah.gov,(435) 257-3118,,,,,,,TRUE,3,OfficialURL page ; phone is city offices
Angie Johnsen,City Council Member,city,Garland,,TRUE,INCUMBENT — not on 2026 ballot,,,,https://www.garlandutah.gov/city-council/,angie@garlandutah.gov,(435) 257-3118,,,,,,,TRUE,4,OfficialURL page ; phone is city offices
Josh Munns,City Council Member,city,Garland,,TRUE,INCUMBENT — not on 2026 ballot,,,,https://www.garlandutah.gov/city-council/,josh@garlandutah.gov,(435) 257-3118,,,,,,,TRUE,5,OfficialURL page ; phone is city offices
Tena Allen,City Council Member,city,Garland,,TRUE,INCUMBENT — not on 2026 ballot,,,,https://www.garlandutah.gov/city-council/,tena@garlandutah.gov,(435) 257-3118,,,,,,,TRUE,6,OfficialURL page ; phone is city offices
Travis Mote,Mayor,city,Willard,,TRUE,INCUMBENT — not on 2026 ballot,,,,https://www.willardcityut.gov/citycouncil,,(435) 734-9881,,,,,,,TRUE,1,OfficialURL page ; roster from web search of 2026 documents; official page did not render names; city office 435-734-9881
Mike Braegger,City Council Member,city,Willard,,TRUE,INCUMBENT — not on 2026 ballot,,,,https://www.willardcityut.gov/citycouncil,,(435) 734-9881,,,,,,,TRUE,2,OfficialURL page ; roster from web search of 2026 documents; official page did not render names; city office 435-734-9881
Jacob Bodily,City Council Member,city,Willard,,TRUE,INCUMBENT — not on 2026 ballot,,,,https://www.willardcityut.gov/citycouncil,,(435) 734-9881,,,,,,,TRUE,3,OfficialURL page ; roster from web search of 2026 documents; official page did not render names; city office 435-734-9881
Rex Christensen,City Council Member,city,Willard,,TRUE,INCUMBENT — not on 2026 ballot,,,,https://www.willardcityut.gov/citycouncil,,(435) 734-9881,,,,,,,TRUE,4,OfficialURL page ; roster from web search of 2026 documents; official page did not render names; city office 435-734-9881
Jordan Hulsey,City Council Member,city,Willard,,TRUE,INCUMBENT — not on 2026 ballot,,,,https://www.willardcityut.gov/citycouncil,,(435) 734-9881,,,,,,,TRUE,5,OfficialURL page ; roster from web search of 2026 documents; official page did not render names; city office 435-734-9881
Rod Mund,City Council Member,city,Willard,,TRUE,INCUMBENT — not on 2026 ballot,,,,https://www.willardcityut.gov/citycouncil,,(435) 734-9881,,,,,,,TRUE,6,OfficialURL page ; roster from web search of 2026 documents; official page did not render names; city office 435-734-9881
Bruce Nelson,Mayor,city,Honeyville,,TRUE,INCUMBENT — not on 2026 ballot,,,,http://www.honeyvillecity.com/,,,,,,,,,TRUE,1,OfficialURL page ; roster from web search of 2026 minutes; official page not fetched
Codey Illum,City Council Member,city,Honeyville,,TRUE,INCUMBENT — not on 2026 ballot,,,,http://www.honeyvillecity.com/,,,,,,,,,TRUE,2,OfficialURL page ; roster from web search of 2026 minutes; official page not fetched
Trevor Gardner,City Council Member,city,Honeyville,,TRUE,INCUMBENT — not on 2026 ballot,,,,http://www.honeyvillecity.com/,,,,,,,,,TRUE,3,OfficialURL page ; roster from web search of 2026 minutes; official page not fetched
Kami Anderson,City Council Member,city,Honeyville,,TRUE,INCUMBENT — not on 2026 ballot,,,,http://www.honeyvillecity.com/,,,,,,,,,TRUE,4,OfficialURL page ; roster from web search of 2026 minutes; official page not fetched
Ryan Adams,City Council Member,city,Honeyville,,TRUE,INCUMBENT — not on 2026 ballot,,,,http://www.honeyvillecity.com/,,,,,,,,,TRUE,5,OfficialURL page ; roster from web search of 2026 minutes; official page not fetched
Dusty Bingham,City Council Member,city,Honeyville,,TRUE,INCUMBENT — not on 2026 ballot,,,,http://www.honeyvillecity.com/,,,,,,,,,TRUE,6,OfficialURL page ; roster from web search of 2026 minutes; official page not fetched
Annette Ash,Mayor,city,Mantua,,TRUE,INCUMBENT — not on 2026 ballot,,,,https://www.mantuautah.gov/administrative,Aash@mantuautah.gov,,,,,,,,TRUE,1,OfficialURL page
Matt Jeppsen,Town Council Member,city,Mantua,,TRUE,INCUMBENT — not on 2026 ballot,,,,https://www.mantuautah.gov/administrative,Mcjeppsen@mantuautah.gov,,,,,,,,TRUE,2,OfficialURL page ; Mayor Pro Tem
Scott Ross,Town Council Member,city,Mantua,,TRUE,INCUMBENT — not on 2026 ballot,,,,https://www.mantuautah.gov/administrative,Sross@mantuautah.gov,,,,,,,,TRUE,3,OfficialURL page
Cheryl Burgan,Town Council Member,city,Mantua,,TRUE,INCUMBENT — not on 2026 ballot,,,,https://www.mantuautah.gov/administrative,Cburgan@mantuautah.gov,,,,,,,,TRUE,4,OfficialURL page
Hank Dovey,Town Council Member,city,Mantua,,TRUE,INCUMBENT — not on 2026 ballot,,,,https://www.mantuautah.gov/administrative,Hdovey@mantuautah.gov,,,,,,,,TRUE,5,OfficialURL page
Scott Goodliffe,Mayor,city,Elwood,,TRUE,INCUMBENT — not on 2026 ballot,,,,https://elwoodtown.gov/council,sgoodliffe@elwoodtown.com,435-257-5518,,,,,,,TRUE,1,OfficialURL page
Brian Davis,Town Council Member,city,Elwood,,TRUE,INCUMBENT — not on 2026 ballot,,,,https://elwoodtown.gov/council,bdavis@elwoodtown.com,435-257-5518,,,,,,,TRUE,2,OfficialURL page
Mark Lay,Town Council Member,city,Elwood,,TRUE,INCUMBENT — not on 2026 ballot,,,,https://elwoodtown.gov/council,mlay@elwoodtown.com,801-243-4343,,,,,,,TRUE,3,OfficialURL page
Phil Shimek,Town Council Member,city,Elwood,,TRUE,INCUMBENT — not on 2026 ballot,,,,https://elwoodtown.gov/council,pshimek@elwoodtown.com,435-257-5518,,,,,,,TRUE,4,OfficialURL page
Curtis Crouch,Town Council Member,city,Elwood,,TRUE,INCUMBENT — not on 2026 ballot,,,,https://elwoodtown.gov/council,ccrouch@elwoodtown.com,435-257-5518,,,,,,,TRUE,5,OfficialURL page ; term 2026-2027 (appointed)
Bear River City Mayor & Council,Mayor & Council,city,Bear River City,,TRUE,INCUMBENT — not on 2026 ballot,,,,https://www.utah.gov/pmn/,,(435)279-9047,,,,,,,TRUE,1,"https://www.utah.gov/pmn/ ; roster not found (search gave surnames only: Mecham mayor; Anderson, J Holmgren, R Holmgren, Taylor)"
Shane Baton,Mayor,city,Corinne,,TRUE,INCUMBENT — not on 2026 ballot,,,,https://www.corinnecity.gov/,,(435) 744-5566,,,,,,,TRUE,1,OfficialURL page ; roster from web search of May 2026 agenda; website not fetched; phone is city recorder; unverified
Karen Caldwell,City Council Member,city,Corinne,,TRUE,INCUMBENT — not on 2026 ballot,,,,https://www.corinnecity.gov/,,(435) 744-5566,,,,,,,TRUE,2,OfficialURL page
Tom Little,City Council Member,city,Corinne,,TRUE,INCUMBENT — not on 2026 ballot,,,,https://www.corinnecity.gov/,,(435) 744-5566,,,,,,,TRUE,3,OfficialURL page
Joshua Morris,City Council Member,city,Corinne,,TRUE,INCUMBENT — not on 2026 ballot,,,,https://www.corinnecity.gov/,,(435) 744-5566,,,,,,,TRUE,4,OfficialURL page
Krista Hardman,City Council Member,city,Corinne,,TRUE,INCUMBENT — not on 2026 ballot,,,,https://www.corinnecity.gov/,,(435) 744-5566,,,,,,,TRUE,5,OfficialURL page
Tausha Job,City Council Member,city,Corinne,,TRUE,INCUMBENT — not on 2026 ballot,,,,https://www.corinnecity.gov/,,(435) 744-5566,,,,,,,TRUE,6,OfficialURL page ; appointed to fill vacancy; same sourcing
Chuck Earl,Mayor,city,Fielding,,TRUE,INCUMBENT — not on 2026 ballot,,,,https://www.utah.gov/pmn/,,,,,,,,,TRUE,1,https://www.utah.gov/pmn/ ; roster from web search of 2026 minutes; partial/unverified (Shane Marsh also listed earlier in 2026)
Trevor Earl,Town Council Member,city,Fielding,,TRUE,INCUMBENT — not on 2026 ballot,,,,https://www.utah.gov/pmn/,,,,,,,,,TRUE,2,https://www.utah.gov/pmn/
Heather Marsh,Town Council Member,city,Fielding,,TRUE,INCUMBENT — not on 2026 ballot,,,,https://www.utah.gov/pmn/,,,,,,,,,TRUE,3,https://www.utah.gov/pmn/
Kelly Nokes,Town Council Member,city,Fielding,,TRUE,INCUMBENT — not on 2026 ballot,,,,https://www.utah.gov/pmn/,,,,,,,,,TRUE,4,https://www.utah.gov/pmn/
Plymouth Mayor & Council,Mayor & Council,city,Plymouth,,TRUE,INCUMBENT — not on 2026 ballot,,,,https://www.utah.gov/pmn/,,435-239-7278,,,,,,,TRUE,1,https://www.utah.gov/pmn/ ; roster not found (search suggests Mayor Wendi Barker but council unclear)
Curt Whiteford,Mayor,city,Deweyville,,TRUE,INCUMBENT — not on 2026 ballot,,,,https://www.utah.gov/pmn/,,,,,,,,,TRUE,1,https://www.utah.gov/pmn/ ; roster from web search of 2026 meeting notices; town website not found; unverified
Nathan Spackman,Town Council Member,city,Deweyville,,TRUE,INCUMBENT — not on 2026 ballot,,,,https://www.utah.gov/pmn/,,,,,,,,,TRUE,2,https://www.utah.gov/pmn/
Eric Page,Town Council Member,city,Deweyville,,TRUE,INCUMBENT — not on 2026 ballot,,,,https://www.utah.gov/pmn/,,,,,,,,,TRUE,3,https://www.utah.gov/pmn/
Melanie Hunsaker,Town Council Member,city,Deweyville,,TRUE,INCUMBENT — not on 2026 ballot,,,,https://www.utah.gov/pmn/,,,,,,,,,TRUE,4,https://www.utah.gov/pmn/
Marlene Berger,Town Council Member,city,Deweyville,,TRUE,INCUMBENT — not on 2026 ballot,,,,https://www.utah.gov/pmn/,,,,,,,,,TRUE,5,https://www.utah.gov/pmn/
Portage Mayor & Council,Mayor & Council,city,Portage,,TRUE,INCUMBENT — not on 2026 ballot,,,,https://www.utah.gov/pmn/,,,,,,,,,TRUE,1,https://www.utah.gov/pmn/ ; roster not found (surnames only in minutes)
Bruce Morris,Mayor,city,Howell,,TRUE,INCUMBENT — not on 2026 ballot,,,,https://www.howelltown.utah.gov/mayor-and-council,,435-279-0367,,,,,,,TRUE,1,OfficialURL page
Josh Anderson,Town Council Member,city,Howell,,TRUE,INCUMBENT — not on 2026 ballot,,,,https://www.howelltown.utah.gov/mayor-and-council,,435-452-8040,,,,,,,TRUE,2,OfficialURL page
McKenzie Sorensen,Town Council Member,city,Howell,,TRUE,INCUMBENT — not on 2026 ballot,,,,https://www.howelltown.utah.gov/mayor-and-council,,435-279-0554,,,,,,,TRUE,3,OfficialURL page
Rex Nessen,Town Council Member,city,Howell,,TRUE,INCUMBENT — not on 2026 ballot,,,,https://www.howelltown.utah.gov/mayor-and-council,,435-279-6557,,,,,,,TRUE,4,OfficialURL page
Drew Sorensen,Town Council Member,city,Howell,,TRUE,INCUMBENT — not on 2026 ballot,,,,https://www.howelltown.utah.gov/mayor-and-council,,435-279-0496,,,,,,,TRUE,5,OfficialURL page
Snowville Mayor & Council,Mayor & Council,city,Snowville,,TRUE,INCUMBENT — not on 2026 ballot,,,,https://www.utah.gov/pmn/,,,,,,,,,TRUE,1,https://www.utah.gov/pmn/ ; roster not found (conflicting mayor info in 2026)
Mike Farrar,Mayor,city,Apple Valley,,TRUE,INCUMBENT — not on 2026 ballot,,,,https://www.applevalleyut.gov/towncouncil,mayor@applevalleyut.gov,435.877.1190,,,,,,,TRUE,1,OfficialURL page ; via Wayback snapshot (Aug 2026); phone is town office
Kevin Sair,Town Council Member,city,Apple Valley,,TRUE,INCUMBENT — not on 2026 ballot,,,,https://www.applevalleyut.gov/towncouncil,ksair@applevalleyut.gov,435.877.1190,,,,,,,TRUE,2,OfficialURL page ; via Wayback snapshot; email shown obfuscated as [at]; phone is town office
Annie Spendlove,Town Council Member,city,Apple Valley,,TRUE,INCUMBENT — not on 2026 ballot,,,,https://www.applevalleyut.gov/towncouncil,aspendlove@applevalleyut.gov,435.877.1190,,,,,,,TRUE,3,OfficialURL page ; via Wayback snapshot; email shown obfuscated as [at]; phone is town office
Scott Taylor,Town Council Member,city,Apple Valley,,TRUE,INCUMBENT — not on 2026 ballot,,,,https://www.applevalleyut.gov/towncouncil,staylor@applevalleyut.gov,435.877.1190,,,,,,,TRUE,4,OfficialURL page ; via Wayback snapshot; email shown obfuscated as [at]; phone is town office
Richard Palmer,Town Council Member,city,Apple Valley,,TRUE,INCUMBENT — not on 2026 ballot,,,,https://www.applevalleyut.gov/towncouncil,rpalmer@applevalleyut.gov,435.877.1190,,,,,,,TRUE,5,OfficialURL page ; via Wayback snapshot; email shown obfuscated as [at]; phone is town office
Jean Krause,Mayor,city,Virgin,,TRUE,INCUMBENT — not on 2026 ballot,,,,https://virgin.utah.gov/174/Town-Council,,435-635-4695,,,,,,,TRUE,1,OfficialURL page ; phone is town office
Jim Kietzman,Town Council Member,city,Virgin,,TRUE,INCUMBENT — not on 2026 ballot,,,,https://virgin.utah.gov/174/Town-Council,,435-635-4695,,,,,,,TRUE,2,OfficialURL page ; phone is town office
Paul Luwe,Town Council Member,city,Virgin,,TRUE,INCUMBENT — not on 2026 ballot,,,,https://virgin.utah.gov/174/Town-Council,,435-635-4695,,,,,,,TRUE,3,OfficialURL page ; phone is town office
April McKeon,Town Council Member,city,Virgin,,TRUE,INCUMBENT — not on 2026 ballot,,,,https://virgin.utah.gov/174/Town-Council,,435-635-4695,,,,,,,TRUE,4,OfficialURL page ; phone is town office
Valerie Wenz,Town Council Member,city,Virgin,,TRUE,INCUMBENT — not on 2026 ballot,,,,https://virgin.utah.gov/174/Town-Council,,435-635-4695,,,,,,,TRUE,5,OfficialURL page ; phone is town office
Rockville Mayor & Council,Mayor & Council,city,Rockville,,TRUE,INCUMBENT — not on 2026 ballot,,,,https://rockvilleutah.gov/town-council/,rockville@rockvilleutah.gov,(435) 772-0992,,,,,,,TRUE,1,"OfficialURL page ; roster not found: town-council page still shows Mayor Pam Leach / Jeff Ballard with terms ended 12/31/2025 (stale, post-Nov-2025 winners unverified); email/phone are town general contact"
David Schmuker,Mayor,city,Big Water,,TRUE,INCUMBENT — not on 2026 ballot,,,,https://bigwaterut.gov/town-council/,dwschmuker@gmail.com,(435) 675-3760,,,,,,,TRUE,1,OfficialURL page ; email as published on town page; page undated so may predate Jan 2026 - verify; phone is town office
Jim Loyd,Town Council Member,city,Big Water,,TRUE,INCUMBENT — not on 2026 ballot,,,,https://bigwaterut.gov/town-council/,htoad@vcn.com,(435) 675-3760,,,,,,,TRUE,2,OfficialURL page
Jim Lybarger,Town Council Member,city,Big Water,,TRUE,INCUMBENT — not on 2026 ballot,,,,https://bigwaterut.gov/town-council/,jimlybargerbigwatertc@gmail.com,(435) 675-3760,,,,,,,TRUE,3,OfficialURL page
Jennie Lassen,Town Council Member,city,Big Water,,TRUE,INCUMBENT — not on 2026 ballot,,,,https://bigwaterut.gov/town-council/,,(435) 675-3760,,,,,,,TRUE,4,OfficialURL page
Mark Gangola,Town Council Member,city,Big Water,,TRUE,INCUMBENT — not on 2026 ballot,,,,https://bigwaterut.gov/town-council/,it@bigwaterut.gov,(435) 675-3760,,,,,,,TRUE,5,OfficialURL page
Glendale Mayor & Council,Mayor & Council,city,Glendale,,TRUE,INCUMBENT — not on 2026 ballot,,,,https://www.utah.gov/pmn/,,,,,,,,,TRUE,1,https://www.utah.gov/pmn/ ; roster not found
Alton Mayor & Council,Mayor & Council,city,Alton,,TRUE,INCUMBENT — not on 2026 ballot,,,,https://www.utah.gov/pmn/,,,,,,,,,TRUE,1,https://www.utah.gov/pmn/ ; roster not found
Paragonah Mayor & Council,Mayor & Council,city,Paragonah,,TRUE,INCUMBENT — not on 2026 ballot,,,,https://www.utah.gov/pmn/,,,,,,,,,TRUE,1,https://www.utah.gov/pmn/ ; roster not found
Kanarraville Mayor & Council,Mayor & Council,city,Kanarraville,,TRUE,INCUMBENT — not on 2026 ballot,,,,https://www.utah.gov/pmn/,,,,,,,,,TRUE,1,https://www.utah.gov/pmn/ ; roster not found
Clayton Calloway,Mayor,city,Brian Head,,TRUE,INCUMBENT — not on 2026 ballot,,,,https://brianheadtown.utah.gov/mayor-and-council,ccalloway@bhtown.utah.gov,,,,,,,,TRUE,1,OfficialURL page
Larry Freeberg,Town Council Member,city,Brian Head,,TRUE,INCUMBENT — not on 2026 ballot,,,,https://brianheadtown.utah.gov/mayor-and-council,lfreeberg@bhtown.utah.gov,,,,,,,,TRUE,2,OfficialURL page
Duane Nyen,Town Council Member,city,Brian Head,,TRUE,INCUMBENT — not on 2026 ballot,,,,https://brianheadtown.utah.gov/mayor-and-council,duanenyen@bhtown.utah.gov,,,,,,,,TRUE,3,OfficialURL page
Logan Cruz,Town Council Member,city,Brian Head,,TRUE,INCUMBENT — not on 2026 ballot,,,,https://brianheadtown.utah.gov/mayor-and-council,logancruz@bhtown.utah.gov,,,,,,,,TRUE,4,OfficialURL page
Martin Tidwell,Town Council Member,city,Brian Head,,TRUE,INCUMBENT — not on 2026 ballot,,,,https://brianheadtown.utah.gov/mayor-and-council,martintidwell@bhtown.utah.gov,,,,,,,,TRUE,5,OfficialURL page
Cristy Simons,Mayor,city,Salem,,TRUE,INCUMBENT — not on 2026 ballot,,,,https://www.salemutah.gov,,,,,,,,,TRUE,1,https://www.utah.gov/pmn/sitemap/notice/1108061.html (Sept 16 2026 council agenda listing Mayor and 5 council reports). Full roster.
Tim De Graw,City Council Member,city,Salem,,TRUE,INCUMBENT — not on 2026 ballot,,,,https://www.salemutah.gov,,,,,,,,,TRUE,2,https://www.utah.gov/pmn/sitemap/notice/1108061.html
Cynthia Deveraux Rees,City Council Member,city,Salem,,TRUE,INCUMBENT — not on 2026 ballot,,,,https://www.salemutah.gov,,,,,,,,,TRUE,3,https://www.utah.gov/pmn/sitemap/notice/1108061.html
Paul Taylor,City Council Member,city,Salem,,TRUE,INCUMBENT — not on 2026 ballot,,,,https://www.salemutah.gov,,,,,,,,,TRUE,4,https://www.utah.gov/pmn/sitemap/notice/1108061.html
Craig Sacco,City Council Member,city,Salem,,TRUE,INCUMBENT — not on 2026 ballot,,,,https://www.salemutah.gov,,,,,,,,,TRUE,5,https://www.utah.gov/pmn/sitemap/notice/1108061.html
Delys Snyder,City Council Member,city,Salem,,TRUE,INCUMBENT — not on 2026 ballot,,,,https://www.salemutah.gov,,,,,,,,,TRUE,6,https://www.utah.gov/pmn/sitemap/notice/1108061.html
Denise Andersen,Mayor,city,Cedar Hills,,TRUE,INCUMBENT — not on 2026 ballot,,,,https://www.cedarhills.org,,,,,,,,,TRUE,1,https://www.utah.gov/pmn/files/1386533.pdf (2026 council minutes roll call); also notice 1105013 (Sept 1 2026 agenda). Full roster.
Laura Ellison,City Council Member,city,Cedar Hills,,TRUE,INCUMBENT — not on 2026 ballot,,,,https://www.cedarhills.org,,,,,,,,,TRUE,2,https://www.utah.gov/pmn/files/1386533.pdf
Mike Geddes,City Council Member,city,Cedar Hills,,TRUE,INCUMBENT — not on 2026 ballot,,,,https://www.cedarhills.org,,,,,,,,,TRUE,3,https://www.utah.gov/pmn/files/1386533.pdf
Bob Morgan,City Council Member,city,Cedar Hills,,TRUE,INCUMBENT — not on 2026 ballot,,,,https://www.cedarhills.org,,,,,,,,,TRUE,4,https://www.utah.gov/pmn/files/1386533.pdf
Erika Price,City Council Member,city,Cedar Hills,,TRUE,INCUMBENT — not on 2026 ballot,,,,https://www.cedarhills.org,,,,,,,,,TRUE,5,https://www.utah.gov/pmn/files/1386533.pdf
Kelly Smith,City Council Member,city,Cedar Hills,,TRUE,INCUMBENT — not on 2026 ballot,,,,https://www.cedarhills.org,,,,,,,,,TRUE,6,https://www.utah.gov/pmn/files/1386533.pdf
Benjamin Hillyard,Mayor,city,Woodland Hills,,TRUE,INCUMBENT — not on 2026 ballot,,,,https://woodlandhills-ut.gov,,,,,,,,,TRUE,1,https://www.utah.gov/pmn/sitemap/notice/1099611.html (Aug 11 2026 agenda; mayor + 5 council reports). Full roster.
Brian Hutchings,City Council Member,city,Woodland Hills,,TRUE,INCUMBENT — not on 2026 ballot,,,,https://woodlandhills-ut.gov,,,,,,,,,TRUE,2,https://www.utah.gov/pmn/sitemap/notice/1099611.html
Steve Johns,City Council Member,city,Woodland Hills,,TRUE,INCUMBENT — not on 2026 ballot,,,,https://woodlandhills-ut.gov,,,,,,,,,TRUE,3,https://www.utah.gov/pmn/sitemap/notice/1099611.html
Janet Lunt,City Council Member,city,Woodland Hills,,TRUE,INCUMBENT — not on 2026 ballot,,,,https://woodlandhills-ut.gov,,,,,,,,,TRUE,4,https://www.utah.gov/pmn/sitemap/notice/1099611.html
Kari Malkovich,City Council Member,city,Woodland Hills,,TRUE,INCUMBENT — not on 2026 ballot,,,,https://woodlandhills-ut.gov,,,,,,,,,TRUE,5,https://www.utah.gov/pmn/sitemap/notice/1099611.html
Dan Roden,City Council Member,city,Woodland Hills,,TRUE,INCUMBENT — not on 2026 ballot,,,,https://woodlandhills-ut.gov,,,,,,,,,TRUE,6,https://www.utah.gov/pmn/sitemap/notice/1099611.html
Steven Staheli,Mayor,city,Goshen,,TRUE,INCUMBENT — not on 2026 ballot,,,,https://www.utah.gov/pmn/files/1472613.doc,,,,,,,,,TRUE,1,"https://www.utah.gov/pmn/files/1472613.doc and files/1376691.doc (2026 minutes; Nov 2025 election certified Staheli mayor, Williams and Pipkin council). Roster from attendance/votes; first name of JC Reynolds not confirmed (may be a nickname); no town website found."
Alisha Williams,Town Council Member,city,Goshen,,TRUE,INCUMBENT — not on 2026 ballot,,,,https://www.utah.gov/pmn/files/1472613.doc,,,,,,,,,TRUE,2,https://www.utah.gov/pmn/files/1472613.doc
Charles Pipkin,Town Council Member,city,Goshen,,TRUE,INCUMBENT — not on 2026 ballot,,,,https://www.utah.gov/pmn/files/1472613.doc,,,,,,,,,TRUE,3,https://www.utah.gov/pmn/files/1472613.doc
Jonathan Maclee,Town Council Member,city,Goshen,,TRUE,INCUMBENT — not on 2026 ballot,,,,https://www.utah.gov/pmn/files/1472613.doc,,,,,,,,,TRUE,4,https://www.utah.gov/pmn/files/1472613.doc
JC Reynolds,Town Council Member,city,Goshen,,TRUE,INCUMBENT — not on 2026 ballot,,,,https://www.utah.gov/pmn/files/1472613.doc,,,,,,,,,TRUE,5,https://www.utah.gov/pmn/files/1472613.doc; first name unconfirmed
Randy Thomas,Town Council Member,city,Goshen,,TRUE,INCUMBENT — not on 2026 ballot,,,,https://www.utah.gov/pmn/files/1472613.doc,,,,,,,,,TRUE,6,https://www.utah.gov/pmn/files/1472613.doc; from attendance list
Wyatt Cook,Mayor,city,Cedar Fort,,TRUE,INCUMBENT — not on 2026 ballot,,,,https://www.utah.gov/pmn/sitemap/notice/1108747.html,,,,,,,,,TRUE,1,"PMN 2026 Town Council minutes (Jan 20, Mar 16, May 19 2026 list Cook, Carter, Boud, Berry, Giles; found via search, e.g. notice 1108747 / files 1482719.docx). Only 4 council members seen; a 5th seat may be vacant or unlisted; no town website found."
Alex Carter,Town Council Member,city,Cedar Fort,,TRUE,INCUMBENT — not on 2026 ballot,,,,https://www.utah.gov/pmn/sitemap/notice/1108747.html,,,,,,,,,TRUE,2,https://www.utah.gov/pmn/sitemap/notice/1108747.html
Eric Boud,Town Council Member,city,Cedar Fort,,TRUE,INCUMBENT — not on 2026 ballot,,,,https://www.utah.gov/pmn/sitemap/notice/1108747.html,,,,,,,,,TRUE,3,https://www.utah.gov/pmn/sitemap/notice/1108747.html
Jed Berry,Town Council Member,city,Cedar Fort,,TRUE,INCUMBENT — not on 2026 ballot,,,,https://www.utah.gov/pmn/sitemap/notice/1108747.html,,,,,,,,,TRUE,4,https://www.utah.gov/pmn/sitemap/notice/1108747.html
Travis Giles,Town Council Member,city,Cedar Fort,,TRUE,INCUMBENT — not on 2026 ballot,,,,https://www.utah.gov/pmn/sitemap/notice/1108747.html,,,,,,,,,TRUE,5,https://www.utah.gov/pmn/sitemap/notice/1108747.html
Hollie McKinney,Mayor,city,Fairfield,,TRUE,INCUMBENT — not on 2026 ballot,,,,https://fairfieldtown.org,,,,,,,,,TRUE,1,"https://www.utah.gov/pmn/files/1379595.pdf (Jan 21 2026 agenda: Richard Cameron sworn in for 4 yrs); Nov 19 2025 minutes roster McKinney, Panek, Thomas, Cameron, Weber. 2026 roll call itself not seen - roster from Nov 2025 + Jan 2026 oath; moderate confidence."
RL Panek,Town Council Member,city,Fairfield,,TRUE,INCUMBENT — not on 2026 ballot,,,,https://fairfieldtown.org,,,,,,,,,TRUE,2,https://www.utah.gov/pmn/files/1379595.pdf
Tyler Thomas,Town Council Member,city,Fairfield,,TRUE,INCUMBENT — not on 2026 ballot,,,,https://fairfieldtown.org,,,,,,,,,TRUE,3,https://www.utah.gov/pmn/files/1379595.pdf
Richard Cameron,Town Council Member,city,Fairfield,,TRUE,INCUMBENT — not on 2026 ballot,,,,https://fairfieldtown.org,,,,,,,,,TRUE,4,https://www.utah.gov/pmn/files/1379595.pdf
Michael Weber,Town Council Member,city,Fairfield,,TRUE,INCUMBENT — not on 2026 ballot,,,,https://fairfieldtown.org,,,,,,,,,TRUE,5,https://www.utah.gov/pmn/files/1379595.pdf
Wade Menlove,Mayor,city,Spring Lake,,TRUE,INCUMBENT — not on 2026 ballot,,,,https://www.utah.gov/pmn/files/1482529.pdf,,,,,,,,,TRUE,1,"https://www.utah.gov/pmn/files/1482529.pdf (June 17 2026 minutes), files/1372127.docx (Dec 10 2025 swearing-in), files/1372207.docx. Spring Lake is a newly incorporated town (voters approved 2024; first officials sworn Dec 10 2025) so it does have its own government. First names Sharon Bascom, David Charles, Donna Judd from minutes; Robert C. Marsh from Utah County 2025 election results (2-yr seat)."
Sharon Bascom,Town Council Member,city,Spring Lake,,TRUE,INCUMBENT — not on 2026 ballot,,,,https://www.utah.gov/pmn/files/1482529.pdf,,,,,,,,,TRUE,2,https://www.utah.gov/pmn/files/1482529.pdf
David Charles,Town Council Member,city,Spring Lake,,TRUE,INCUMBENT — not on 2026 ballot,,,,https://www.utah.gov/pmn/files/1482529.pdf,,,,,,,,,TRUE,3,https://www.utah.gov/pmn/files/1482529.pdf
Donna Judd,Town Council Member,city,Spring Lake,,TRUE,INCUMBENT — not on 2026 ballot,,,,https://www.utah.gov/pmn/files/1482529.pdf,,,,,,,,,TRUE,4,https://www.utah.gov/pmn/files/1482529.pdf
Robert C. Marsh,Town Council Member,city,Spring Lake,,TRUE,INCUMBENT — not on 2026 ballot,,,,https://www.utah.gov/pmn/files/1482529.pdf,,,,,,,,,TRUE,5,https://www.utah.gov/pmn/files/1482529.pdf
Ryan Westergard,Mayor,city,Woods Cross,,TRUE,INCUMBENT — not on 2026 ballot,,,,https://www.woodscross.gov,,,,,,,,,TRUE,1,"https://www.utah.gov/pmn/files/1442597.pdf and woodscross.gov agenda/minutes 2026 (Aug 18 2026 roll call: Westergard, Jones, Checketts, Peterson, Grover, Larrabee). Full roster (site itself 403s bots)."
Julie Checketts,City Council Member,city,Woods Cross,,TRUE,INCUMBENT — not on 2026 ballot,,,,https://www.woodscross.gov,,,,,,,,,TRUE,2,https://www.utah.gov/pmn/files/1442597.pdf
Wally Larrabee,City Council Member,city,Woods Cross,,TRUE,INCUMBENT — not on 2026 ballot,,,,https://www.woodscross.gov,,,,,,,,,TRUE,3,https://www.utah.gov/pmn/files/1442597.pdf
Eric Jones,City Council Member,city,Woods Cross,,TRUE,INCUMBENT — not on 2026 ballot,,,,https://www.woodscross.gov,,,,,,,,,TRUE,4,https://www.utah.gov/pmn/files/1442597.pdf
Rachel Peterson,City Council Member,city,Woods Cross,,TRUE,INCUMBENT — not on 2026 ballot,,,,https://www.woodscross.gov,,,,,,,,,TRUE,5,https://www.utah.gov/pmn/files/1442597.pdf
Jim Grover,City Council Member,city,Woods Cross,,TRUE,INCUMBENT — not on 2026 ballot,,,,https://www.woodscross.gov,,,,,,,,,TRUE,6,https://www.utah.gov/pmn/files/1442597.pdf
Scott Wiggill,Mayor,city,Sunset,,TRUE,INCUMBENT — not on 2026 ballot,,,,https://sunsetut.gov,swiggill@sunsetut.gov,(801) 814-7705,,,,,,,TRUE,1,https://sunsetut.gov/mayor-and-city-council/ (live official page; note real domain is sunsetut.gov). Full roster; emails/phones as published.
Nakisha Rigley,City Council Member,city,Sunset,,TRUE,INCUMBENT — not on 2026 ballot,,,,https://sunsetut.gov,nrigley@sunsetut.gov,(801) 649-7822,,,,,,,TRUE,2,https://sunsetut.gov/mayor-and-city-council/
Nancy Smalling,City Council Member,city,Sunset,,TRUE,INCUMBENT — not on 2026 ballot,,,,https://sunsetut.gov,nsmalling@sunsetut.gov,(801) 390-5072,,,,,,,TRUE,3,https://sunsetut.gov/mayor-and-city-council/
Ricky Carlson,City Council Member,city,Sunset,,TRUE,INCUMBENT — not on 2026 ballot,,,,https://sunsetut.gov,rcarlson@sunsetut.gov,(801) 510-9498,,,,,,,TRUE,4,https://sunsetut.gov/mayor-and-city-council/
Hope Thompson,City Council Member,city,Sunset,,TRUE,INCUMBENT — not on 2026 ballot,,,,https://sunsetut.gov,hthompson@sunsetut.gov,801-499-3994,,,,,,,TRUE,5,https://sunsetut.gov/mayor-and-city-council/
Katherine Hunter,City Council Member,city,Sunset,,TRUE,INCUMBENT — not on 2026 ballot,,,,https://sunsetut.gov,khunter@sunsetut.gov,425-595-0651,,,,,,,TRUE,6,https://sunsetut.gov/mayor-and-city-council/
Steve Gale,Mayor,city,Morgan,,TRUE,INCUMBENT — not on 2026 ballot,,,,https://www.morganutah.gov,,,,,,,,,TRUE,1,"Morgan 2025 election page (canceled election: Stephen V Gale mayor, Jeffery Max Richins and Laurann Turner McGuire council elected unopposed) + PMN Morgan City Council notices 2026 (notice 1103923, 1090859) naming Mayor Steve Gale; holdover council David Alexander, Tony London, Jeff Wardell from search of 2026 notices (not independently confirmed with a roll call)."
Jeffery Richins,City Council Member,city,Morgan,,TRUE,INCUMBENT — not on 2026 ballot,,,,https://www.morganutah.gov,,,,,,,,,TRUE,2,https://www.morganutah.gov
Laurann McGuire,City Council Member,city,Morgan,,TRUE,INCUMBENT — not on 2026 ballot,,,,https://www.morganutah.gov,,,,,,,,,TRUE,3,https://www.morganutah.gov
David Alexander,City Council Member,city,Morgan,,TRUE,INCUMBENT — not on 2026 ballot,,,,https://www.morganutah.gov,,,,,,,,,TRUE,4,https://www.morganutah.gov
Tony London,City Council Member,city,Morgan,,TRUE,INCUMBENT — not on 2026 ballot,,,,https://www.morganutah.gov,,,,,,,,,TRUE,5,https://www.morganutah.gov
Jeff Wardell,City Council Member,city,Morgan,,TRUE,INCUMBENT — not on 2026 ballot,,,,https://www.morganutah.gov,,,,,,,,,TRUE,6,https://www.morganutah.gov
John Simeon Bell,Mayor,city,Randolph,,TRUE,INCUMBENT — not on 2026 ballot,,,,https://www.townofrandolphut.gov,randolph@allwest.net,435-793-3185,,,,,,,TRUE,1,"https://www.townofrandolphut.gov (2026 Conflict of Interest Disclosures list: Mayor John Simeon Bell, Brandon Hatch, Clay Barker, Brandon Miller, Kathy Argyle). The four non-mayor officials are inferred to be council (page does not label them); no 2026 roll call seen - moderate confidence. Town contact randolph@allwest.net / 435-793-3185 per PMN notices."
Brandon Hatch,Town Council Member,city,Randolph,,TRUE,INCUMBENT — not on 2026 ballot,,,,https://www.townofrandolphut.gov,,,,,,,,,TRUE,2,https://www.townofrandolphut.gov
Clay Barker,Town Council Member,city,Randolph,,TRUE,INCUMBENT — not on 2026 ballot,,,,https://www.townofrandolphut.gov,,,,,,,,,TRUE,3,https://www.townofrandolphut.gov
Brandon Miller,Town Council Member,city,Randolph,,TRUE,INCUMBENT — not on 2026 ballot,,,,https://www.townofrandolphut.gov,,,,,,,,,TRUE,4,https://www.townofrandolphut.gov
Kathy Argyle,Town Council Member,city,Randolph,,TRUE,INCUMBENT — not on 2026 ballot,,,,https://www.townofrandolphut.gov,,,,,,,,,TRUE,5,https://www.townofrandolphut.gov
Monika Schulthess,Mayor,city,Woodruff,,TRUE,INCUMBENT — not on 2026 ballot,,,,https://www.utah.gov/pmn/sitemap/notice/1090281.html,mayor@woodruff.utah.gov,(435) 881-9098,,,,,,,TRUE,1,https://www.utah.gov/pmn/sitemap/notice/1090281.html (May 19 2026 board meeting 'Those present' list) and 1101075 (June 16 2026). Town calls council 'Board Members'. Full roster.
Tyler Walker,Town Council Member,city,Woodruff,,TRUE,INCUMBENT — not on 2026 ballot,,,,https://www.utah.gov/pmn/sitemap/notice/1090281.html,,(801) 589-4588,,,,,,,TRUE,2,https://www.utah.gov/pmn/sitemap/notice/1090281.html
Joel Marler,Town Council Member,city,Woodruff,,TRUE,INCUMBENT — not on 2026 ballot,,,,https://www.utah.gov/pmn/sitemap/notice/1090281.html,,(801) 567-1195,,,,,,,TRUE,3,https://www.utah.gov/pmn/sitemap/notice/1090281.html
Raymond Frandsen,Town Council Member,city,Woodruff,,TRUE,INCUMBENT — not on 2026 ballot,,,,https://www.utah.gov/pmn/sitemap/notice/1090281.html,,(801) 448-1545,,,,,,,TRUE,4,https://www.utah.gov/pmn/sitemap/notice/1090281.html
Briton Brown,Town Council Member,city,Woodruff,,TRUE,INCUMBENT — not on 2026 ballot,,,,https://www.utah.gov/pmn/sitemap/notice/1090281.html,,(801) 243-2238,,,,,,,TRUE,5,https://www.utah.gov/pmn/sitemap/notice/1090281.html
Erick Simmonds,Mayor,city,Trenton,,TRUE,INCUMBENT — not on 2026 ballot,,,,https://trenton-ut.gov,,,,,,,,,TRUE,1,https://www.utah.gov/pmn/files/1493757.pdf (Aug 11 2026 minutes roll call) and files/1462425.pdf (June 16 2026). Full roster.
Kyle Kingston,Town Council Member,city,Trenton,,TRUE,INCUMBENT — not on 2026 ballot,,,,https://trenton-ut.gov,,,,,,,,,TRUE,2,https://www.utah.gov/pmn/files/1493757.pdf
Stacey Wangsgard,Town Council Member,city,Trenton,,TRUE,INCUMBENT — not on 2026 ballot,,,,https://trenton-ut.gov,,,,,,,,,TRUE,3,https://www.utah.gov/pmn/files/1493757.pdf
John Nelson,Town Council Member,city,Trenton,,TRUE,INCUMBENT — not on 2026 ballot,,,,https://trenton-ut.gov,,,,,,,,,TRUE,4,https://www.utah.gov/pmn/files/1493757.pdf
Donny Merrill,Town Council Member,city,Trenton,,TRUE,INCUMBENT — not on 2026 ballot,,,,https://trenton-ut.gov,,,,,,,,,TRUE,5,https://www.utah.gov/pmn/files/1493757.pdf
Kelly Wilson,Mayor,city,La Verkin,,TRUE,INCUMBENT — not on 2026 ballot,,,,https://www.laverkin.gov,,,,,,,,,TRUE,1,"https://www.utah.gov/pmn/sitemap/notice/1091689.html (July 1 2026 agenda lists Mayor Wilson and council surnames Gubler, Prince, Pectol, Barr, Valenti); Nov 2025 canvass: Kelly B Wilson mayor, Amanda Barr and John Vincent Valenti elected. First names Micah Gubler, Darren Prince, Scot Pectol come from a search summary of PMN/city pages, not directly verified. Site is Cloudflare-blocked."
Micah Gubler,City Council Member,city,La Verkin,,TRUE,INCUMBENT — not on 2026 ballot,,,,https://www.laverkin.gov,,,,,,,,,TRUE,2,https://www.utah.gov/pmn/sitemap/notice/1091689.html; first name from search summary
Darren Prince,City Council Member,city,La Verkin,,TRUE,INCUMBENT — not on 2026 ballot,,,,https://www.laverkin.gov,,,,,,,,,TRUE,3,https://www.utah.gov/pmn/sitemap/notice/1091689.html; first name from search summary
Scot Pectol,City Council Member,city,La Verkin,,TRUE,INCUMBENT — not on 2026 ballot,,,,https://www.laverkin.gov,,,,,,,,,TRUE,4,https://www.utah.gov/pmn/sitemap/notice/1091689.html; first name from search summary
Amanda Barr,City Council Member,city,La Verkin,,TRUE,INCUMBENT — not on 2026 ballot,,,,https://www.laverkin.gov,,,,,,,,,TRUE,5,https://www.utah.gov/pmn/sitemap/notice/1091689.html
John Valenti,City Council Member,city,La Verkin,,TRUE,INCUMBENT — not on 2026 ballot,,,,https://www.laverkin.gov,,,,,,,,,TRUE,6,https://www.utah.gov/pmn/sitemap/notice/1091689.html
Brandon Humphries,Mayor,city,Enterprise,,TRUE,INCUMBENT — not on 2026 ballot,,,,https://www.enterpriseutah.gov,,,,,,,,,TRUE,1,"https://www.utah.gov/pmn/sitemap/notice/1074783.html, 1065211, 1080165 (Mar-May 2026 agendas naming Mayor Humphries and council). Full roster."
Justin Seegmiller,City Council Member,city,Enterprise,,TRUE,INCUMBENT — not on 2026 ballot,,,,https://www.enterpriseutah.gov,,,,,,,,,TRUE,2,https://www.utah.gov/pmn/sitemap/notice/1074783.html
Roy Adams,City Council Member,city,Enterprise,,TRUE,INCUMBENT — not on 2026 ballot,,,,https://www.enterpriseutah.gov,,,,,,,,,TRUE,3,https://www.utah.gov/pmn/sitemap/notice/1074783.html
Delbert Staheli,City Council Member,city,Enterprise,,TRUE,INCUMBENT — not on 2026 ballot,,,,https://www.enterpriseutah.gov,,,,,,,,,TRUE,4,https://www.utah.gov/pmn/sitemap/notice/1074783.html
Kanton Vause,City Council Member,city,Enterprise,,TRUE,INCUMBENT — not on 2026 ballot,,,,https://www.enterpriseutah.gov,,,,,,,,,TRUE,5,https://www.utah.gov/pmn/sitemap/notice/1074783.html
Bill Fowler,City Council Member,city,Enterprise,,TRUE,INCUMBENT — not on 2026 ballot,,,,https://www.enterpriseutah.gov,,,,,,,,,TRUE,6,https://www.utah.gov/pmn/sitemap/notice/1074783.html
Dan Catlin,Mayor,city,Toquerville,,TRUE,INCUMBENT — not on 2026 ballot,,,,https://toquerville.org,,,,,,,,,TRUE,1,"https://www.utah.gov/pmn/files/1476055.pdf, 1441755.pdf, notice 1092341/1069481 (2026 agendas: Mayor Dan Catlin; Councilmen Campbell, Sands, Preslar). First names and Chamberlain/Olsen from a search summary of PMN pages; moderate confidence."
Valerie Preslar,City Council Member,city,Toquerville,,TRUE,INCUMBENT — not on 2026 ballot,,,,https://toquerville.org,,,,,,,,,TRUE,2,https://www.utah.gov/pmn/files/1476055.pdf; first name via search summary
Jenny Chamberlain,City Council Member,city,Toquerville,,TRUE,INCUMBENT — not on 2026 ballot,,,,https://toquerville.org,,,,,,,,,TRUE,3,https://www.utah.gov/pmn/files/1476055.pdf; via search summary only
Todd Sands,City Council Member,city,Toquerville,,TRUE,INCUMBENT — not on 2026 ballot,,,,https://toquerville.org,,,,,,,,,TRUE,4,https://www.utah.gov/pmn/files/1476055.pdf
Joey Campbell,City Council Member,city,Toquerville,,TRUE,INCUMBENT — not on 2026 ballot,,,,https://toquerville.org,,,,,,,,,TRUE,5,https://www.utah.gov/pmn/files/1476055.pdf
Wayne Olsen,City Council Member,city,Toquerville,,TRUE,INCUMBENT — not on 2026 ballot,,,,https://toquerville.org,,,,,,,,,TRUE,6,https://www.utah.gov/pmn/files/1476055.pdf; via search summary only
Ronald Allred,Mayor,city,Rocky Ridge,,TRUE,INCUMBENT — not on 2026 ballot,,,,https://rockyridgetown.com,clerk@rockyridgeut.gov,(435) 623-1249,,,,,,,TRUE,1,"https://www.utah.gov/pmn/files/1415871.pdf (Jan 21 2026 minutes: Mayor Allred; council Aagard, B. Allred, Covington, Todd). Only 4 council seen. Office (435) 623-1249 / clerk@rockyridgeut.gov per town site."
Andrew Aagard,Town Council Member,city,Rocky Ridge,,TRUE,INCUMBENT — not on 2026 ballot,,,,https://rockyridgetown.com,,,,,,,,,TRUE,2,https://www.utah.gov/pmn/files/1415871.pdf
Byron Allred,Town Council Member,city,Rocky Ridge,,TRUE,INCUMBENT — not on 2026 ballot,,,,https://rockyridgetown.com,,,,,,,,,TRUE,3,https://www.utah.gov/pmn/files/1415871.pdf
Joanna Covington,Town Council Member,city,Rocky Ridge,,TRUE,INCUMBENT — not on 2026 ballot,,,,https://rockyridgetown.com,,,,,,,,,TRUE,4,https://www.utah.gov/pmn/files/1415871.pdf
Chuck Todd,Town Council Member,city,Rocky Ridge,,TRUE,INCUMBENT — not on 2026 ballot,,,,https://rockyridgetown.com,,,,,,,,,TRUE,5,https://www.utah.gov/pmn/files/1415871.pdf
Michael Wanner,Mayor,city,Gunnison,,TRUE,INCUMBENT — not on 2026 ballot,,,,https://www.gunnisoncityut.gov,,,,,,,,,TRUE,1,"https://www.utah.gov/pmn/files/1471642.pdf (Aug 5 2026 packet incl. July 15 minutes roll call: Mayor Michael Wanner, Brian Nielson, Donald Childs, Kim Pickett, Rohn Peterson). Full roster; earlier Lori Nay/2022 results were stale."
Brian Nielson,City Council Member,city,Gunnison,,TRUE,INCUMBENT — not on 2026 ballot,,,,https://www.gunnisoncityut.gov,,,,,,,,,TRUE,2,https://www.utah.gov/pmn/files/1471642.pdf
Donald Childs,City Council Member,city,Gunnison,,TRUE,INCUMBENT — not on 2026 ballot,,,,https://www.gunnisoncityut.gov,,,,,,,,,TRUE,3,https://www.utah.gov/pmn/files/1471642.pdf
Kim Pickett,City Council Member,city,Gunnison,,TRUE,INCUMBENT — not on 2026 ballot,,,,https://www.gunnisoncityut.gov,,,,,,,,,TRUE,4,https://www.utah.gov/pmn/files/1471642.pdf
Rohn Peterson,City Council Member,city,Gunnison,,TRUE,INCUMBENT — not on 2026 ballot,,,,https://www.gunnisoncityut.gov,,,,,,,,,TRUE,5,https://www.utah.gov/pmn/files/1471642.pdf
Brad Welch,Mayor,city,Fairview,,TRUE,INCUMBENT — not on 2026 ballot,,,,https://fairviewcityut.gov,,,,,,,,,TRUE,1,"https://www.utah.gov/pmn/files/1379807.pdf (Jan 5 2026: Welch, Rasmussen, Rosenlund sworn); May 19 2026 minutes list Rasmussen, St. Jacques, Ricks, Rosenlund, MacKay. Casey Anderson (present Jan 5) was outgoing, not sworn. Full roster."
Mike MacKay,City Council Member,city,Fairview,,TRUE,INCUMBENT — not on 2026 ballot,,,,https://fairviewcityut.gov,,,,,,,,,TRUE,2,https://www.utah.gov/pmn/files/1379807.pdf
Shirlene Rasmussen,City Council Member,city,Fairview,,TRUE,INCUMBENT — not on 2026 ballot,,,,https://fairviewcityut.gov,,,,,,,,,TRUE,3,https://www.utah.gov/pmn/files/1379807.pdf
Mike Ricks,City Council Member,city,Fairview,,TRUE,INCUMBENT — not on 2026 ballot,,,,https://fairviewcityut.gov,,,,,,,,,TRUE,4,https://www.utah.gov/pmn/files/1379807.pdf
Robert St. Jacques,City Council Member,city,Fairview,,TRUE,INCUMBENT — not on 2026 ballot,,,,https://fairviewcityut.gov,,,,,,,,,TRUE,5,https://www.utah.gov/pmn/files/1379807.pdf
Kelly Rosenlund,City Council Member,city,Fairview,,TRUE,INCUMBENT — not on 2026 ballot,,,,https://fairviewcityut.gov,,,,,,,,,TRUE,6,https://www.utah.gov/pmn/files/1379807.pdf
James Roberts,Mayor,city,Wales,,TRUE,INCUMBENT — not on 2026 ballot,,,,https://walesutah.gov,,(435) 851-4872,,,,,,,TRUE,1,"https://walesutah.gov/?p=12 (town page lists Mayor Roberts, Larson, Rees, Clawson, Smith) and walesutah.gov 2026.01.13 council minutes (Jan 13 2026: Roberts, Smith, Nicholes, Rees; Helen Clawson appointed to Roberts' former seat). David Larson is on the town page but not in the Jan roll call; Hayden Nicholes is in minutes but not on the page - one may be stale. Roberts appointed mayor Dec 2025."
Brian Smith,Town Council Member,city,Wales,,TRUE,INCUMBENT — not on 2026 ballot,,,,https://walesutah.gov,,(801) 361-8439,,,,,,,TRUE,2,https://walesutah.gov/?p=12
Hayden Nicholes,Town Council Member,city,Wales,,TRUE,INCUMBENT — not on 2026 ballot,,,,https://walesutah.gov,,,,,,,,,TRUE,3,https://walesutah.gov/?p=12; in minutes but not on town page
Brandon Rees,Town Council Member,city,Wales,,TRUE,INCUMBENT — not on 2026 ballot,,,,https://walesutah.gov,,(435) 262-0606,,,,,,,TRUE,4,https://walesutah.gov/?p=12
Helen Clawson,Town Council Member,city,Wales,,TRUE,INCUMBENT — not on 2026 ballot,,,,https://walesutah.gov,,(405) 409-1098,,,,,,,TRUE,5,https://walesutah.gov/?p=12
David Larson,Town Council Member,city,Wales,,TRUE,INCUMBENT — not on 2026 ballot,,,,https://walesutah.gov,,(801) 319-7345,,,,,,,TRUE,6,https://walesutah.gov/?p=12; listed on town page but absent from Jan 2026 roll call
Zeb Wignall,Mayor,city,Sterling,,TRUE,INCUMBENT — not on 2026 ballot,,,,https://www.utah.gov/pmn/sitemap/publicbody/2364.html,,,,,,,,,TRUE,1,"https://www.utah.gov/pmn/files/1463907.pdf (May 19 2026 minutes roll call: Mayor Zeb Wignall, Larsen, Killpack, Wilson, Lyon). Full roster. Town phone 435-835-1799 per search."
Yvonne Larsen,Town Council Member,city,Sterling,,TRUE,INCUMBENT — not on 2026 ballot,,,,https://www.utah.gov/pmn/sitemap/publicbody/2364.html,,,,,,,,,TRUE,2,https://www.utah.gov/pmn/files/1463907.pdf
Kim Killpack,Town Council Member,city,Sterling,,TRUE,INCUMBENT — not on 2026 ballot,,,,https://www.utah.gov/pmn/sitemap/publicbody/2364.html,,,,,,,,,TRUE,3,https://www.utah.gov/pmn/files/1463907.pdf
Brad Wilson,Town Council Member,city,Sterling,,TRUE,INCUMBENT — not on 2026 ballot,,,,https://www.utah.gov/pmn/sitemap/publicbody/2364.html,,,,,,,,,TRUE,4,https://www.utah.gov/pmn/files/1463907.pdf
Nick Lyon,Town Council Member,city,Sterling,,TRUE,INCUMBENT — not on 2026 ballot,,,,https://www.utah.gov/pmn/sitemap/publicbody/2364.html,,,,,,,,,TRUE,5,https://www.utah.gov/pmn/files/1463907.pdf
Jed Bartholomew,Mayor,city,Fayette,,TRUE,INCUMBENT — not on 2026 ballot,,,,https://fayetteutah.gov,clerk@fayetteutah.gov,435-528-5882,,,,,,,TRUE,1,"https://www.utah.gov/pmn/files/1445101.pdf (June 9 2026 agenda council list). Roster from agenda assignments; roll call not seen. Town office 435-528-5882, clerk@fayetteutah.gov."
Joe Mellor,Town Council Member,city,Fayette,,TRUE,INCUMBENT — not on 2026 ballot,,,,https://fayetteutah.gov,,,,,,,,,TRUE,2,https://www.utah.gov/pmn/files/1445101.pdf
Melissa Mellor,Town Council Member,city,Fayette,,TRUE,INCUMBENT — not on 2026 ballot,,,,https://fayetteutah.gov,,,,,,,,,TRUE,3,https://www.utah.gov/pmn/files/1445101.pdf
Breanne Mashek,Town Council Member,city,Fayette,,TRUE,INCUMBENT — not on 2026 ballot,,,,https://fayetteutah.gov,,,,,,,,,TRUE,4,https://www.utah.gov/pmn/files/1445101.pdf
Danielle Bown,Town Council Member,city,Fayette,,TRUE,INCUMBENT — not on 2026 ballot,,,,https://fayetteutah.gov,,,,,,,,,TRUE,5,https://www.utah.gov/pmn/files/1445101.pdf
Valerie Hopper,Mayor,city,Elsinore,,TRUE,INCUMBENT — not on 2026 ballot,,,,https://www.utah.gov/pmn/sitemap/notice/1101325.html,,,,,,,,,TRUE,1,"https://www.utah.gov/pmn/files/1486393.docx (Aug 13 2026 minutes: Mayor Valerie Hopper; Moore, Jensen, LeFevre, Southwick). Only 4 council seen. No town website found."
Devin Moore,Town Council Member,city,Elsinore,,TRUE,INCUMBENT — not on 2026 ballot,,,,https://www.utah.gov/pmn/sitemap/notice/1101325.html,,,,,,,,,TRUE,2,https://www.utah.gov/pmn/files/1486393.docx
Ken Jensen,Town Council Member,city,Elsinore,,TRUE,INCUMBENT — not on 2026 ballot,,,,https://www.utah.gov/pmn/sitemap/notice/1101325.html,,,,,,,,,TRUE,3,https://www.utah.gov/pmn/files/1486393.docx
Jerred LeFevre,Town Council Member,city,Elsinore,,TRUE,INCUMBENT — not on 2026 ballot,,,,https://www.utah.gov/pmn/sitemap/notice/1101325.html,,,,,,,,,TRUE,4,https://www.utah.gov/pmn/files/1486393.docx
Weston Southwick,Town Council Member,city,Elsinore,,TRUE,INCUMBENT — not on 2026 ballot,,,,https://www.utah.gov/pmn/sitemap/notice/1101325.html,,,,,,,,,TRUE,5,https://www.utah.gov/pmn/files/1486393.docx
Lyman Anderson,Mayor,city,Redmond,,TRUE,INCUMBENT — not on 2026 ballot,,,,https://www.utah.gov/pmn/sitemap/notice/1093687.html,,,,,,,,,TRUE,1,https://www.utah.gov/pmn/files/1474163.docx (July 8 2026 minutes roll call). Full roster.
Nichole Thurston,Town Council Member,city,Redmond,,TRUE,INCUMBENT — not on 2026 ballot,,,,https://www.utah.gov/pmn/sitemap/notice/1093687.html,,,,,,,,,TRUE,2,https://www.utah.gov/pmn/files/1474163.docx
Travis Jensen,Town Council Member,city,Redmond,,TRUE,INCUMBENT — not on 2026 ballot,,,,https://www.utah.gov/pmn/sitemap/notice/1093687.html,,,,,,,,,TRUE,3,https://www.utah.gov/pmn/files/1474163.docx
Levi Noyes,Town Council Member,city,Redmond,,TRUE,INCUMBENT — not on 2026 ballot,,,,https://www.utah.gov/pmn/sitemap/notice/1093687.html,,,,,,,,,TRUE,4,https://www.utah.gov/pmn/files/1474163.docx
Burke Williams,Town Council Member,city,Redmond,,TRUE,INCUMBENT — not on 2026 ballot,,,,https://www.utah.gov/pmn/sitemap/notice/1093687.html,,,,,,,,,TRUE,5,https://www.utah.gov/pmn/files/1474163.docx
Gary Barney,Mayor,city,Central Valley,,TRUE,INCUMBENT — not on 2026 ballot,,,,https://www.utah.gov/pmn/sitemap/notice/1073465.html,,,,,,,,,TRUE,1,"https://www.utah.gov/pmn/sitemap/notice/1073465.html and 1091335 (2026 agendas: Mayor Barney; council reports Nielson, Outzen, Reynolds, Cropper). First names/Gary Barney from search of PMN notices; no roll call seen - moderate confidence."
David Nielson,Town Council Member,city,Central Valley,,TRUE,INCUMBENT — not on 2026 ballot,,,,https://www.utah.gov/pmn/sitemap/notice/1073465.html,,,,,,,,,TRUE,2,https://www.utah.gov/pmn/sitemap/notice/1073465.html
Susan Outzen,Town Council Member,city,Central Valley,,TRUE,INCUMBENT — not on 2026 ballot,,,,https://www.utah.gov/pmn/sitemap/notice/1073465.html,,,,,,,,,TRUE,3,https://www.utah.gov/pmn/sitemap/notice/1073465.html
Joe Reynolds,Town Council Member,city,Central Valley,,TRUE,INCUMBENT — not on 2026 ballot,,,,https://www.utah.gov/pmn/sitemap/notice/1073465.html,,,,,,,,,TRUE,4,https://www.utah.gov/pmn/sitemap/notice/1073465.html
Ron Cropper,Town Council Member,city,Central Valley,,TRUE,INCUMBENT — not on 2026 ballot,,,,https://www.utah.gov/pmn/sitemap/notice/1073465.html,,,,,,,,,TRUE,5,https://www.utah.gov/pmn/sitemap/notice/1073465.html
Phil Singleton,Mayor,city,Glenwood,,TRUE,INCUMBENT — not on 2026 ballot,,,,https://glenwoodtownut.gov,philsing76@gmail.com,(435) 553-7396,,,,,,,TRUE,1,https://glenwoodtownut.gov/town-council/ (official page; emails Cloudflare-decoded). Mayor term 2026-2030. Only 4 council listed. Town office (435) 896-0260.
Cheryl Hendrickson,Town Council Member,city,Glenwood,,TRUE,INCUMBENT — not on 2026 ballot,,,,https://glenwoodtownut.gov,cheryl.hendrickson@hotmail.com,(435) 201-2254,,,,,,,TRUE,2,https://glenwoodtownut.gov/town-council/
Kenra Martinez,Town Council Member,city,Glenwood,,TRUE,INCUMBENT — not on 2026 ballot,,,,https://glenwoodtownut.gov,mrswaldo@hotmail.com,(801) 554-9293,,,,,,,TRUE,3,https://glenwoodtownut.gov/town-council/
Ben Hill,Town Council Member,city,Glenwood,,TRUE,INCUMBENT — not on 2026 ballot,,,,https://glenwoodtownut.gov,wbenhill@gmail.com,(801) 822-2369,,,,,,,TRUE,4,https://glenwoodtownut.gov/town-council/
Chris Johnson,Town Council Member,city,Glenwood,,TRUE,INCUMBENT — not on 2026 ballot,,,,https://glenwoodtownut.gov,acjohnsonfam14@gmail.com,(435) 896-7133,,,,,,,TRUE,5,https://glenwoodtownut.gov/town-council/
Jennifer Bastian,Mayor,city,Sigurd,,TRUE,INCUMBENT — not on 2026 ballot,,,,https://www.utah.gov/pmn/sitemap/notice/1081901.html,,,,,,,,,TRUE,1,"https://www.utah.gov/pmn/files/1382843.docx (Jan 5 2026 minutes roll call: Mayor Bastian, Tanner, Visarraga, Ekker, Hart). Full roster as of Jan 2026."
Kayla Tanner,Town Council Member,city,Sigurd,,TRUE,INCUMBENT — not on 2026 ballot,,,,https://www.utah.gov/pmn/sitemap/notice/1081901.html,,,,,,,,,TRUE,2,https://www.utah.gov/pmn/files/1382843.docx
Michele Visarraga,Town Council Member,city,Sigurd,,TRUE,INCUMBENT — not on 2026 ballot,,,,https://www.utah.gov/pmn/sitemap/notice/1081901.html,,,,,,,,,TRUE,3,https://www.utah.gov/pmn/files/1382843.docx
Audie Ekker,Town Council Member,city,Sigurd,,TRUE,INCUMBENT — not on 2026 ballot,,,,https://www.utah.gov/pmn/sitemap/notice/1081901.html,,,,,,,,,TRUE,4,https://www.utah.gov/pmn/files/1382843.docx
Gary Hart,Town Council Member,city,Sigurd,,TRUE,INCUMBENT — not on 2026 ballot,,,,https://www.utah.gov/pmn/sitemap/notice/1081901.html,,,,,,,,,TRUE,5,https://www.utah.gov/pmn/files/1382843.docx
Jared Campbell,Mayor,city,Joseph,,TRUE,INCUMBENT — not on 2026 ballot,,,,https://www.utah.gov/pmn/sitemap/publicbody/783.html,jotownclerkho@gmail.com,(435) 527-4394,,,,,,,TRUE,1,"https://www.utah.gov/pmn/sitemap/notice/1078929.html (Apr 2 2026 minutes: Mayor Jared Campbell; Nowell, T. Campbell, Gestring, Kearney, N. Campbell). Nikole Campbell's seat inferred from attendance (clerk Haley Obray listed separately). Clerk contact jotownclerkho@gmail.com / (435) 527-4394."
Doug Nowell,Town Council Member,city,Joseph,,TRUE,INCUMBENT — not on 2026 ballot,,,,https://www.utah.gov/pmn/sitemap/publicbody/783.html,,,,,,,,,TRUE,2,https://www.utah.gov/pmn/sitemap/notice/1078929.html
Troy Campbell,Town Council Member,city,Joseph,,TRUE,INCUMBENT — not on 2026 ballot,,,,https://www.utah.gov/pmn/sitemap/publicbody/783.html,,,,,,,,,TRUE,3,https://www.utah.gov/pmn/sitemap/notice/1078929.html
Gene Gestring,Town Council Member,city,Joseph,,TRUE,INCUMBENT — not on 2026 ballot,,,,https://www.utah.gov/pmn/sitemap/publicbody/783.html,,,,,,,,,TRUE,4,https://www.utah.gov/pmn/sitemap/notice/1078929.html
Zac Kearney,Town Council Member,city,Joseph,,TRUE,INCUMBENT — not on 2026 ballot,,,,https://www.utah.gov/pmn/sitemap/publicbody/783.html,,,,,,,,,TRUE,5,https://www.utah.gov/pmn/sitemap/notice/1078929.html
Nikole Campbell,Town Council Member,city,Joseph,,TRUE,INCUMBENT — not on 2026 ballot,,,,https://www.utah.gov/pmn/sitemap/publicbody/783.html,,,,,,,,,TRUE,6,https://www.utah.gov/pmn/sitemap/notice/1078929.html; seat inferred from attendance
Megan Bagley,Mayor,city,Koosharem,,TRUE,INCUMBENT — not on 2026 ballot,,,,https://www.utah.gov/pmn/sitemap/publicbody/190.html,,,,,,,,,TRUE,1,"https://www.utah.gov/pmn/files/1472781.docx (2026 minutes roll call: Mayor Megan Bagley; Luscher, Woolsey, Perry; Hatch absent). Woolsey appears as Brian in roll call and Ryan in body text - first name uncertain."
Sandy Luscher,Town Council Member,city,Koosharem,,TRUE,INCUMBENT — not on 2026 ballot,,,,https://www.utah.gov/pmn/sitemap/publicbody/190.html,,,,,,,,,TRUE,2,https://www.utah.gov/pmn/files/1472781.docx
Brian Woolsey,Town Council Member,city,Koosharem,,TRUE,INCUMBENT — not on 2026 ballot,,,,https://www.utah.gov/pmn/sitemap/publicbody/190.html,,,,,,,,,TRUE,3,https://www.utah.gov/pmn/files/1472781.docx; first name Brian vs Ryan inconsistent
Tina Perry,Town Council Member,city,Koosharem,,TRUE,INCUMBENT — not on 2026 ballot,,,,https://www.utah.gov/pmn/sitemap/publicbody/190.html,,,,,,,,,TRUE,4,https://www.utah.gov/pmn/files/1472781.docx
Jeff Hatch,Town Council Member,city,Koosharem,,TRUE,INCUMBENT — not on 2026 ballot,,,,https://www.utah.gov/pmn/sitemap/publicbody/190.html,,,,,,,,,TRUE,5,https://www.utah.gov/pmn/files/1472781.docx
Lyman Mayor & Council,Mayor & Council,city,Lyman,,TRUE,INCUMBENT — not on 2026 ballot,,,,https://www.utah.gov/pmn/sitemap/publicbody/5995.html,lymantown@scinternet.net,(435) 425-1107,,,,,,,TRUE,1,"Lyman (Wayne County, UT): no 2026 roster found; searches return Lyman SC/WY only. Contact per PMN public body page 5995 (Dortha Chappell, 101 South Center). Roster not confirmed."
Mickey Wright,Mayor,city,Torrey,,TRUE,INCUMBENT — not on 2026 ballot,,,,https://torreyutah.gov,contact@torreyutah.gov,(435) 425-3600,,,,,,,TRUE,1,https://torreyutah.gov/government/town-council-staff (official page). Dog 'Mollie' (honorary marshal) listed on page - excluded. Town hall (435) 425-3600.
Renée Reel,Town Council Member,city,Torrey,,TRUE,INCUMBENT — not on 2026 ballot,,,,https://torreyutah.gov,,,,,,,,,TRUE,2,https://torreyutah.gov/government/town-council-staff
Jordan Pace,Town Council Member,city,Torrey,,TRUE,INCUMBENT — not on 2026 ballot,,,,https://torreyutah.gov,,,,,,,,,TRUE,3,https://torreyutah.gov/government/town-council-staff
Pat Kearney,Town Council Member,city,Torrey,,TRUE,INCUMBENT — not on 2026 ballot,,,,https://torreyutah.gov,,,,,,,,,TRUE,4,https://torreyutah.gov/government/town-council-staff
Richard Braaten,Town Council Member,city,Torrey,,TRUE,INCUMBENT — not on 2026 ballot,,,,https://torreyutah.gov,,,,,,,,,TRUE,5,https://torreyutah.gov/government/town-council-staff
Caleb Evans,Mayor,city,Minersville,,TRUE,INCUMBENT — not on 2026 ballot,,,,https://minersvilleut.gov,,,,,,,,,TRUE,1,"https://minersvilleut.gov/mayor-and-council (official page: Caleb Evans mayor; Marshall, Wiseman, Thompson, Eyre). Full roster."
Sidney Marshall,Town Council Member,city,Minersville,,TRUE,INCUMBENT — not on 2026 ballot,,,,https://minersvilleut.gov,,,,,,,,,TRUE,2,https://minersvilleut.gov/mayor-and-council
Brandon Wiseman,Town Council Member,city,Minersville,,TRUE,INCUMBENT — not on 2026 ballot,,,,https://minersvilleut.gov,,,,,,,,,TRUE,3,https://minersvilleut.gov/mayor-and-council
Chelsea Thompson,Town Council Member,city,Minersville,,TRUE,INCUMBENT — not on 2026 ballot,,,,https://minersvilleut.gov,,,,,,,,,TRUE,4,https://minersvilleut.gov/mayor-and-council
Bradley Eyre,Town Council Member,city,Minersville,,TRUE,INCUMBENT — not on 2026 ballot,,,,https://minersvilleut.gov,,,,,,,,,TRUE,5,https://minersvilleut.gov/mayor-and-council
Kerry Barney,Mayor,city,Hatch,,TRUE,INCUMBENT — not on 2026 ballot,,,,https://hatchutah.gov,mayor@hatchutah.gov,,,,,,,,TRUE,1,"https://www.utah.gov/pmn/files/1477441.docx (July 15 2026 minutes: Kerry Barney selected to continue as appointed mayor; Goble, Riggs, Sawyer) and notice 1094123 (Grace Howard resigned effective July 8; vacancy, Aug 19 interviews). Council incomplete - vacancy filled status unknown. Mayor mayor@hatchutah.gov per PMN."
Gary Goble,Town Council Member,city,Hatch,,TRUE,INCUMBENT — not on 2026 ballot,,,,https://hatchutah.gov,,,,,,,,,TRUE,2,https://www.utah.gov/pmn/files/1477441.docx
Russ Riggs,Town Council Member,city,Hatch,,TRUE,INCUMBENT — not on 2026 ballot,,,,https://hatchutah.gov,,,,,,,,,TRUE,3,https://www.utah.gov/pmn/files/1477441.docx
Kurt Sawyer,Town Council Member,city,Hatch,,TRUE,INCUMBENT — not on 2026 ballot,,,,https://hatchutah.gov,,,,,,,,,TRUE,4,https://www.utah.gov/pmn/files/1477441.docx
Jack Clark,Mayor,city,Wellington,,TRUE,INCUMBENT — not on 2026 ballot,,,,https://www.wellingtonutah.us,,,,,,,,,TRUE,1,"https://www.utah.gov/pmn/sitemap/notice/1083933.html (Apr 8 2026 minutes roll call: Mayor Jack Clark; Juber, Thayn, Hascall, Austin; Monson excused). Full roster."
Bill Juber,City Council Member,city,Wellington,,TRUE,INCUMBENT — not on 2026 ballot,,,,https://www.wellingtonutah.us,,,,,,,,,TRUE,2,https://www.utah.gov/pmn/sitemap/notice/1083933.html
Bryan Thayn,City Council Member,city,Wellington,,TRUE,INCUMBENT — not on 2026 ballot,,,,https://www.wellingtonutah.us,,,,,,,,,TRUE,3,https://www.utah.gov/pmn/sitemap/notice/1083933.html
Kathy Hascall,City Council Member,city,Wellington,,TRUE,INCUMBENT — not on 2026 ballot,,,,https://www.wellingtonutah.us,,,,,,,,,TRUE,4,https://www.utah.gov/pmn/sitemap/notice/1083933.html
Cody Austin,City Council Member,city,Wellington,,TRUE,INCUMBENT — not on 2026 ballot,,,,https://www.wellingtonutah.us,,,,,,,,,TRUE,5,https://www.utah.gov/pmn/sitemap/notice/1083933.html
Kyle Monson,City Council Member,city,Wellington,,TRUE,INCUMBENT — not on 2026 ballot,,,,https://www.wellingtonutah.us,,,,,,,,,TRUE,6,https://www.utah.gov/pmn/sitemap/notice/1083933.html
Jim Levanger,Mayor,city,Scofield,,TRUE,INCUMBENT — not on 2026 ballot,,,,https://www.utah.gov/pmn/sitemap/notice/1081687.html,scofield84526@gmail.com,,,,,,,,TRUE,1,"https://www.utah.gov/pmn/files/1435077.docx (Apr 13 2026 roll call: Holloway, Peacock, Levanger, Brinkerhoff, Erkkila, Redford); Nov 2025 election: Levanger mayor, Erkkila and Peacock elected. Full roster. Town email scofield84526@gmail.com per notice."
Meliss Holloway,Town Council Member,city,Scofield,,TRUE,INCUMBENT — not on 2026 ballot,,,,https://www.utah.gov/pmn/sitemap/notice/1081687.html,,,,,,,,,TRUE,2,https://www.utah.gov/pmn/files/1435077.docx
Brad Peacock,Town Council Member,city,Scofield,,TRUE,INCUMBENT — not on 2026 ballot,,,,https://www.utah.gov/pmn/sitemap/notice/1081687.html,,,,,,,,,TRUE,3,https://www.utah.gov/pmn/files/1435077.docx
Ralph Brinkerhoff,Town Council Member,city,Scofield,,TRUE,INCUMBENT — not on 2026 ballot,,,,https://www.utah.gov/pmn/sitemap/notice/1081687.html,,,,,,,,,TRUE,4,https://www.utah.gov/pmn/files/1435077.docx
Kim Erkkila,Town Council Member,city,Scofield,,TRUE,INCUMBENT — not on 2026 ballot,,,,https://www.utah.gov/pmn/sitemap/notice/1081687.html,,,,,,,,,TRUE,5,https://www.utah.gov/pmn/files/1435077.docx
Debbie Redford,Town Council Member,city,Scofield,,TRUE,INCUMBENT — not on 2026 ballot,,,,https://www.utah.gov/pmn/sitemap/notice/1081687.html,,,,,,,,,TRUE,6,https://www.utah.gov/pmn/files/1435077.docx
Leonard Norton,Mayor,city,Huntington,,TRUE,INCUMBENT — not on 2026 ballot,,,,https://huntingtonut.com,,,,,,,,,TRUE,1,"https://www.utah.gov/pmn/files/1477487.pdf (June 2026 minutes) and 1418845.pdf (Mar 18 2026): Mayor Leonard Norton; Beagley, Kay, Miller, D. Wilson, G. Wilson. NOTE: Aug 19 2026 agenda has a council resignation letter (unnamed) and a Sept 16 2026 appointment of a new member (unconfirmed) - one listed member may no longer serve."
Judd Beagley,City Council Member,city,Huntington,,TRUE,INCUMBENT — not on 2026 ballot,,,,https://huntingtonut.com,,,,,,,,,TRUE,2,https://www.utah.gov/pmn/files/1477487.pdf
Tom Kay,City Council Member,city,Huntington,,TRUE,INCUMBENT — not on 2026 ballot,,,,https://huntingtonut.com,,,,,,,,,TRUE,3,https://www.utah.gov/pmn/files/1477487.pdf
Lesa Miller,City Council Member,city,Huntington,,TRUE,INCUMBENT — not on 2026 ballot,,,,https://huntingtonut.com,,,,,,,,,TRUE,4,https://www.utah.gov/pmn/files/1477487.pdf
Devin Wilson,City Council Member,city,Huntington,,TRUE,INCUMBENT — not on 2026 ballot,,,,https://huntingtonut.com,,,,,,,,,TRUE,5,https://www.utah.gov/pmn/files/1477487.pdf
Gloria Wilson,City Council Member,city,Huntington,,TRUE,INCUMBENT — not on 2026 ballot,,,,https://huntingtonut.com,,,,,,,,,TRUE,6,https://www.utah.gov/pmn/files/1477487.pdf
Danny Van Wagoner,Mayor,city,Castle Dale,,TRUE,INCUMBENT — not on 2026 ballot,,,,https://www.utah.gov/pmn/sitemap/notice/1094025.html,,(435) 381-2115,,,,,,,TRUE,1,"Emery County 2025 general election results (emery.utah.gov/wp-content/uploads/2025/11/2025-General-Election.pdf): Danny R Van Wagoner mayor, Mike Jorgensen and Glen Aldon Gerber elected. Other 3 council seats not confirmed - council incomplete. City phone (435) 381-2115 per PMN."
Mike Jorgensen,City Council Member,city,Castle Dale,,TRUE,INCUMBENT — not on 2026 ballot,,,,https://www.utah.gov/pmn/sitemap/notice/1094025.html,,,,,,,,,TRUE,2,https://www.utah.gov/pmn/sitemap/notice/1094025.html
Glen Gerber,City Council Member,city,Castle Dale,,TRUE,INCUMBENT — not on 2026 ballot,,,,https://www.utah.gov/pmn/sitemap/notice/1094025.html,,,,,,,,,TRUE,3,https://www.utah.gov/pmn/sitemap/notice/1094025.html
Larry Packer,Mayor,city,Green River,,TRUE,INCUMBENT — not on 2026 ballot,,,,https://www.utah.gov/pmn/files/1390621.pdf,,,,,,,,,TRUE,1,"https://www.utah.gov/pmn/files/1390621.pdf (Jan 28 2026 special meeting: council unanimously appointed Larry Packer mayor after vacancy; attending Mayor Pro Tem Bo Harrison, Kent Nelson, Guy Webster, Stephanie Crabtree, Tonya Bigelow). Bo Harrison assumed to remain a council member; no later roll call seen."
Bo Harrison,City Council Member,city,Green River,,TRUE,INCUMBENT — not on 2026 ballot,,,,https://www.utah.gov/pmn/files/1390621.pdf,,,,,,,,,TRUE,2,https://www.utah.gov/pmn/files/1390621.pdf; council status assumed
Kent Nelson,City Council Member,city,Green River,,TRUE,INCUMBENT — not on 2026 ballot,,,,https://www.utah.gov/pmn/files/1390621.pdf,,,,,,,,,TRUE,3,https://www.utah.gov/pmn/files/1390621.pdf
Guy Webster,City Council Member,city,Green River,,TRUE,INCUMBENT — not on 2026 ballot,,,,https://www.utah.gov/pmn/files/1390621.pdf,,,,,,,,,TRUE,4,https://www.utah.gov/pmn/files/1390621.pdf
Stephanie Crabtree,City Council Member,city,Green River,,TRUE,INCUMBENT — not on 2026 ballot,,,,https://www.utah.gov/pmn/files/1390621.pdf,,,,,,,,,TRUE,5,https://www.utah.gov/pmn/files/1390621.pdf
Tonya Bigelow,City Council Member,city,Green River,,TRUE,INCUMBENT — not on 2026 ballot,,,,https://www.utah.gov/pmn/files/1390621.pdf,,,,,,,,,TRUE,6,https://www.utah.gov/pmn/files/1390621.pdf
Shawna Horrocks,Mayor,city,Cleveland,,TRUE,INCUMBENT — not on 2026 ballot,,,,https://www.utah.gov/pmn/sitemap/notice/1094155.html,Shawnarocks@etv.net,435-749-9955,,,,,,,TRUE,1,https://www.utah.gov/pmn/sitemap/notice/1094155.html (July 9 2026 agenda listing Mayor and council with published contacts). Full roster.
Kristen Vose,Town Council Member,city,Cleveland,,TRUE,INCUMBENT — not on 2026 ballot,,,,https://www.utah.gov/pmn/sitemap/notice/1094155.html,vose2003@yahoo.com,435-749-2102,,,,,,,TRUE,2,https://www.utah.gov/pmn/sitemap/notice/1094155.html
Whitney Guymon,Town Council Member,city,Cleveland,,TRUE,INCUMBENT — not on 2026 ballot,,,,https://www.utah.gov/pmn/sitemap/notice/1094155.html,whitneyguymon12@yahoo.com,435-609-0716,,,,,,,TRUE,3,https://www.utah.gov/pmn/sitemap/notice/1094155.html
Chance Thompson,Town Council Member,city,Cleveland,,TRUE,INCUMBENT — not on 2026 ballot,,,,https://www.utah.gov/pmn/sitemap/notice/1094155.html,chancethompson880@yahoo.com,435-609-9271,,,,,,,TRUE,4,https://www.utah.gov/pmn/sitemap/notice/1094155.html
Carl Sitterud,Town Council Member,city,Cleveland,,TRUE,INCUMBENT — not on 2026 ballot,,,,https://www.utah.gov/pmn/sitemap/notice/1094155.html,sitterudcarl@gmail.com,435-749-9229,,,,,,,TRUE,5,https://www.utah.gov/pmn/sitemap/notice/1094155.html
Jack Funk,Mayor,city,Emery,,TRUE,INCUMBENT — not on 2026 ballot,,,,https://www.utah.gov/pmn/files/1475597.docx,,,,,,,,,TRUE,1,"https://www.utah.gov/pmn/files/1475597.docx (July 8 2026 minutes: Mayor Jack Funk; Slate Stewart sworn in June 2026 to a vacancy; Kim Hansen) plus Nov 2025 results (Funk mayor; Hansen, Durfey, Christiansen elected). Melissa Durfey, Mistie Christiansen from election/search, no 2026 roll call seen."
Kim Hansen,Town Council Member,city,Emery,,TRUE,INCUMBENT — not on 2026 ballot,,,,https://www.utah.gov/pmn/files/1475597.docx,,,,,,,,,TRUE,2,https://www.utah.gov/pmn/files/1475597.docx
Melissa Durfey,Town Council Member,city,Emery,,TRUE,INCUMBENT — not on 2026 ballot,,,,https://www.utah.gov/pmn/files/1475597.docx,,,,,,,,,TRUE,3,https://www.utah.gov/pmn/files/1475597.docx; via election results/search
Mistie Christiansen,Town Council Member,city,Emery,,TRUE,INCUMBENT — not on 2026 ballot,,,,https://www.utah.gov/pmn/files/1475597.docx,,,,,,,,,TRUE,4,https://www.utah.gov/pmn/files/1475597.docx; via election results/search
Slate Stewart,Town Council Member,city,Emery,,TRUE,INCUMBENT — not on 2026 ballot,,,,https://www.utah.gov/pmn/files/1475597.docx,,,,,,,,,TRUE,5,https://www.utah.gov/pmn/files/1475597.docx
Gary Price,Mayor,city,Clawson,,TRUE,INCUMBENT — not on 2026 ballot,,,,https://www.utah.gov/pmn/sitemap/notice/1071647.html,clawsontownclerk@gmail.com,,,,,,,,TRUE,1,"https://www.utah.gov/pmn/files/1433767.docx (Apr 9 2026 minutes: Mayor Gary Price; Trinidi Price, Casey Jo Reid, Robby Riley) and 1391235.docx (Jan 8 2026: Jamie Nielson, Jerry Price also attended; Mayor and Trinidi Price sworn). Council incomplete - Nielson/J. Price status unclear. Clerk email clawsontownclerk@gmail.com."
Trinidi Price,Town Council Member,city,Clawson,,TRUE,INCUMBENT — not on 2026 ballot,,,,https://www.utah.gov/pmn/sitemap/notice/1071647.html,,,,,,,,,TRUE,2,https://www.utah.gov/pmn/files/1433767.docx
Casey Jo Reid,Town Council Member,city,Clawson,,TRUE,INCUMBENT — not on 2026 ballot,,,,https://www.utah.gov/pmn/sitemap/notice/1071647.html,,,,,,,,,TRUE,3,https://www.utah.gov/pmn/files/1433767.docx
Robby Riley,Town Council Member,city,Clawson,,TRUE,INCUMBENT — not on 2026 ballot,,,,https://www.utah.gov/pmn/sitemap/notice/1071647.html,,,,,,,,,TRUE,4,https://www.utah.gov/pmn/files/1433767.docx
Jazmine Duncan,Mayor,city,Castle Valley,,TRUE,INCUMBENT — not on 2026 ballot,,,,https://www.utah.gov/pmn/sitemap/notice/1082037.html,,,,,,,,,TRUE,1,"https://www.utah.gov/pmn/files/1452599.pdf, 1425259.pdf (2026 minutes: Mayor Duncan; CMs Gibson, Hill, Holland, O'Brien) and Resolution 2025-7 (Duncan, O'Brien, Holland elected, terms 2026-2030). Council incomplete: Gibson and Hill seen by surname only, first names not found, so omitted."
Robert O'Brien,Town Council Member,city,Castle Valley,,TRUE,INCUMBENT — not on 2026 ballot,,,,https://www.utah.gov/pmn/sitemap/notice/1082037.html,,,,,,,,,TRUE,2,https://www.utah.gov/pmn/files/1452599.pdf
Harry Holland,Town Council Member,city,Castle Valley,,TRUE,INCUMBENT — not on 2026 ballot,,,,https://www.utah.gov/pmn/sitemap/notice/1082037.html,,,,,,,,,TRUE,3,https://www.utah.gov/pmn/files/1452599.pdf
Charlie Taylor,City Council Member,city,Blanding,,TRUE,INCUMBENT — not on 2026 ballot,,,,https://www.blanding-ut.gov,,,,,,,,,TRUE,2,"https://www.utah.gov/pmn/sitemap/notice/1106227.html (Aug 11 2026: Mayor Trevor Olsen resigned) and files/1478987.pdf (Aug 25 2026: Mayor 'to be filled in September'; Pro-Tem Charlie Taylor, Ewald, Nielson, Moses, Grover). MAYOR SEAT VACANT as of last notice; city site still said vacant. Appointment after that unconfirmed. Charlie Taylor is Mayor Pro Tem."
Chris Ewald,City Council Member,city,Blanding,,TRUE,INCUMBENT — not on 2026 ballot,,,,https://www.blanding-ut.gov,,,,,,,,,TRUE,3,https://www.utah.gov/pmn/sitemap/notice/1106227.html
Kellen Nielson,City Council Member,city,Blanding,,TRUE,INCUMBENT — not on 2026 ballot,,,,https://www.blanding-ut.gov,,,,,,,,,TRUE,4,https://www.utah.gov/pmn/sitemap/notice/1106227.html
Chad Moses,City Council Member,city,Blanding,,TRUE,INCUMBENT — not on 2026 ballot,,,,https://www.blanding-ut.gov,,,,,,,,,TRUE,5,https://www.utah.gov/pmn/sitemap/notice/1106227.html
Jesse Grover,City Council Member,city,Blanding,,TRUE,INCUMBENT — not on 2026 ballot,,,,https://www.blanding-ut.gov,,,,,,,,,TRUE,6,https://www.utah.gov/pmn/sitemap/notice/1106227.html
Kevin Dunn,Mayor,city,Monticello,,TRUE,INCUMBENT — not on 2026 ballot,,,,https://monticelloutah.org,,,,,,,,,TRUE,1,"https://www.utah.gov/pmn/files/1488237.pdf (Aug 25 2026 minutes attendees: Mayor Kevin Dunn; Crowley, Skinner, Chamberlain, Brewer, Westcott). Monticello, Utah (not FL). Full roster."
Kirk Crowley,City Council Member,city,Monticello,,TRUE,INCUMBENT — not on 2026 ballot,,,,https://monticelloutah.org,,,,,,,,,TRUE,2,https://www.utah.gov/pmn/files/1488237.pdf
Ron Skinner,City Council Member,city,Monticello,,TRUE,INCUMBENT — not on 2026 ballot,,,,https://monticelloutah.org,,,,,,,,,TRUE,3,https://www.utah.gov/pmn/files/1488237.pdf
Nathan Chamberlain,City Council Member,city,Monticello,,TRUE,INCUMBENT — not on 2026 ballot,,,,https://monticelloutah.org,,,,,,,,,TRUE,4,https://www.utah.gov/pmn/files/1488237.pdf
Shane Brewer,City Council Member,city,Monticello,,TRUE,INCUMBENT — not on 2026 ballot,,,,https://monticelloutah.org,,,,,,,,,TRUE,5,https://www.utah.gov/pmn/files/1488237.pdf
Todd Westcott,City Council Member,city,Monticello,,TRUE,INCUMBENT — not on 2026 ballot,,,,https://monticelloutah.org,,,,,,,,,TRUE,6,https://www.utah.gov/pmn/files/1488237.pdf
Josh Ewing,Mayor,city,Bluff,,TRUE,INCUMBENT — not on 2026 ballot,,,,https://townofbluffutah.gov,,,,,,,,,TRUE,1,"https://www.utah.gov/pmn/files/1487697.pdf and 1457581.pdf (2026 agendas: Mayor Josh Ewing; Davila, Haws, Hornsby, Wade). Full roster."
Jennifer Davila,Town Council Member,city,Bluff,,TRUE,INCUMBENT — not on 2026 ballot,,,,https://townofbluffutah.gov,,,,,,,,,TRUE,2,https://www.utah.gov/pmn/files/1487697.pdf
Gary Haws,Town Council Member,city,Bluff,,TRUE,INCUMBENT — not on 2026 ballot,,,,https://townofbluffutah.gov,,,,,,,,,TRUE,3,https://www.utah.gov/pmn/files/1487697.pdf
Britt Hornsby,Town Council Member,city,Bluff,,TRUE,INCUMBENT — not on 2026 ballot,,,,https://townofbluffutah.gov,,,,,,,,,TRUE,4,https://www.utah.gov/pmn/files/1487697.pdf
Spencer Wade,Town Council Member,city,Bluff,,TRUE,INCUMBENT — not on 2026 ballot,,,,https://townofbluffutah.gov,,,,,,,,,TRUE,5,https://www.utah.gov/pmn/files/1487697.pdf
Deborah Herron,Mayor,city,Duchesne,,TRUE,INCUMBENT — not on 2026 ballot,,,,https://duchesnecityut.gov,,,,,,,,,TRUE,1,"https://www.utah.gov/pmn/files/1467493.docx (July 14 2026 minutes: Mayor Deborah Herron; Hamilton, Nielsen, Baker, Ivie present, Herrera absent) and files/1372345.docx (Jan 5 2026 oaths: Herron, Nielsen, Herrera). Full roster."
Mark Nielsen,City Council Member,city,Duchesne,,TRUE,INCUMBENT — not on 2026 ballot,,,,https://duchesnecityut.gov,,,,,,,,,TRUE,2,https://www.utah.gov/pmn/files/1467493.docx
Marty Herrera,City Council Member,city,Duchesne,,TRUE,INCUMBENT — not on 2026 ballot,,,,https://duchesnecityut.gov,,,,,,,,,TRUE,3,https://www.utah.gov/pmn/files/1467493.docx
Bryce Hamilton,City Council Member,city,Duchesne,,TRUE,INCUMBENT — not on 2026 ballot,,,,https://duchesnecityut.gov,,,,,,,,,TRUE,4,https://www.utah.gov/pmn/files/1467493.docx
Jason Baker,City Council Member,city,Duchesne,,TRUE,INCUMBENT — not on 2026 ballot,,,,https://duchesnecityut.gov,,,,,,,,,TRUE,5,https://www.utah.gov/pmn/files/1467493.docx
Cody Ivie,City Council Member,city,Duchesne,,TRUE,INCUMBENT — not on 2026 ballot,,,,https://duchesnecityut.gov,,,,,,,,,TRUE,6,https://www.utah.gov/pmn/files/1467493.docx
Terry Hughes,Mayor,city,Tabiona,,TRUE,INCUMBENT — not on 2026 ballot,,,,https://tabionatownut.gov,,,,,,,,,TRUE,1,"https://www.utah.gov/pmn/files/1428143.docx (2026 minutes: Mayor Terry Hughes; Strebel, Jones, Pippy, Jacob Hughes); Jan 8 2026 oath; Jacob Hughes appointed Feb 10 2026 to a vacancy. Full roster."
Tanna Lee Strebel,Town Council Member,city,Tabiona,,TRUE,INCUMBENT — not on 2026 ballot,,,,https://tabionatownut.gov,,,,,,,,,TRUE,2,https://www.utah.gov/pmn/files/1428143.docx
Dalas Jones,Town Council Member,city,Tabiona,,TRUE,INCUMBENT — not on 2026 ballot,,,,https://tabionatownut.gov,,,,,,,,,TRUE,3,https://www.utah.gov/pmn/files/1428143.docx
Makayla Pippy,Town Council Member,city,Tabiona,,TRUE,INCUMBENT — not on 2026 ballot,,,,https://tabionatownut.gov,,,,,,,,,TRUE,4,https://www.utah.gov/pmn/files/1428143.docx
Jacob Hughes,Town Council Member,city,Tabiona,,TRUE,INCUMBENT — not on 2026 ballot,,,,https://tabionatownut.gov,,,,,,,,,TRUE,5,https://www.utah.gov/pmn/files/1428143.docx
Kathi Knight,Mayor,city,Manila,,TRUE,INCUMBENT — not on 2026 ballot,,,,https://www.manilautah.gov,,435-784-3143,,,,,,,TRUE,1,"https://www.utah.gov/pmn/files/1454379.pdf (July 2 2026 P&Z agenda header: Mayor Kathi Knight; Council Rylander, Northcott, Brown, Mraz). Roster from agenda header/search; 4 council seen; no roll call. Office 435-784-3143."
William Rylander,Town Council Member,city,Manila,,TRUE,INCUMBENT — not on 2026 ballot,,,,https://www.manilautah.gov,,,,,,,,,TRUE,2,https://www.utah.gov/pmn/files/1454379.pdf
Gretchen Northcott,Town Council Member,city,Manila,,TRUE,INCUMBENT — not on 2026 ballot,,,,https://www.manilautah.gov,,,,,,,,,TRUE,3,https://www.utah.gov/pmn/files/1454379.pdf
Deb Brown,Town Council Member,city,Manila,,TRUE,INCUMBENT — not on 2026 ballot,,,,https://www.manilautah.gov,,,,,,,,,TRUE,4,https://www.utah.gov/pmn/files/1454379.pdf
Sara Mraz,Town Council Member,city,Manila,,TRUE,INCUMBENT — not on 2026 ballot,,,,https://www.manilautah.gov,,,,,,,,,TRUE,5,https://www.utah.gov/pmn/files/1454379.pdf
Lester V. Johns,Mayor,city,Dutch John,,TRUE,INCUMBENT — not on 2026 ballot,,,,https://dutchjohn.gov,,,,,,,,,TRUE,1,"https://www.utah.gov/pmn/files/1440987.pdf (June 10 2026 compensation ordinance vote: Mayor Lester V. 'Butch' Johns; Dickerson, Kunkel, McDonald, Albritton). Full roster."
Harriet Dickerson,Town Council Member,city,Dutch John,,TRUE,INCUMBENT — not on 2026 ballot,,,,https://dutchjohn.gov,,,,,,,,,TRUE,2,https://www.utah.gov/pmn/files/1440987.pdf
Sandy Kunkel,Town Council Member,city,Dutch John,,TRUE,INCUMBENT — not on 2026 ballot,,,,https://dutchjohn.gov,,,,,,,,,TRUE,3,https://www.utah.gov/pmn/files/1440987.pdf
Amy McDonald,Town Council Member,city,Dutch John,,TRUE,INCUMBENT — not on 2026 ballot,,,,https://dutchjohn.gov,,,,,,,,,TRUE,4,https://www.utah.gov/pmn/files/1440987.pdf
Rachel Albritton,Town Council Member,city,Dutch John,,TRUE,INCUMBENT — not on 2026 ballot,,,,https://dutchjohn.gov,,,,,,,,,TRUE,5,https://www.utah.gov/pmn/files/1440987.pdf
Junction Mayor & Council,Mayor & Council,city,Junction,,TRUE,INCUMBENT — not on 2026 ballot,,,,https://www.utah.gov/pmn/sitemap/notice/1101405.html,junction.town@yahoo.com,(435) 577-2667,,,,,,,TRUE,1,"Junction (Piute): 2026 notices show Junction Town Council meetings but no mayor/council names found in notices or search. Contact per PMN notice: junction.town@yahoo.com, clerk Teresa Pearson. Roster not confirmed."
Kingston Mayor & Council,Mayor & Council,city,Kingston,,TRUE,INCUMBENT — not on 2026 ballot,,,,https://www.utah.gov/pmn/sitemap/publicbody/4019.html,kaligleave@yahoo.com,435-577-2850,,,,,,,TRUE,1,Kingston (Piute): no roster found; 2025 election canceled for lack of candidates (per search of notices); contact per PMN public body 4019 (Kali Gleave). Roster not confirmed.
Shiloh Syrett,Mayor,city,Bryce Canyon City,,TRUE,INCUMBENT — not on 2026 ballot,,,,https://brycecanyoncityut.gov,shiloh@brycecanyoncityut.gov,435-231-2052,,,,,,,TRUE,1,"https://brycecanyoncityut.gov/government/ (official page; footer copyright 2022 so may be stale, but mayor matches reports). Full roster."
Mike Stevens,Town Council Member,city,Bryce Canyon City,,TRUE,INCUMBENT — not on 2026 ballot,,,,https://brycecanyoncityut.gov,mike@brycecanyoncityut.gov,435-231-5062,,,,,,,TRUE,2,https://brycecanyoncityut.gov/government/
Gary Syrett,Town Council Member,city,Bryce Canyon City,,TRUE,INCUMBENT — not on 2026 ballot,,,,https://brycecanyoncityut.gov,gary@brycecanyoncityut.gov,435-231-2222,,,,,,,TRUE,3,https://brycecanyoncityut.gov/government/
Cherrie Tebbs,Town Council Member,city,Bryce Canyon City,,TRUE,INCUMBENT — not on 2026 ballot,,,,https://brycecanyoncityut.gov,cherrie@brycecanyoncityut.gov,435-616-5258,,,,,,,TRUE,4,https://brycecanyoncityut.gov/government/
Bryce Syrett,Town Council Member,city,Bryce Canyon City,,TRUE,INCUMBENT — not on 2026 ballot,,,,https://brycecanyoncityut.gov,bryce@brycecanyoncityut.gov,435-231-1866,,,,,,,TRUE,5,https://brycecanyoncityut.gov/government/
Kameron Roundy,Town Council Member,city,Bryce Canyon City,,TRUE,INCUMBENT — not on 2026 ballot,,,,https://brycecanyoncityut.gov,kameron@brycecanyoncityut.gov,435-592-1740,,,,,,,TRUE,6,https://brycecanyoncityut.gov/government/
